{
  "hat.wolf": "Cocar de Lobo",
  "fogmachine": "Fogger-3000",
  "strobelight": "Luz estroboscópica",
  "kayak": "Caiaque",
  "rhib": "RHIB",
  "rowboat": "Barco a Remo",
  "minihelicopter.repair": "Reparar Mini Helicóptero",
  "aiming.module.mlrs": "Módulo de Mira LMF",
  "mlrs": "LMF",
  "ammo.rocket.mlrs": "Foguete LMF",
  "scraptransportheli.repair": "Reparar Helicóptero Scrap de Transporte ",
  "snowmobile": "Motoneve",
  "snowmobiletomaha": "Motoneve Tomaha",
  "submarineduo": "Submarino Duo",
  "submarinesolo": "Submarino Solo",
  "workcart": "Carrinho de Trabalho",
  "ammo.grenadelauncher.buckshot": "Munição de Espingarda de 40mm",
  "ammo.grenadelauncher.he": "Granada Explosiva de 40mm",
  "ammo.grenadelauncher.smoke": "Granada de Fumaça de 40mm",
  "arrow.hv": "Flecha de Alta Velocidade",
  "arrow.wooden": "Flecha de Madeira",
  "arrow.bone": "Flecha Óssea",
  "arrow.fire": "Flecha de fogo",
  "ammo.handmade.shell": "Cartucho Artesanal",
  "ammo.nailgun.nails": "Pregos",
  "ammo.pistol": "Bala para pistola",
  "ammo.pistol.fire": "Bala incendiária para pistola",
  "ammo.pistol.hv": "Munição de alta velocidade para pistola",
  "ammo.rifle": "Munição 5.56 de Rifle",
  "ammo.rifle.explosive": "Munição 5.56 Explosiva de Rifle",
  "ammo.rifle.incendiary": "Munição 5.56 Incendiária de Rifle",
  "ammo.rifle.hv": "Munição 5.56 de Alta Velocidade de Rifle",
  "ammo.rocket.basic": "Foguete",
  "ammo.rocket.fire": "Foguete Incendiário",
  "ammo.rocket.hv": "Foguete de Alta Velocidade",
  "ammo.rocket.smoke": "Foguete de Fumaça",
  "ammo.shotgun": "Munição Calibre 12",
  "ammo.shotgun.fire": "Munição Incendiária Calibre 12",
  "ammo.shotgun.slug": "Balote Único Calibre 12",
  "speargun.spear": "Lança para Arpão",
  "submarine.torpedo.straight": "Torpedo",
  "door.double.hinged.metal": "Porta Dupla de Chapa de Metal",
  "door.double.hinged.toptier": "Porta Dupla Blindada",
  "door.double.hinged.wood": "Porta Dupla de Madeira",
  "door.hinged.metal": "Porta de Chapa de Metal",
  "door.hinged.toptier": "Porta Blindada",
  "door.hinged.wood": "Porta de Madeira",
  "floor.grill": "Grade de Piso",
  "floor.ladder.hatch": "Escotilha de Escada",
  "floor.triangle.grill": "Grade de Piso Triangular",
  "floor.triangle.ladder.hatch": "Escotilha de Escada Triangular",
  "gates.external.high.stone": "Portão Alto de Pedra",
  "gates.external.high.wood": "Portão Alto de Madeira",
  "ladder.wooden.wall": "Escada de Madeira",
  "wall.external.high.stone": "Muro Alto de Pedra",
  "wall.external.high": "Muro Alto de Madeira",
  "wall.frame.cell.gate": "Portão de Cela de Prisão",
  "wall.frame.cell": "Grades de Cela de Prisão",
  "wall.frame.fence.gate": "Portão de Vedação de Arame",
  "wall.frame.fence": "Cerca de Arame",
  "wall.frame.garagedoor": "Porta de Garagem ",
  "wall.frame.netting": "Rede",
  "wall.frame.shopfront": "Vitrine",
  "wall.frame.shopfront.metal": "Vitrine de Metal",
  "wall.window.bars.metal": "Grade de Metal para Janela",
  "wall.window.bars.toptier": "Janela de Vidro Reforçado",
  "wall.window.bars.wood": "Grade de Madeira para Janela",
  "shutter.metal.embrasure.a": "Embrasura horizontal de Metal",
  "shutter.metal.embrasure.b": "Embrasura Vertical de Metal",
  "wall.window.glass.reinforced": "Janela de Vidro Reforçado",
  "shutter.wood.a": "Persiana de Madeira",
  "watchtower.wood": "Torre de Vigilância",
  "diving.fins": "Pés de Pato",
  "diving.mask": "Máscara de Mergulho",
  "diving.tank": "Cilindro de Ar Comprimido",
  "diving.wetsuit": "Roupa de Mergulho",
  "boots.frog": "Botas de Sapo",
  "barrelcostume": "Disfarce de Barril",
  "cratecostume": "Disfarce de Caixa",
  "hat.gas.mask": "Máscara de Gás",
  "burlap.gloves.new": "Luvas de Pano",
  "burlap.gloves": "Luvas de Couro",
  "roadsign.gloves": "Luvas de Placas de Transito",
  "tactical.gloves": "Luvas Táticas",
  "ghostsheet": "Fantasia de Fantasma",
  "halloween.mummysuit": "Fantasia de Múmia",
  "scarecrow.suit": "Fantasia de Espantalho",
  "scarecrowhead": "Capacete de Espantalho",
  "attire.hide.helterneck": "Top de Couro",
  "hat.beenie": "Touca",
  "hat.boonie": "Chapéu Militar",
  "bucket.helmet": "Capacete de Balde",
  "burlap.headwrap": "Balaclava de Pano",
  "hat.candle": "Chapéu de Vela",
  "hat.cap": "Boné de Beisebol",
  "clatter.helmet": "Capacete do Clatter",
  "coffeecan.helmet": "Capacete de Lata de Café",
  "deer.skull.mask": "Capacete de Ossos",
  "heavy.plate.helmet": "Capacete Blindado",
  "hat.miner": "Chapéu de Minerador",
  "partyhat": "Chapéu de festa",
  "riot.helmet": "Capacete de Manifestação",
  "wood.armor.helmet": "Capacete de Madeira",
  "hoodie": "Blusão",
  "bone.armor.suit": "Armadura de Ossos",
  "heavy.plate.jacket": "Colete Blindado",
  "jacket.snow": "Casaco de Neve",
  "jacket": "Jaqueta",
  "wood.armor.jacket": "Peitoral de Madeira",
  "lumberjack hoodie": "Moletom de Lenhador ",
  "mask.balaclava": "Balaclava Improvisada",
  "mask.bandana": "Bandana",
  "metal.facemask": "Máscara de Metal",
  "nightvisiongoggles": "Óculos de Visão Noturna",
  "attire.ninja.suit": "Traje Ninja",
  "burlap.trousers": "Calça de Pano",
  "heavy.plate.pants": "Calça Blindada",
  "attire.hide.pants": "Calça de Couro",
  "roadsign.kilt": "Saia de placas de trânsito",
  "pants.shorts": "Bermuda",
  "wood.armor.pants": "Calça de Madeira",
  "pants": "Calça",
  "attire.hide.poncho": "Poncho de Couro",
  "burlap.shirt": "Camisa de Pano",
  "shirt.collared": "Camisa",
  "attire.hide.vest": "Colete de Pele Animal",
  "shirt.tanktop": "Regata",
  "shoes.boots": "Botas",
  "burlap.shoes": "Calçados de Pano",
  "attire.hide.boots": "Botas de Couro",
  "attire.hide.skirt": "Saia de Couro",
  "attire.banditguard": "Traje de Guarda Bandido",
  "hazmatsuit.arcticsuit": "Traje Ártico",
  "hazmatsuit": "Traje de radiação",
  "hazmatsuit.nomadsuit": "Traje Nômade",
  "hazmatsuit_scientist": "Traje de Cientista",
  "hazmatsuit_scientist_arctic": "Traje Artico de Cientista",
  "hazmatsuit_scientist_peacekeeper": "Traje de Cientista",
  "hazmatsuit.spacesuit": "Roupa Espacial",
  "scientistsuit_heavy": "Forte Traje de Cientista",
  "jumpsuit.suit.blue": "Macacão Azul",
  "jumpsuit.suit": "Macacão",
  "tshirt.long": "Camiseta Manga Longa",
  "tshirt": "Camiseta",
  "metal.plate.torso": "Colete de Metal",
  "roadsign.jacket": "Jaqueta de Placas de Trânsito",
  "bleach": "Alvejante",
  "ducttape": "Fita Adesiva",
  "carburetor1": "Carburador de Baixa Qualidade",
  "carburetor2": "Carburador de Média Qualidade",
  "carburetor3": "Carburador de Alta Qualidade",
  "crankshaft1": "Virabrequim de Baixa Qualidade",
  "crankshaft2": "Virabrequim de Média Qualidade",
  "crankshaft3": "Virabrequim de Alta Qualidade",
  "piston1": "Pistões de Baixa Qualidade",
  "piston2": "Pistões de Média Qualidade",
  "piston3": "Pistões de Alta Qualidade",
  "sparkplug1": "Velas de Ignição de Baixa Qualidade",
  "sparkplug2": "Velas de Ignição de Média Qualidade",
  "sparkplug3": "Velas de Ignição de Alta Qualidade",
  "valve1": "Válvulas de Baixa Qualidade",
  "valve2": "Válvulas de Média Qualidade",
  "valve3": "Válvulas de Alta Qualidade",
  "fuse": "Fusível Elétrico",
  "gears": "Engrenagens",
  "glue": "Cola",
  "metalblade": "Lâmina de Metal",
  "metalpipe": "Tubo de Metal",
  "propanetank": "Tanque de Propano Vazio",
  "roadsigns": "Placas de Trânsito",
  "rope": "Corda",
  "sewingkit": "Kit de Costura",
  "sheetmetal": "Chapa de Metal",
  "metalspring": "Mola de Metal",
  "sticks": "Gravetos",
  "tarp": "Lona",
  "techparts": "Lixo Tecnológico",
  "riflebody": "Corpo de Rifle",
  "semibody": "Corpo de Semiautomática",
  "smgbody": "Corpo de SMG",
  "barricade.concrete": "Barricada de Concreto",
  "barricade.wood.cover": "Barricada de Madeira",
  "barricade.metal": "Barricada de Metal",
  "barricade.sandbags": "Barricada de Sacos de Areia",
  "barricade.stone": "Barricada de Pedra",
  "barricade.wood": "Barricada de Madeira",
  "barricade.woodwire": "Barricada de Madeira com Arame",
  "bbq": "Churrasqueira",
  "trap.bear": "Armadilha",
  "bed": "Cama",
  "campfire": "Fogueira",
  "cardtable": "Mesa de Cartas",
  "ceilinglight": "Luz de Teto",
  "chair": "Cadeira",
  "composter": "Compostor",
  "computerstation": "Estação de Computador",
  "drone": "Drone",
  "dropbox": "Armazém",
  "elevator": "Elevador",
  "fireplace.stone": "Lareira de Pedra",
  "firework.boomer.blue": "Fogos de Artifício Azul",
  "firework.boomer.champagne": "Estilo Champanhe",
  "firework.boomer.green": "Fogos de Artifício Verde",
  "firework.boomer.orange": "Fogos de Artifício Laranja",
  "firework.boomer.pattern": "Artificio Editável",
  "firework.boomer.red": "Fogos de Artifício Vermelho",
  "firework.boomer.violet": "Fogos de Artifício Violeta",
  "firework.romancandle.blue": "Vela Romana Azul",
  "firework.romancandle.green": "Vela Romana Verde",
  "firework.romancandle.red": "Vela Romana Vermelha",
  "firework.romancandle.violet": "Vela Romana Violeta",
  "firework.volcano": "Vulcão de Fogo Branco",
  "firework.volcano.red": "Vulcão de Fogo Vermelho",
  "firework.volcano.violet": "Vulcão de Fogo Violeta",
  "spikes.floor": "Piso de Espinhos",
  "frankensteintable": "Mesa do Frankenstein",
  "fridge": "Geladeira",
  "furnace.large": "Fornalha Grande",
  "furnace": "Fornalha",
  "hitchtroughcombo": "Alimentador de Cavalo",
  "habrepair": "Reparar Hab",
  "jackolantern.angry": "Abóbora de Halloween Brava",
  "jackolantern.happy": "Abóbora de Halloween Feliz",
  "trap.landmine": "Mina Terrestre",
  "lantern": "Lampião",
  "box.wooden.large": "Baú Grande de Madeira",
  "water.barrel": "Barril de Água",
  "locker": "Armário",
  "mailbox": "Caixa Postal",
  "mixingtable": "Mesa de Mistura",
  "modularcarlift": "Elevador de Veículo",
  "mining.pumpjack": "Bomba de vareta de sucção",
  "small.oil.refinery": "Refinaria de Petróleo Pequena",
  "planter.large": "Canteiro de Plantas Grande",
  "planter.small": "Canteiro de Plantas Pequeno",
  "electric.audioalarm": "Alarme Sonoro",
  "smart.alarm": "Alarme Inteligente",
  "smart.switch": "Interruptor Inteligente",
  "storage.monitor": "Monitor de Armazenamento",
  "electric.battery.rechargable.large": "Bateria Grande Recarregável",
  "electric.battery.rechargable.medium": "Bateria Recarregável Média ",
  "electric.battery.rechargable.small": "Bateria Recarregável Pequena",
  "electric.button": "Botão",
  "electric.counter": "Contador",
  "electric.hbhfsensor": "Sensor HBHF",
  "electric.laserdetector": "Detector a Laser",
  "electric.pressurepad": "Almofada de pressão",
  "electric.doorcontroller": "Controlador de Porta",
  "electric.heater": "Aquecedor Elétrico",
  "fluid.combiner": "Combinador de Fluidos",
  "fluid.splitter": "Divisor de Fluídos",
  "fluid.switch": "Interruptor de Fluido & Bomba",
  "electric.andswitch": "Porta Lógica \"E\"",
  "electric.blocker": "Bloqueador",
  "electrical.branch": "Ramificador Elétrico",
  "electrical.combiner": "Combinador Raiz",
  "electrical.memorycell": "Célula de Memória",
  "electric.orswitch": "Porta Lógica \"OU\"",
  "electric.random.switch": "Interruptor \"Aleatório\"",
  "electric.rf.broadcaster": "Transmissor de Radiofrequência",
  "electric.rf.receiver": "Receptor de Radiofrequência",
  "electric.xorswitch": "Porta Lógica \"OU Exclusivo\"",
  "electric.fuelgenerator.small": "Gerador pequeno",
  "electric.generator.small": "Gerador de Teste",
  "electric.solarpanel.large": "Painel Solar Grande",
  "electric.igniter": "Ignitor",
  "electric.flasherlight": "Luz Strobo",
  "electric.simplelight": "Luz simples",
  "electric.sirenlight": "Giroflex",
  "powered.water.purifier": "Purificador D'água Elétrico",
  "electric.switch": "Interruptor",
  "electric.splitter": "Separador",
  "electric.sprinkler": "Aspersor",
  "electric.teslacoil": "Bobina de Tesla",
  "electric.timer": "Temporizador",
  "electric.cabletunnel": "Túnel de Cabo",
  "waterpump": "Bomba d'água",
  "mining.quarry": "Mineradora",
  "target.reactive": "Alvo Reativo",
  "box.repair.bench": "Bancada de Reparo",
  "research.table": "Mesa de Pesquisa",
  "rug.bear": "Tapete de Pele de Urso",
  "rug": "Tapete",
  "searchlight": "Holofote",
  "secretlabchair": "Cadeira SecretLab",
  "shelves": "Prateleiras Recondicionadas",
  "sign.hanging.banner.large": "Banner Grande Pendurável",
  "sign.hanging": "Placa Frente e Verso Pendurável",
  "sign.hanging.ornate": "Placa Frente e Verso Ornamental Pendurável",
  "sign.pictureframe.landscape": "Moldura Panorâmica",
  "sign.pictureframe.portrait": "Moldura de Retrato",
  "sign.pictureframe.tall": "Moldura Alta",
  "sign.pictureframe.xl": "Moldura XL",
  "sign.pictureframe.xxl": "Moldura XXL",
  "sign.pole.banner.large": "Banner Grande",
  "sign.post.double": "Poste de Sinalização Dupla",
  "sign.post.single": "Poste de Sinalização Simples",
  "sign.post.town": "Placa de Cidade Unilateral",
  "sign.post.town.roof": "Placa de Cidade com Dois Lados",
  "sign.wooden.huge": "Placa de Madeira Enorme",
  "sign.wooden.large": "Placa de Madeira Grande",
  "sign.wooden.medium": "Placa de Madeira Média",
  "sign.wooden.small": "Placa de Madeira Pequena",
  "guntrap": "Armadilha de espingarda",
  "sleepingbag": "Saco de dormir",
  "stash.small": "Pequena Mochila",
  "sofa": "Sofá",
  "sofa.pattern": "Sofá - Estampado",
  "spinner.wheel": "Roda de Fiar",
  "fishtrap.small": "Armadilha para Peixes",
  "table": "Mesa",
  "workbench1": "Mesa de Trabalho Nível 1",
  "workbench2": "Mesa de Trabalho Nível 2",
  "workbench3": "Mesa de Trabalho Nível 3",
  "cupboard.tool": "Armário de Ferramenta",
  "tunalight": "Lâmpada de Lata de Atum",
  "vending.machine": "Máquina de Venda",
  "water.catcher.large": "Coletor Grande de Água",
  "water.catcher.small": "Coletor de Água Pequeno",
  "water.purifier": "Purificador de Água",
  "generator.wind.scrap": "Turbina Eólica",
  "box.wooden": "Caixa Pequena de Madeira",
  "apple": "Maçã",
  "apple.spoiled": "Maçã Podre",
  "black.raspberries": "Framboesas pretas",
  "blueberries": "Mirtilos",
  "botabag": "Cantil de Couro",
  "grub": "Larva",
  "worm": "Minhoca",
  "cactusflesh": "Pedaço de Cactos",
  "can.beans": "Lata de Feijões",
  "can.tuna": "Lata de atum",
  "chocholate": "Barra de Chocolate",
  "fish.anchovy": "Anchova",
  "fish.catfish": "Peixe-gato",
  "fish.cooked": "Peixe Assado",
  "fish.raw": "Peixe Cru",
  "fish.herring": "Arenque",
  "fish.minnows": "Peixinhos",
  "fish.orangeroughy": "Peixe Relógio",
  "fish.salmon": "Salmão",
  "fish.sardine": "Sardinha",
  "fish.smallshark": "Tubarão Pequeno",
  "fish.troutsmall": "Truta Pequena",
  "fish.yellowperch": "Perca Amarela",
  "granolabar": "Barra de granola",
  "chicken.burned": "Frango queimado",
  "chicken.cooked": "Frango Assado",
  "chicken.raw": "Peito de galinha cru",
  "chicken.spoiled": "Carne de galinha estragada",
  "deermeat.burned": "Carne de Cervo Queimada",
  "deermeat.cooked": "Carne de Cervo Assada",
  "deermeat.raw": "Carne de cervo crua",
  "horsemeat.burned": "Carne de Cavalo Queimada",
  "horsemeat.cooked": "Carne de Cavalo Assada",
  "horsemeat.raw": "Carne de Cavalo Crua",
  "humanmeat.burned": "Carne de Humano Queimada",
  "humanmeat.cooked": "Carne Humana Assada",
  "humanmeat.raw": "Carne Humana Crua",
  "humanmeat.spoiled": "Carne humana estragada",
  "bearmeat.burned": "Carne de Urso Queimada",
  "bearmeat.cooked": "Carne de Urso Assada",
  "bearmeat": "Carne de urso crua",
  "wolfmeat.burned": "Carne de Lobo Queimada",
  "wolfmeat.cooked": "Carne de Lobo Assada",
  "wolfmeat.raw": "Carne de Lobo Crua",
  "wolfmeat.spoiled": "Carne de Lobo Estragada",
  "meat.pork.burned": "Carne de Porco Queimada",
  "meat.pork.cooked": "Carne de Porco Assada",
  "meat.boar": "Carne de Porco Crua",
  "mushroom": "Cogumelo",
  "jar.pickle": "Picles",
  "smallwaterbottle": "Garrafa d'água pequena",
  "waterjug": "Galão de Água",
  "fun.bass": "Guitarra de Pá",
  "fun.cowbell": "Sino de Vaca",
  "drumkit": "Kit de Tambor do Ferro Velho",
  "fun.flute": "Flauta de Pã",
  "fun.guitar": "Violão",
  "fun.jerrycanguitar": "Guitarra de Lata",
  "piano": "Piano de Carrinho de Mão",
  "fun.tambourine": "Pandeiro",
  "fun.trumpet": "Trombeta do Encanador",
  "fun.tuba": "Tuba",
  "xylophone": "Xilossofone",
  "car.key": "Chave do Carro",
  "door.key": "Chave da Porta",
  "lock.key": "Fechadura",
  "lock.code": "Fechadura eletrônica",
  "blueprintbase": "Desenho Técnico",
  "chineselantern": "Lanterna Xing-Ling",
  "dragondoorknocker": "Aldrava de Porta de Dragão",
  "hat.dragonmask": "Máscara de Dragão",
  "newyeargong": "Gong de Ano Novo",
  "hat.oxmask": "Máscara de Boi",
  "hat.ratmask": "Máscara de Rato",
  "skylantern": "Balão de São João",
  "skylantern.skylantern.green": "Balão Junino - Verde",
  "skylantern.skylantern.orange": "Balão Junino - Laranja",
  "skylantern.skylantern.purple": "Balão Junino - Roxo",
  "skylantern.skylantern.red": "Balão Junino - Vermelho",
  "lunar.firecrackers": "Bombinhas",
  "hat.tigermask": "Máscara de Tigre",
  "arcade.machine.chippy": "Jogo de Fliperama Chippy",
  "door.closer": "Fecho de Porta",
  "attire.bunnyears": "Orelhas de Coelho",
  "attire.bunny.onesie": "Macacão de coelhinho",
  "hat.bunnyhat": "Chapéu de Coelho",
  "easterdoorwreath": "Porta de Páscoa",
  "easterbasket": "Cesta de Ovos",
  "rustige_egg_a": "Jogando muito rust? Ovo - Vermelho",
  "rustige_egg_b": "Jogando muito rust? Ovo - Azul",
  "rustige_egg_c": "Jogando muito Rust? Ovo - Roxo",
  "rustige_egg_d": "Jogando muito rust? Ovo - Marfim",
  "rustige_egg_e": "Ovo Especial Verde",
  "attire.nesthat": "Chapéu de Ninho",
  "easter.bronzeegg": "Ovo de Bronze",
  "easter.goldegg": "Ovo de Ouro",
  "easter.paintedeggs": "Ovo Pintado",
  "easter.silveregg": "Ovo de Prata",
  "halloween.candy": "Doce do Dias das Bruxas",
  "largecandles": "Conjunto de velas grandes",
  "smallcandles": "Conjunto de velas pequenas",
  "carvable.pumpkin": "Abóbora Esculpida",
  "coffin.storage": "Caixão",
  "cursedcauldron": "Caldeirão Amaldiçoado",
  "gravestone": "Lápide",
  "woodcross": "Cruz de Madeira",
  "frankensteins.monster.01.head": "Cabeça Leve Frankenstein",
  "frankensteins.monster.01.legs": "Pernas Leve Frankenstein",
  "frankensteins.monster.01.torso": "Tronco Leve Frankenstein",
  "frankensteins.monster.02.head": "Cabeça Média Frankenstein",
  "frankensteins.monster.02.legs": "Pernas Média Frankenstein",
  "frankensteins.monster.02.torso": "Tronco Médio Frankenstein",
  "frankensteins.monster.03.head": "Cabeça Pesada Frankenstein",
  "frankensteins.monster.03.legs": "Pernas Pesadas Frankenstein",
  "frankensteins.monster.03.torso": "Tronco Pesado Frankenstein",
  "wall.graveyard.fence": "Cerca de cemitério",
  "halloween.lootbag.large": "Saco de Recompensa Grande",
  "halloween.lootbag.medium": "Saco de Recompensa Médio",
  "halloween.lootbag.small": "Saco de itens pequeno",
  "pumpkinbasket": "Balde de Abóbora",
  "scarecrow": "Espantalho",
  "skullspikes.candles": "Espinho de Crânio",
  "skullspikes.pumpkin": "Espinho de Crânio",
  "skullspikes": "Espinho de Crânio",
  "skulldoorknocker": "Aldrava de Porta de Caveira",
  "skull_fire_pit": "Fogueira de Crânios",
  "spiderweb": "Teias de aranha",
  "spookyspeaker": "Alto-falante Assustador",
  "halloween.surgeonsuit": "Fantasia de Cirurgião",
  "skull.trophy.jar": "Troféu de Crânio",
  "skull.trophy.jar2": "Troféu de Crânio",
  "skull.trophy.table": "Troféu de Crânio",
  "skull.trophy": "Troféu de Crânio",
  "movembermoustachecard": "Cartão Novembro Azul",
  "movembermoustache": "Bigode Novembro Azul",
  "note": "Anotação",
  "factorydoor": "Porta de Fábrica",
  "industrial.wall.light.green": "Luz Verde de Parede Industrial",
  "industrial.wall.light": "Luz de Parede Industrial",
  "industrial.wall.light.red": "Luz Vermelha de Parede Industrial",
  "skull.human": "Crânio Humano",
  "abovegroundpool": "Piscina Grande",
  "beachchair": "Cadeira de Praia",
  "beachparasol": "Guarda-sol",
  "beachtable": "Mesa de Praia",
  "beachtowel": "Toalha de Praia",
  "boogieboard": "Prancha",
  "innertube": "Boia Inflável",
  "innertube.horse": "Boia Inflável",
  "innertube.unicorn": "Boia Inflável",
  "tool.instant_camera": "Câmera Fotográfica",
  "paddlingpool": "Piscina Infantil",
  "photo": "Fotografia",
  "photoframe.landscape": "Moldura de Fotos em Paisagem",
  "photoframe.large": "Moldura de Fotos Grande",
  "photoframe.portrait": "Moldura de Foto Retrato",
  "sunglasses02black": "Óculos de Sol",
  "sunglasses02camo": "Óculos de Sol",
  "sunglasses02red": "Óculos de Sol",
  "sunglasses03black": "Óculos de Sol",
  "sunglasses03chrome": "Óculos de Sol",
  "sunglasses03gold": "Óculos de Sol",
  "sunglasses": "Óculos de Sol",
  "gun.water": "Arma de Água",
  "pistol.water": "Pistola de Água",
  "twitchsunglasses": "Óculos de Sol Roxo",
  "twitch.headset": "Headset",
  "hobobarrel": "Barril dos Sem-Teto",
  "door.hinged.industrial.a": "Porta Industrial",
  "xmas.advent": "Calendário Natalino",
  "candycaneclub": "Bastão de Doces",
  "xmas.lightstring": "Luzes de Natal",
  "xmas.door.garland": "Guirlanda Festiva de Porta",
  "xmas.double.door.garland": "Enfeite Festivo de Porta Dupla",
  "candycane": "Bengala Doce",
  "giantcandycanedecor": "Doce Decorativo Gigante",
  "wall.ice.wall": "Muro Baixo de Gelo",
  "wall.external.high.ice": "Muro Alto de Gelo",
  "giantlollipops": "Pirulito Decorativo Gigante",
  "sign.neon.125x125": "Letreiro Pequeno de Neon",
  "sign.neon.125x215.animated": "Letreiro Médio Animado de Neon ",
  "sign.neon.125x215": "Letreiro Médio de Neon",
  "sign.neon.xl.animated": "Letreiro Grande Animado de Neon ",
  "sign.neon.xl": "Letreiro Grande de Neon",
  "pookie.bear": "Ursinho Carinhoso",
  "xmas.lightstring.advanced": "Luzes de Natal Deluxe",
  "coal": "Carvão :(",
  "xmas.present.large": "Um Grande Presente",
  "xmas.present.medium": "Presente Médio",
  "xmas.present.small": "Um Pequeno Presente",
  "sled.xmas": "Trenó",
  "sled": "Trenó",
  "snowmachine": "Máquina de Neve",
  "snowball": "Bola de Neve",
  "snowballgun": "Lançador de Bolas de Neve",
  "snowman": "Boneco de Neve",
  "stocking.large": "Meia de Natal",
  "stocking.small": "Meia Pequena",
  "attire.reindeer.headband": "Chifre de Rena",
  "santabeard": "Barba do Papai Noel",
  "santahat": "Chapéu de Papai Noel",
  "attire.snowman.helmet": "Capacete de Boneco de Neve",
  "xmas.window.garland": "Guirlanda Festiva de Janela",
  "wrappedgift": "Presente Embrulhado",
  "wrappingpaper": "Papel de Presente",
  "xmasdoorwreath": "Grinalda da Porta de Natal",
  "xmas.decoration.baubels": "Bugigangas Decorativas",
  "xmas.decoration.candycanes": "Bastões de Doces de Plástico Decorativo",
  "xmas.decoration.gingerbreadmen": "Homem de gengibre decorativo",
  "xmas.decoration.lights": "Luzes da árvore",
  "xmas.decoration.pinecone": "Pinhas Decorativas",
  "xmas.decoration.star": "Estrela do Topo da Árvore",
  "xmas.decoration.tinsel": "Ouropel Decorativo",
  "xmas.tree": "Árvore de Natal",
  "captainslog": "Diários do Capitão\n",
  "fishing.tackle": "Equipamento de Pesca",
  "bottle.vodka": "Garrafa de Vodka ",
  "autoturret": "Sentinela Automática",
  "flameturret": "Sentinela Lança Chamas",
  "gloweyes": "Olhos Brilhantes",
  "ammo.rocket.sam": "Munição Antiaérea",
  "samsite": "Local de sistema antiaéreo",
  "black.berry": "Amora Preta",
  "clone.black.berry": "Clone de Amora Preta",
  "seed.black.berry": "Semente de Amora Preta",
  "blue.berry": "Amora Azul",
  "clone.blue.berry": "Muda de Amora Azul",
  "seed.blue.berry": "Semente de Amora Azul",
  "green.berry": "Amora Verde",
  "clone.green.berry": "Muda de Amora Verde",
  "seed.green.berry": "Semente de Amora Verde",
  "red.berry": "Amora Vermelha",
  "clone.red.berry": "Muda de Amora Vermelha",
  "seed.red.berry": "Semente de Amora Vermelha",
  "white.berry": "Amora Branca",
  "clone.white.berry": "Muda de Amora Branca",
  "seed.white.berry": "Semente de Amora Branca",
  "yellow.berry": "Amora Amarela",
  "clone.yellow.berry": "Muda de Amora Amarela",
  "seed.yellow.berry": "Semente de Amora Amarela",
  "corn": "Milho",
  "clone.corn": "Clone de Milho",
  "seed.corn": "Semente de Milho",
  "clone.hemp": "Clone da Erva",
  "seed.hemp": "Semente de Erva",
  "potato": "Batata",
  "clone.potato": "Clone de Batata",
  "seed.potato": "Semente de Batata",
  "pumpkin": "Abóbora",
  "clone.pumpkin": "Clone de Planta de Abóbora",
  "seed.pumpkin": "Semente de Abóbora",
  "fat.animal": "Gordura Animal",
  "battery.small": "Pilha - Pequena",
  "blood": "Sangue",
  "bone.fragments": "Fragmentos de Ossos",
  "cctv.camera": "Câmera CCTV",
  "charcoal": "Carvão Vegetal",
  "cloth": "Pano",
  "crude.oil": "Petróleo Bruto",
  "diesel_barrel": "Combustível Diesel",
  "can.beans.empty": "Lata de Feijões Vazia",
  "can.tuna.empty": "Lata de Atum Vazia",
  "explosives": "Explosivos",
  "fertilizer": "Fertilizante",
  "gunpowder": "Pólvora",
  "horsedung": "Estrume de Cavalo",
  "hq.metal.ore": "Minério de Metal de Alta Qualidade",
  "metal.refined": "Metal de Alta Qualidade",
  "leather": "Couro",
  "lowgradefuel": "Combustível de Baixa Qualidade",
  "metal.fragments": "Fragmentos de Metal",
  "metal.ore": "Minério de Metal",
  "paper": "Papel",
  "plantfiber": "Fibras de Plantas",
  "researchpaper": "Papel de Pesquisa",
  "water.salt": "Água Salgada",
  "scrap": "Sucata",
  "stones": "Pedras",
  "sulfur.ore": "Minério de Enxofre",
  "sulfur": "Enxofre",
  "targeting.computer": "Computador de Alvo",
  "water": "Água",
  "skull.wolf": "Crânio de Lobo",
  "wood": "Madeira",
  "healingtea.advanced": "Chá de Cura Avançado",
  "healingtea": "Chá de Cura Básico",
  "healingtea.pure": "Chá de Cura Puro",
  "maxhealthtea.advanced": "Chá de Vida Máx Avançado",
  "maxhealthtea": "Chá de Vida Máx Básico",
  "maxhealthtea.pure": "Chá de Vida Máx Puro",
  "oretea.advanced": "Chá de Minério Avançado",
  "oretea": "Chá de Minério Básico",
  "oretea.pure": "Chá de Minério Puro",
  "radiationremovetea.advanced": "Rad. Chá de Remoção Avançado",
  "radiationremovetea": "Rad. Chá de Remoção",
  "radiationremovetea.pure": "Rad. Chá de Remoção Puro",
  "radiationresisttea.advanced": "Chá Anti-Rad Avançado",
  "radiationresisttea": "Chá Anti-Rad",
  "radiationresisttea.pure": "Chá Anti-Rad Puro",
  "scraptea.advanced": "Chá de Sucata Avançado",
  "scraptea": "Chá de Sucata Básico",
  "scraptea.pure": "Chá de Sucata Puro",
  "woodtea.advanced": "Chá de Madeira Avançado",
  "woodtea": "Chá de Madeira Básico",
  "woodtea.pure": "Chá de Madeira Puro",
  "antiradpills": "Pílulas Anti-Radiação",
  "tool.binoculars": "Binóculos",
  "explosive.timed": "Carga Explosiva com Temporizador",
  "tool.camera": "Câmera",
  "rf.detonator": "Transmissor de Radiofrequência",
  "fishingrod.handmade": "Vara de Pesca Artesanal",
  "flare": "Sinalizador",
  "flashlight.held": "Lanterna",
  "geiger.counter": "Contador Geiger",
  "hosetool": "Mangueira",
  "jackhammer": "Britadeira",
  "keycard_blue": "Cartão de Acesso Azul",
  "keycard_green": "Cartão de Acesso Verde",
  "keycard_red": "Cartão de Acesso Vermelho",
  "largemedkit": "Estojo Médico",
  "map": "Mapa de Papel",
  "syringe.medical": "Seringa Médica",
  "rf_pager": "Monitor de Radiofrequência",
  "building.planner": "Planta de Construção",
  "grenade.smoke": "Granada de Fumaça",
  "spraycan": "Lata de Spray",
  "supply.signal": "Sinalizador de Suprimentos",
  "surveycharge": "Explosivo de Pesquisa",
  "wiretool": "Ferramenta de fio",
  "vehicle.chassis.2mod": "Chassi Pequeno",
  "vehicle.chassis.3mod": "Chassi Médio",
  "vehicle.chassis.4mod": "Chassi Grande",
  "vehicle.chassis": "Chassi de veículo genérico",
  "vehicle.1mod.cockpit": "Módulo de Cabine do Piloto",
  "vehicle.1mod.cockpit.armored": "Módulo de Cabine Blindada",
  "vehicle.1mod.cockpit.with.engine": "Módulo com Cabine e Motor",
  "vehicle.1mod.engine": "Módulo de Motor",
  "vehicle.1mod.flatbed": "Módulo de Plataforma",
  "vehicle.1mod.passengers.armored": "Módulo de Passageiro Blindado",
  "vehicle.1mod.rear.seats": "Módulo de Assento Traseiro",
  "vehicle.1mod.storage": "Módulo de Armazenamento",
  "vehicle.1mod.taxi": "Módulo de Taxi",
  "vehicle.2mod.camper": "Módulo de Campista",
  "vehicle.2mod.flatbed": "Módulo de Plataforma Grande",
  "vehicle.2mod.fuel.tank": "Módulo de Tanque de Combustível",
  "vehicle.2mod.passengers": "Módulo de Passageiro",
  "vehicle.module": "Módulo de veículo genérico",
  "boombox": "Caixa de Som",
  "fun.boomboxportable": "Caixa de Som Portátil ",
  "cassette": "Cassete - Longa",
  "cassette.medium": "Cassete - Media",
  "cassette.short": "Cassete - Pequena",
  "fun.casetterecorder": "Gravador de Fitas Cassetes",
  "discoball": "Bola de Discoteca",
  "discofloor": "Chão de Discoteca",
  "discofloor.largetiles": "Chão de Discoteca",
  "connected.speaker": "Alto-falante Conectado",
  "laserlight": "Luz a Laser",
  "megaphone": "Megafone ",
  "microphonestand": "Suporte de Microfone ",
  "mobilephone": "Celular ",
  "soundlight": "Luz do Som",
  "telephone": "Telefone",
  "weapon.mod.8x.scope": "Mira Telescópica de 16x",
  "weapon.mod.flashlight": "Lanterna para Arma",
  "weapon.mod.holosight": "Mira Holográfica",
  "weapon.mod.lasersight": "Mira Laser",
  "weapon.mod.muzzleboost": "Melhora de Recuo",
  "weapon.mod.muzzlebrake": "Quebra-chama",
  "weapon.mod.simplesight": "Mira Simples Artesanal",
  "weapon.mod.silencer": "Silenciador",
  "weapon.mod.small.scope": "Mira telescópica de 8x",
  "rifle.ak": "Rifle de Assalto",
  "rifle.ak.ice": "Rifle de Assalto - GELO",
  "bandage": "Bandagem",
  "grenade.beancan": "Granada de Lata de Feijões",
  "rifle.bolt": "Rifle De Precisão",
  "bone.club": "Clava de Osso",
  "knife.bone": "Faca de Osso",
  "bow.hunting": "Arco de Caça",
  "cakefiveyear": "Bolo de Aniversário",
  "chainsaw": "Motosserra",
  "salvaged.cleaver": "Cutelo Recondicionado",
  "bow.compound": "Arco Composto",
  "crossbow": "Besta",
  "shotgun.double": "Escopeta Cano Duplo ",
  "pistol.eoka": "Pistola Eoka",
  "grenade.f1": "Granada F1",
  "flamethrower": "Lança-chamas",
  "multiplegrenadelauncher": "Lançador de Granadas Múltiplas",
  "knife.butcher": "Faca de açougueiro",
  "pitchfork": "Tridente",
  "sickle": "Foice",
  "skull": "Caveira",
  "hammer": "Martelo",
  "hatchet": "Machadinha",
  "knife.combat": "Faca de Combate",
  "rifle.l96": "Rifle L96",
  "rifle.lr300": "Rifle de Assalto LR-300",
  "lmg.m249": "M249",
  "rifle.m39": "Rifle M39",
  "pistol.m92": "Pistola M92",
  "mace": "Maça",
  "machete": "Machete",
  "smg.mp5": "MP5A4",
  "pistol.nailgun": "Arma de Pregos",
  "paddle": "Remo",
  "pickaxe": "Picareta",
  "shotgun.waterpipe": "Escopeta Cano D'Agua",
  "pistol.python": "Revólver Python",
  "pistol.revolver": "Revólver",
  "rock": "Rocha",
  "rocket.launcher": "Lança-Foguetes",
  "axe.salvaged": "Machado Recondicionado",
  "hammer.salvaged": "Martelo Recondicionado",
  "icepick.salvaged": "Picareta de Gelo Recondicionada",
  "explosive.satchel": "Explosivo de Sacola",
  "shotgun.pump": "Escopeta de Repetição",
  "pistol.semiauto": "Pistola Semiautomática",
  "rifle.semiauto": "Rifle Semiautomático",
  "smg.2": "Submetralhadora Personalizada",
  "shotgun.spas12": "Espingarda Spas-12",
  "speargun": "Arpão",
  "stonehatchet": "Machadinha de Pedra",
  "stone.pickaxe": "Picareta de Pedra",
  "spear.stone": "Lança de Pedra",
  "longsword": "Espada longa",
  "salvaged.sword": "Espada Recondicionada",
  "smg.thompson": "Thompson",
  "toolgun": "Ferramenta Garry's Mod",
  "torch": "Tocha",
  "bucket.water": "Balde de Água",
  "spear.wooden": "Lança de Madeira",
  "horse.armor.roadsign": "Armadura de Placas de Trânsito para Cavalo",
  "horse.armor.wood": "Armadura de Madeira para Cavalo",
  "horse.saddle": "Sela de Cavalo",
  "horse.saddlebag": "Bagageiro",
  "horse.shoes.advanced": "Ferradura de Alta Qualidade de Cavalo",
  "horse.shoes.basic": "Ferradura Básica de Cavalo"
}