{
  "hat.wolf": "Varg huvudbonad",
  "fogmachine": "Dimmaskin-3000",
  "strobelight": "Stroboskop",
  "kayak": "Kajak",
  "minihelicopter.repair": "MC-reparation",
  "scraptransportheli.repair": "ScrapTransportHeliRepair",
  "ammo.grenadelauncher.buckshot": "40mm hagelgevärsammunition",
  "ammo.grenadelauncher.he": "40mm högexplosiv granat",
  "ammo.grenadelauncher.smoke": "40mm rökgranat",
  "arrow.hv": "Höghastighetspil",
  "arrow.wooden": "Träpil",
  "arrow.bone": "Benpil",
  "arrow.fire": "Eldpil",
  "ammo.handmade.shell": "Handgjord hylsa",
  "ammo.nailgun.nails": "Spikar till spikpistol",
  "ammo.pistol": "Pistolkula",
  "ammo.pistol.fire": "Brandkula till pistol",
  "ammo.pistol.hv": "Höghastighetsammunition till pistol",
  "ammo.rifle": "5.56 gevärsammunition",
  "ammo.rifle.explosive": "Explosiv 5.56 gevärsammunition",
  "ammo.rifle.incendiary": "5.56 Brandammunition till gevär",
  "ammo.rifle.hv": "5.56 Höghastighetsammunition till gevär",
  "ammo.rocket.basic": "Raket",
  "ammo.rocket.fire": "Brandraket",
  "ammo.rocket.hv": "Höghastighetsraket",
  "ammo.rocket.smoke": "Rökraket ARBETE PÅGÅR!!!!",
  "ammo.shotgun": "Kaliber-12 rundhagelpatron",
  "ammo.shotgun.fire": "Kaliber-12 brandpatron",
  "ammo.shotgun.slug": "Kaliber-12 sluggpatron",
  "door.double.hinged.metal": "Dubbeldörr i plåt",
  "door.double.hinged.toptier": "Bepansrad Dubbeldörr",
  "door.double.hinged.wood": "Dubbeldörr i trä",
  "door.hinged.metal": "Plåtdörr",
  "door.hinged.toptier": "Bepansrad Dörr",
  "door.hinged.wood": "Trädörr",
  "floor.grill": "Ett golvgaller",
  "floor.ladder.hatch": "Lucka för stege.",
  "floor.triangle.grill": "Triangulärt golvgaller",
  "floor.triangle.ladder.hatch": "Triangulär steglucka ",
  "gates.external.high.stone": "Hög yttre stenport",
  "gates.external.high.wood": "Hög Extern Träport",
  "ladder.wooden.wall": "Trästege",
  "wall.external.high.stone": "Hög extern stenvägg",
  "wall.external.high": "Hög extern trävägg",
  "wall.frame.cell.gate": "Fängelsecell port",
  "wall.frame.cell": "Fängelsecell vägg",
  "wall.frame.fence.gate": "Taggtrådsport",
  "wall.frame.fence": "Taggtråd",
  "wall.frame.garagedoor": "Garagedörr",
  "wall.frame.netting": "Nät",
  "wall.frame.shopfront": "Skyltfönster",
  "wall.frame.shopfront.metal": "Metall-skyltfönster",
  "wall.window.bars.metal": "Fönstergaller av metall",
  "wall.window.bars.toptier": "Reinforced Glass Window",
  "wall.window.bars.wood": "Fönstergaller i trä",
  "shutter.metal.embrasure.a": "Horisontell embrassyr av metall",
  "shutter.metal.embrasure.b": "Vertikal embrassyr av metall",
  "wall.window.glass.reinforced": "Strengthened Glass Window",
  "shutter.wood.a": "Fönsterluckor av trä",
  "watchtower.wood": "Vakttorn",
  "diving.fins": "Dykfenor",
  "diving.mask": "Dykmask",
  "diving.tank": "Dykningstank",
  "diving.wetsuit": "Våtdräkt",
  "boots.frog": "Grodstövlar",
  "barrelcostume": "En tunna-dräkt ",
  "cratecostume": "Lådförklädnad",
  "burlap.gloves.new": "Säckvävshanskar",
  "burlap.gloves": "Läderhandskar",
  "roadsign.gloves": "Vägskylthandskar",
  "tactical.gloves": "Taktiska Handskar",
  "ghostsheet": "Spök Kostym",
  "halloween.mummysuit": "Mumie-dräkt",
  "scarecrow.suit": "Fågelskrämma dräkt",
  "scarecrowhead": "Fågelskrämma-bandage",
  "attire.hide.helterneck": "Skinntopp",
  "hat.beenie": "Beenie mössa",
  "hat.boonie": "Boonie hatt",
  "bucket.helmet": "Hinkhjälm",
  "burlap.headwrap": "Huvudbonad av säckväv",
  "hat.candle": "Vaxljuskeps",
  "hat.cap": "Basebollkeps",
  "clatter.helmet": "Skrammelhjälm",
  "coffeecan.helmet": "Kaffeburkshjälm",
  "deer.skull.mask": "Benhjälm",
  "heavy.plate.helmet": "Tung plåt hjälm",
  "hat.miner": "Gruvhjälm",
  "partyhat": "Partyhatt",
  "riot.helmet": "Upploppshjälm",
  "wood.armor.helmet": "Trä hjälm",
  "hoodie": "Huvtröja",
  "bone.armor.suit": "Rustning av ben",
  "heavy.plate.jacket": "Tung plåt Jacka",
  "jacket.snow": "Snöjacka",
  "jacket": "Jacka",
  "wood.armor.jacket": "Träharnesk",
  "mask.balaclava": "Improviserad skidluva",
  "mask.bandana": "Bandana-mask",
  "metal.facemask": "Metallmask",
  "nightvisiongoggles": "Mörkerglasögon",
  "burlap.trousers": "Säckvävsbyxor",
  "heavy.plate.pants": "Tunga plåtbenskydd",
  "attire.hide.pants": "Skinnbyxor",
  "roadsign.kilt": "Vägskylt kilt",
  "pants.shorts": "Shorts",
  "wood.armor.pants": "Träpansarbyxor",
  "pants": "Byxor",
  "attire.hide.poncho": "Skinnponcho",
  "burlap.shirt": "Säckvävs Skjorta",
  "shirt.collared": "Skjorta",
  "attire.hide.vest": "Skinnväst",
  "shirt.tanktop": "Linne",
  "shoes.boots": "Kängor",
  "burlap.shoes": "Skor av säckväv",
  "attire.hide.boots": "Skinnstövlar",
  "attire.hide.skirt": "Skinnkjol",
  "attire.banditguard": "Banditvakts utrustning",
  "hazmatsuit": "Skyddsdräkt",
  "hazmatsuit_scientist": "Vetenskapsdräkt",
  "hazmatsuit_scientist_peacekeeper": "Vetenskapsdräkt",
  "hazmatsuit.spacesuit": "Rymddräkt",
  "scientistsuit_heavy": "Tung vetenskapsmansdräkt",
  "tshirt.long": "Långärmad T-shirt",
  "tshirt": "T-tröja",
  "metal.plate.torso": "Metallbröstplatta",
  "roadsign.jacket": "Vägskylts jacka",
  "bleach": "Klorin",
  "ducttape": "Silvertejp",
  "carburetor1": "Förgasare av låg kvalitet",
  "carburetor2": "Förgasare av medelkvalitet",
  "carburetor3": "Förgasare av hög kvalitet",
  "crankshaft1": "Vevaxel av låg kvalitet",
  "crankshaft2": "Vevaxel av medel kvalitet",
  "crankshaft3": "Vevaxel av hög kvalitet",
  "piston1": "Kolvar av låg kvalitet",
  "piston2": "Kolvar av medel kvalitet",
  "piston3": "Kolvar av hög kvalitet",
  "sparkplug1": "Tändstift av låg kvalitet",
  "sparkplug2": "Tändstift av medel kvalitet",
  "sparkplug3": "Tändstift av hög kvalitet",
  "valve1": "Ventiler med låg kvalitet",
  "valve2": "Ventiler med medellåg kvalitet",
  "valve3": "Hög kvalitetsventiler",
  "fuse": "Elektrisk säkring",
  "gears": "Kugghjul",
  "glue": "Lim",
  "metalblade": "Klinga av metall",
  "metalpipe": "Metallrör",
  "propanetank": "En tom gasoltub",
  "roadsigns": "Vägskyltar",
  "rope": "Rep",
  "sewingkit": "Sytillbehör",
  "sheetmetal": "Plåt",
  "metalspring": "Metallfjäder",
  "sticks": "Pinnar",
  "tarp": "Presenning",
  "techparts": "Elektronikskrot",
  "riflebody": "Vapenstomme",
  "semibody": "Stomme till halvautomatiskt gevär",
  "smgbody": "K-pist kropp",
  "barricade.concrete": "Betongbarrikad",
  "barricade.wood.cover": "Träbarrikads skydd",
  "barricade.metal": "Metallbarrikad",
  "barricade.sandbags": "Sandsäcksbarrikad",
  "barricade.stone": "Stenbarrikad",
  "barricade.wood": "Träbarrikad",
  "barricade.woodwire": "Träbarrikad med taggtråd",
  "bbq": "Grill",
  "trap.bear": "Björnfälla",
  "bed": "Säng",
  "campfire": "Brasa",
  "ceilinglight": "Taklampa",
  "chair": "Stol",
  "composter": "Kompost",
  "computerstation": "Datorstation",
  "dropbox": "Inlämningslåda",
  "elevator": "Hiss",
  "fireplace.stone": "Eldstad i Sten",
  "firework.boomer.blue": "Blå bombtårta",
  "firework.boomer.champagne": "Champagne bombtårta",
  "firework.boomer.green": "Grön bombtårta",
  "firework.boomer.orange": "Orange bombtårta",
  "firework.boomer.red": "Röd Bombtårta",
  "firework.boomer.violet": "Violett Bombtårta",
  "firework.romancandle.blue": "Blått romerskt ljus",
  "firework.romancandle.green": "Grönt romerskt ljus",
  "firework.romancandle.red": "Rött romerskt ljus",
  "firework.romancandle.violet": "Violett romerskt ljus",
  "firework.volcano": "Vit fyrverkeri vulkan",
  "firework.volcano.red": "Röd fyrverkeri vulkan",
  "firework.volcano.violet": "Violett fyrverkeri vulkan",
  "spikes.floor": "Träspikar på golv",
  "fridge": "Kylskåp",
  "furnace.large": "Stor Masugn",
  "furnace": "Ugn",
  "hitchtroughcombo": "Fodertråg",
  "habrepair": "Björnmatta",
  "jackolantern.angry": "Arg pumpalykta",
  "jackolantern.happy": "Glad pumpalykta",
  "trap.landmine": "Landmina",
  "lantern": "Lykta",
  "box.wooden.large": "Stor Trälåda",
  "water.barrel": "Vattentunna",
  "locker": "Skåp",
  "mailbox": "Brevlåda",
  "mixingtable": "Blandningsbord.",
  "modularcarlift": "Modulär billyft",
  "mining.pumpjack": "Oljepump",
  "small.oil.refinery": "Litet oljeraffinaderi",
  "planter.large": "Stor planterings låda",
  "planter.small": "Liten planterings låda",
  "electric.audioalarm": "Ljudlarm",
  "smart.alarm": "Smart larm",
  "smart.switch": "Smart kopplare",
  "storage.monitor": "Lagringsmonitor",
  "electric.battery.rechargable.large": "Stort laddningsbart batteri",
  "electric.battery.rechargable.medium": "Medium stort laddningsbart batteri",
  "electric.battery.rechargable.small": "Litet laddningsbart batteri",
  "electric.button": "Knapp",
  "electric.counter": "Räknare",
  "electric.hbhfsensor": "HBHF-Sensor",
  "electric.laserdetector": "Laserdetektor",
  "electric.pressurepad": "Tryckplatta",
  "electric.doorcontroller": "Dörrkontroll",
  "electric.heater": "Elvärmare",
  "fluid.combiner": "Vätskekopplare",
  "fluid.splitter": "Vätskekoppling.",
  "fluid.switch": "Vätskeomekopplare & pump ",
  "electric.andswitch": "OCH strömbrytare",
  "electric.blocker": "Blockerare",
  "electrical.branch": "Elektrisk skarvdosa",
  "electrical.combiner": "Rotkombinerare",
  "electrical.memorycell": "Minnescell",
  "electric.orswitch": "ELLER Byt",
  "electric.random.switch": "RAND-omkopplare",
  "electric.rf.broadcaster": "RF-sändare",
  "electric.rf.receiver": "RF-mottagare",
  "electric.xorswitch": "XOR grind",
  "electric.fuelgenerator.small": "Liten generator",
  "electric.generator.small": "Testgenerator",
  "electric.solarpanel.large": "Stor solpanel",
  "electric.igniter": "Tändare",
  "electric.flasherlight": "Ficklampa",
  "electric.simplelight": "Enkel belysning",
  "electric.sirenlight": "Siren ljus",
  "powered.water.purifier": "Eldriven vattenrenare",
  "electric.switch": "Spak",
  "electric.splitter": "Delare",
  "electric.sprinkler": "Vattenspridare",
  "electric.teslacoil": "Teslatransformator",
  "electric.timer": "Timer",
  "electric.cabletunnel": "Kabeltunnel",
  "waterpump": "Vattenpump",
  "mining.quarry": "Gruva",
  "target.reactive": "Omaktivera mål",
  "box.repair.bench": "Reparationsbänk",
  "research.table": "Forskningsbänk",
  "rug.bear": "Björnskinnsmatta",
  "rug": "Matta",
  "searchlight": "Sökljus",
  "secretlabchair": "Hemlig Labb Stol",
  "shelves": "Improviserade hyllor",
  "sign.hanging.banner.large": "Stort hängande baner",
  "sign.hanging": "Tvåsidig hängande skylt",
  "sign.hanging.ornate": "En dubbelsidig utsmyckad hängande skylt",
  "sign.pictureframe.landscape": "Landskaps bildram",
  "sign.pictureframe.portrait": "Stående fotoram",
  "sign.pictureframe.tall": "Lång Bildram",
  "sign.pictureframe.xl": "Extra stor bildram",
  "sign.pictureframe.xxl": "Dubbel-extra stor bildram",
  "sign.pole.banner.large": "Stort Baner på stolpe",
  "sign.post.double": "Dubbel Skylt",
  "sign.post.single": "Enkel Skylt",
  "sign.post.town": "Ensidig stadsskylt",
  "sign.post.town.roof": "Tvåsidad Stadsskylt",
  "sign.wooden.huge": "Enorm träskylt",
  "sign.wooden.large": "Stor träskylt",
  "sign.wooden.medium": "Medium träskylt",
  "sign.wooden.small": "Liten träskylt",
  "guntrap": "Hagelgevärsfälla",
  "sleepingbag": "Sovsäck",
  "stash.small": "Liten gömma",
  "spinner.wheel": "Snurrande hjul",
  "fishtrap.small": "Fiskfälla",
  "table": "Bord",
  "workbench1": "Arbetsbänk Nivå 1",
  "workbench2": "Arbetsbänk Nivå 2",
  "workbench3": "Arbetsbänk Nivå 3",
  "cupboard.tool": "Verktygsskåp",
  "tunalight": "Tonfiskburkslampa",
  "vending.machine": "Varuautomat",
  "water.catcher.large": "Stor vattensamlare",
  "water.catcher.small": "Liten vattensamlare",
  "water.purifier": "Vattenrenare",
  "generator.wind.scrap": "Vindturbin",
  "box.wooden": "Trädlåda",
  "apple": "Äpple",
  "apple.spoiled": "Ruttet äpple",
  "black.raspberries": "Björnbär",
  "blueberries": "Blåbär",
  "botabag": "Skinnvattensäck",
  "cactusflesh": "Kaktusfruktkött",
  "can.beans": "Bönor på burk",
  "can.tuna": "Tonfisk på Burk",
  "chocholate": "Chokladkaka",
  "fish.cooked": "Tillagad Fisk",
  "fish.raw": "Rå fisk",
  "fish.minnows": "Elritsa",
  "fish.troutsmall": "Liten öring",
  "granolabar": "Muslibar",
  "chicken.burned": "Bränd kyckling",
  "chicken.cooked": "Tillagad kyckling",
  "chicken.raw": "Rått kycklingbröst",
  "chicken.spoiled": "Rutten kyckling",
  "deermeat.burned": "Bränt hjortkött",
  "deermeat.cooked": "Stekt rådjur",
  "deermeat.raw": "Rått hjortkött",
  "horsemeat.burned": "Bränt hästkött",
  "horsemeat.cooked": "Tillagat hästkött",
  "horsemeat.raw": "Rått hästkött",
  "humanmeat.burned": "Bränt människokött",
  "humanmeat.cooked": "Tillagat människokött",
  "humanmeat.raw": "Rått människokött",
  "humanmeat.spoiled": "Ruttet människokött",
  "bearmeat.burned": "Bränt björnkött",
  "bearmeat.cooked": "Stekt björnkött",
  "bearmeat": "Rått björnkött",
  "wolfmeat.burned": "Bränt Vargkött",
  "wolfmeat.cooked": "Tillagat Vargkött",
  "wolfmeat.raw": "Rått vargkött",
  "wolfmeat.spoiled": "Ruttet vargkött",
  "meat.pork.burned": "Bränt fläsk",
  "meat.pork.cooked": "Tillagat fläsk",
  "meat.boar": "Rått fläskkött",
  "mushroom": "Svamp",
  "jar.pickle": "Ättiksgurka",
  "smallwaterbottle": "Liten vattenflaska",
  "waterjug": "Vattendunk",
  "fun.bass": "Spadbas",
  "fun.cowbell": "Koskälla",
  "drumkit": "Trumsett av skrot",
  "fun.flute": "Panflöjt",
  "fun.guitar": "Akustisk gitarr",
  "fun.jerrycanguitar": "Bensindunksgitarr",
  "piano": "Skottkärrspiano",
  "fun.tambourine": "Canbourine",
  "fun.trumpet": "Rörmokarens trumpet",
  "fun.tuba": "Sousafon",
  "xylophone": "Xyloben",
  "car.key": "Bilnyckel",
  "door.key": "Dörrnyckel",
  "lock.key": "Nyckellås",
  "lock.code": "Kodlås",
  "blueprintbase": "Ritning",
  "chineselantern": "Kinesisk lykta",
  "dragondoorknocker": "Drakdörrknackare",
  "hat.dragonmask": "Drakmask",
  "newyeargong": "Nyårs gonggong",
  "hat.ratmask": "Råttmask",
  "lunar.firecrackers": "Smällar sträng",
  "arcade.machine.chippy": "Chippy arkadspel",
  "door.closer": "Dörrstängare",
  "attire.bunnyears": "Kaninöron",
  "attire.bunny.onesie": "Kanindräkt",
  "easterdoorwreath": "Påsk dörrkrans",
  "easterbasket": "Äggkorg",
  "rustige_egg_a": "Rustig? Ägg - Rött",
  "rustige_egg_b": "Rustig? Ägg - Blå",
  "rustige_egg_c": "Rustig? Ägg - Lila ",
  "rustige_egg_d": "Rustig? Ägg - Elfenbenvit",
  "attire.nesthat": "Påskbohatt",
  "easter.bronzeegg": "Bronsägg",
  "easter.goldegg": "Guldägg",
  "easter.paintedeggs": "Målat ägg",
  "easter.silveregg": "Silverägg",
  "halloween.candy": "Halloweengodis",
  "largecandles": "Stor ljusstake",
  "smallcandles": "En liten uppsättning stearinljus",
  "coffin.storage": "Likkista",
  "cursedcauldron": "En förhäxad kittel",
  "gravestone": "Gravsten",
  "woodcross": "Träkors",
  "wall.graveyard.fence": "Kyrkogårdsstaket",
  "halloween.lootbag.large": "Stor plundringsväska",
  "halloween.lootbag.medium": "Medel plundringsväska",
  "halloween.lootbag.small": "Liten bytesväska",
  "pumpkinbasket": "Pumpahink",
  "scarecrow": "Fågelskrämma",
  "skullspikes.candles": "Skall Spikar",
  "skullspikes.pumpkin": "Skall Spikar",
  "skullspikes": "Skall Spikar",
  "skulldoorknocker": "Skall-dörrknackare",
  "skull_fire_pit": "Eldgrop med kranier",
  "spiderweb": "Spindelnät",
  "spookyspeaker": "Läskig högtalare",
  "halloween.surgeonsuit": "Kirurg-kläder",
  "skull.trophy.jar": "Skalltrofé",
  "skull.trophy.jar2": "Skalltrofé",
  "skull.trophy.table": "Skalltrofé",
  "skull.trophy": "Skalltrofé",
  "movembermoustachecard": "Kort Movember Mustasch",
  "movembermoustache": "Flyttad musache",
  "note": "Lapp",
  "skull.human": "Människoskalle",
  "abovegroundpool": "Ovanmarkspool",
  "beachchair": "Solstol",
  "beachparasol": "Strandparasoll",
  "beachtable": "Strandbord",
  "beachtowel": "Strandhandduk",
  "boogieboard": "Boogiebräda",
  "innertube": "Innerslang",
  "innertube.horse": "Innerslang",
  "innertube.unicorn": "Innerslang",
  "tool.instant_camera": "Snabbkamera",
  "paddlingpool": "Plaskpol",
  "photo": "Fotografi",
  "photoframe.landscape": "Landskaps fotoram",
  "photoframe.large": "Stor fotoram",
  "photoframe.portrait": "Stående fotoram",
  "sunglasses02black": "Solglasögon",
  "sunglasses02camo": "Solglasögon",
  "sunglasses02red": "Solglasögon",
  "sunglasses03black": "Solglasögon",
  "sunglasses03chrome": "Solglasögon",
  "sunglasses03gold": "Solglasögon",
  "sunglasses": "Solglasögon",
  "gun.water": "Vattenpistol",
  "pistol.water": "Vattenpistol",
  "twitchsunglasses": "Lila Solglasögon",
  "twitch.headset": "Headset",
  "candycaneclub": "Polkagrisklubba",
  "xmas.lightstring": "Julgransbelysning",
  "xmas.door.garland": "Festlig dörrgirlang",
  "candycane": "Polkagris",
  "giantcandycanedecor": "Enorm godisdekoration",
  "giantlollipops": "Stor dekorations slickepinne",
  "pookie.bear": "Björnen Pookie",
  "xmas.lightstring.advanced": "Deluxe julbelysning",
  "coal": "Kol :(",
  "xmas.present.large": "Stor present",
  "xmas.present.medium": "Mellanstor Present",
  "xmas.present.small": "Liten Present",
  "snowmachine": "Snö Maskin",
  "snowball": "Snöboll",
  "snowman": "Snögubbe",
  "stocking.large": "SUPER Julstrumpa",
  "stocking.small": "Liten julstrumpa",
  "attire.reindeer.headband": "Renhorn",
  "santabeard": "Tomteskägg",
  "santahat": "Tomteluva",
  "xmas.window.garland": "En festlig fönstergirlang",
  "wrappedgift": "Inslagen Present",
  "wrappingpaper": "Presentpapper",
  "xmasdoorwreath": "Julkrans",
  "xmas.decoration.baubels": "Dekorationer",
  "xmas.decoration.candycanes": "Dekorativa polkagrisar av plast",
  "xmas.decoration.gingerbreadmen": "Dekorativa pepparkaksgubbar",
  "xmas.decoration.lights": "Julgransbelysning",
  "xmas.decoration.pinecone": "Dekorativa tallkottar",
  "xmas.decoration.star": "Julgransstjärna",
  "xmas.decoration.tinsel": "Dekorativt glitter",
  "xmas.tree": "Julgran",
  "autoturret": "Automatisk vaktpost",
  "flameturret": "Eldvaktpost",
  "gloweyes": "Lysande ögon",
  "ammo.rocket.sam": "SAM-ammunition",
  "samsite": "Robotavfyrare",
  "black.berry": "Björnbär",
  "clone.black.berry": "Björnbärklon",
  "seed.black.berry": "Björnbärs frö",
  "blue.berry": "Blåbär",
  "clone.blue.berry": "Blåbärsklon.",
  "seed.blue.berry": "Blåbärsfrön",
  "green.berry": "Grönt bär.",
  "clone.green.berry": "Grön bärstickling",
  "seed.green.berry": "Grönt bärfrö",
  "red.berry": "Rödbär",
  "clone.red.berry": "Röd bärstickling",
  "seed.red.berry": "Rött bärfrö",
  "white.berry": "Vitbär",
  "clone.white.berry": "Vit bärstickling",
  "seed.white.berry": "Vitt bärfrö.",
  "yellow.berry": "Gulbär",
  "clone.yellow.berry": "Gul bär stickling",
  "seed.yellow.berry": "Gult bärfrö.",
  "corn": "Majs",
  "clone.corn": "Majsstickling",
  "seed.corn": "Majsfrö",
  "clone.hemp": "Hampastickling",
  "seed.hemp": "Hampafrön",
  "potato": "Potatis",
  "clone.potato": "Potatisstickling",
  "seed.potato": "Sättpotatis",
  "pumpkin": "Pumpa",
  "clone.pumpkin": "Pumpastickling",
  "seed.pumpkin": "Pumpafrö",
  "fat.animal": "Djurfett",
  "battery.small": "Batteri - litet",
  "blood": "Blod",
  "bone.fragments": "Benfragment",
  "cctv.camera": "Övervakningskamera",
  "charcoal": "Träkol",
  "cloth": "Tyg",
  "crude.oil": "Råolja",
  "diesel_barrel": "Diesel",
  "can.beans.empty": "Tom bönburk",
  "can.tuna.empty": "Tom tonfiskburk",
  "explosives": "Sprängämnen",
  "fertilizer": "Gödsel",
  "gunpowder": "Krut",
  "horsedung": "Häst gödsel",
  "hq.metal.ore": "Högkvalitets järnmalm",
  "metal.refined": "Högkvalitetsmetall",
  "leather": "Läder",
  "lowgradefuel": "Lågkvalitetsbränsle",
  "metal.fragments": "Metallfragment",
  "metal.ore": "Järnmalm",
  "paper": "Papper",
  "plantfiber": "Växtfibrer",
  "researchpaper": "Kalkerpapper för forskning",
  "water.salt": "Saltvatten",
  "scrap": "Skrot",
  "stones": "Stenar",
  "sulfur.ore": "Svavelmalm",
  "sulfur": "Svavel",
  "targeting.computer": "Inriktningsdator",
  "water": "Vatten",
  "skull.wolf": "Vargskalle",
  "wood": "Trä",
  "healingtea.advanced": "Avancerat helande te.",
  "healingtea": "Grundläggande helande te",
  "healingtea.pure": "Rent helande te.",
  "maxhealthtea.advanced": "Avancerat Max Hälsa te.",
  "maxhealthtea": "Grundläggande Max Hälsa Te",
  "maxhealthtea.pure": "Rent Max Hälsa te.",
  "oretea.advanced": "Avancerat malmte.",
  "oretea": "Grundläggande malm te",
  "oretea.pure": "Rent malmte.",
  "radiationremovetea.advanced": "Avancerat antistrålnings te",
  "radiationremovetea": "Antistrålnings te",
  "radiationremovetea.pure": "Rent antistrålnings te",
  "radiationresisttea.advanced": "Adv. Anti-strålnings te",
  "radiationresisttea": "Anti-strålnings te",
  "radiationresisttea.pure": "Rent Anti-strålnings te",
  "scraptea.advanced": "Avancerat skrot te.",
  "scraptea": "Grundläggande skrot te",
  "scraptea.pure": "Rent skrot te",
  "woodtea.advanced": "Avancerat trä te",
  "woodtea": "Grundläggande trä te",
  "woodtea.pure": "Rent trä te",
  "antiradpills": "Anti-strålningspiller",
  "tool.binoculars": "Kikare",
  "explosive.timed": "Tidsinställd sprängladdning",
  "tool.camera": "Kamera",
  "rf.detonator": "Radiosändare",
  "fishingrod.handmade": "Handgjort fiskespö",
  "flare": "Signalljus",
  "flashlight.held": "Ficklampa",
  "geiger.counter": "Geigermätare",
  "hosetool": "Slangverktyg",
  "jackhammer": "Trycklufts hammare",
  "keycard_blue": "Blått nyckelkort",
  "keycard_green": "Grönt nyckelkort",
  "keycard_red": "Rött nyckelkort",
  "largemedkit": "Stor förbandslåda",
  "map": "Karta",
  "syringe.medical": "Medicinsk spruta",
  "rf_pager": "RF personsökare",
  "building.planner": "Byggnadsritning",
  "grenade.smoke": "Rök granat",
  "supply.signal": "Förnödenhetssignal",
  "surveycharge": "Sprängladdning för prospektering",
  "wiretool": "Kopplingskabel",
  "vehicle.chassis.2mod": "Små Chassin",
  "vehicle.chassis.3mod": "Medelstort chassi",
  "vehicle.chassis.4mod": "Stort chassi",
  "vehicle.chassis": "Generiskt fordonschassi",
  "vehicle.1mod.cockpit": "Cockpit fordonsmodul",
  "vehicle.1mod.cockpit.armored": "Pansarcockpit fordonsmodul",
  "vehicle.1mod.cockpit.with.engine": "Cockpit med motorfordonsmodul",
  "vehicle.1mod.engine": "Motorfordonsmodul",
  "vehicle.1mod.flatbed": "Flakbilsmodul",
  "vehicle.1mod.passengers.armored": "Pansarcockpit fordonsmodul",
  "vehicle.1mod.rear.seats": "Baksäten fordonsmodul",
  "vehicle.1mod.storage": "Fordonslagringsmodul",
  "vehicle.1mod.taxi": "Taxi Fordon Modul",
  "vehicle.2mod.flatbed": "Stor flakbilsmodul",
  "vehicle.2mod.fuel.tank": "Bränsletank fordonsmodul",
  "vehicle.2mod.passengers": "Passagerarfordon modul",
  "vehicle.module": "Generisk fordonsmodul",
  "telephone": "Telefon",
  "weapon.mod.8x.scope": "Kikarsikte med 16x zoom",
  "weapon.mod.flashlight": "Vapenlampa",
  "weapon.mod.holosight": "Holografiskt sikte",
  "weapon.mod.lasersight": "Vapen lasersikte ",
  "weapon.mod.muzzleboost": "Ökad mynningshastighet",
  "weapon.mod.muzzlebrake": "Mynningsbroms",
  "weapon.mod.simplesight": "Enkelt handgjort sikte",
  "weapon.mod.silencer": "Ljuddämpare",
  "weapon.mod.small.scope": "Kikarsikte med 8x zoom",
  "rifle.ak": "Automatgevär",
  "bandage": "Bandage",
  "grenade.beancan": "Bönburks granat",
  "rifle.bolt": "Repeterstudsare",
  "bone.club": "Benklubba",
  "knife.bone": "Benkniv",
  "bow.hunting": "Jaktbåge",
  "cakefiveyear": "Födelsedagstårta",
  "chainsaw": "Motorsåg",
  "salvaged.cleaver": "Improviserad klyvyxa",
  "bow.compound": "Kompositbåge",
  "crossbow": "Armborst",
  "shotgun.double": "Dubbelpipigt hagelgevär",
  "pistol.eoka": "Eoka Pistol",
  "grenade.f1": "F1 granat",
  "flamethrower": "Eldkastare",
  "multiplegrenadelauncher": "Granatkastare",
  "knife.butcher": "Slaktarkniv",
  "pitchfork": "Högaffel",
  "sickle": "Skära",
  "hammer": "Hammare",
  "hatchet": "Yxa",
  "knife.combat": "Stridskniv",
  "rifle.l96": "L96 Gevär",
  "rifle.lr300": "LR-300 Automatgevär",
  "lmg.m249": "M249 ",
  "rifle.m39": "M39 gevär",
  "pistol.m92": "M92 pistol",
  "mace": "Klubba",
  "machete": "Machete",
  "smg.mp5": "MP5A4",
  "pistol.nailgun": "Spikpistol",
  "paddle": "Paddel",
  "pickaxe": "Hacka",
  "shotgun.waterpipe": "Vattenrörshagelgevär",
  "pistol.python": "Python revolver",
  "pistol.revolver": "Revolver",
  "rock": "Sten",
  "rocket.launcher": "Raketgevär",
  "axe.salvaged": "Hemgjord yxa",
  "hammer.salvaged": "Hemmagjord hammare",
  "icepick.salvaged": "Improviserad ishacka",
  "explosive.satchel": "Buntladdning",
  "shotgun.pump": "Pumphagelgevär",
  "pistol.semiauto": "Halvautomatisk pistol",
  "rifle.semiauto": "Halvautomatiskt gevär",
  "smg.2": "Hemmagjord kulspruta",
  "shotgun.spas12": "Spas-12 hagelgevär",
  "stonehatchet": "Stenyxa",
  "stone.pickaxe": "Stenhacka",
  "spear.stone": "Stenspjut",
  "longsword": "Långsvärd",
  "salvaged.sword": "Improviserat svärd",
  "smg.thompson": "Thompson",
  "toolgun": "Garry's Mod Tool Gun",
  "torch": "Fackla",
  "bucket.water": "Vattenhink",
  "spear.wooden": "Träspjut",
  "horse.armor.roadsign": "Hästrustning av vägskyltar",
  "horse.armor.wood": "Hästrustning av trä",
  "horse.saddle": "Häst sadel",
  "horse.saddlebag": "Sadelväska",
  "horse.shoes.advanced": "Hästskor av hög kvalitet",
  "horse.shoes.basic": "Vanliga hästskor"
}