{
  "hat.wolf": "Varghuvudbonad",
  "fogmachine": "Dimmaskin-3000",
  "strobelight": "Stroboskop",
  "kayak": "Kajak",
  "rhib": "RHIB",
  "rowboat": "Roddbåt",
  "minihelicopter.repair": "MH-reparation",
  "aiming.module.mlrs": "",
  "mlrs": "MLRS",
  "ammo.rocket.mlrs": "",
  "scraptransportheli.repair": "ScrapTransportHeliRepair",
  "snowmobile": "Snöskoter",
  "snowmobiletomaha": "Tomaha snöskoter",
  "submarineduo": "Tandemubåt",
  "submarinesolo": "Soloubåt",
  "locomotive": "Lok",
  "wagon": "Vagn",
  "workcart": "Arbetsvagn",
  "ammo.grenadelauncher.buckshot": "",
  "ammo.grenadelauncher.he": "",
  "ammo.grenadelauncher.smoke": "",
  "arrow.hv": "",
  "arrow.wooden": "",
  "arrow.bone": "",
  "arrow.fire": "",
  "ammo.handmade.shell": "",
  "ammo.nailgun.nails": "",
  "ammo.pistol": "",
  "ammo.pistol.fire": "",
  "ammo.pistol.hv": "",
  "ammo.rifle": "",
  "ammo.rifle.explosive": "",
  "ammo.rifle.incendiary": "",
  "ammo.rifle.hv": "",
  "ammo.rocket.basic": "",
  "ammo.rocket.fire": "",
  "ammo.rocket.hv": "",
  "ammo.rocket.smoke": "",
  "ammo.shotgun": "",
  "ammo.shotgun.fire": "",
  "ammo.shotgun.slug": "",
  "speargun.spear": "Harpunspjut",
  "submarine.torpedo.straight": "Torped",
  "door.double.hinged.metal": "Dubbeldörr i plåt",
  "door.double.hinged.toptier": "Bepansrad dubbeldörr",
  "door.double.hinged.wood": "Dubbeldörr i trä",
  "door.hinged.metal": "Plåtdörr",
  "door.hinged.toptier": "Bepansrad dörr",
  "door.hinged.wood": "Trädörr",
  "floor.grill": "Ett golvgaller",
  "floor.ladder.hatch": "Steglucka",
  "floor.triangle.grill": "Triangulärt golvgaller",
  "floor.triangle.ladder.hatch": "Triangulär steglucka ",
  "gates.external.high.stone": "Hög yttre stenport",
  "gates.external.high.wood": "Hög extern träport",
  "ladder.wooden.wall": "Trästege",
  "wall.external.high.stone": "Hög extern stenvägg",
  "wall.external.high": "Hög extern trävägg",
  "wall.frame.cell.gate": "Fängelsecellsport",
  "wall.frame.cell": "Fängelsecellsvägg",
  "wall.frame.fence.gate": "Nätstängselport",
  "wall.frame.fence": "Nätstängsel",
  "wall.frame.garagedoor": "Garagedörr",
  "wall.frame.netting": "Klättringsnät",
  "wall.frame.shopfront": "Försäljningslucka",
  "wall.frame.shopfront.metal": "Metallskyltfönster",
  "wall.window.bars.metal": "Fönstergaller av metall",
  "wall.window.bars.toptier": "Pansarfönster",
  "wall.window.bars.wood": "Fönstergaller i trä",
  "shutter.metal.embrasure.a": "Horisontell embrassyr av metall",
  "shutter.metal.embrasure.b": "Vertikal embrassyr av metall",
  "wall.window.glass.reinforced": "Förstärkt glasfönster",
  "shutter.wood.a": "Fönsterluckor av trä",
  "watchtower.wood": "Vakttorn",
  "diving.fins": "Dykfenor",
  "diving.mask": "Dykmask",
  "diving.tank": "Syrgastub",
  "diving.wetsuit": "Våtdräkt",
  "boots.frog": "",
  "barrelcostume": "",
  "cratecostume": "Lådutklädnad",
  "hat.gas.mask": "Gasmask",
  "burlap.gloves.new": "",
  "burlap.gloves": "Läderhandskar",
  "roadsign.gloves": "Vägskyltshandskar",
  "tactical.gloves": "Stridshandskar",
  "ghostsheet": "Spökkostym",
  "halloween.mummysuit": "Mumie-dräkt",
  "scarecrow.suit": "Fågelskrämmadräkt",
  "scarecrowhead": "Fågelskrämma-bandage",
  "metal.facemask.hockey": "Hockeymask",
  "attire.hide.helterneck": "",
  "hat.beenie": "Beenie-mössa",
  "hat.boonie": "Boonie-hatt",
  "bucket.helmet": "",
  "burlap.headwrap": "",
  "hat.candle": "Vaxljuskeps",
  "hat.cap": "Basebollkeps",
  "clatter.helmet": "Skrammelhjälm",
  "coffeecan.helmet": "Kaffeburkshjälm",
  "deer.skull.mask": "Benhjälm",
  "heavy.plate.helmet": "Tung plåthjälm",
  "hat.miner": "Gruvhjälm",
  "partyhat": "Partyhatt",
  "riot.helmet": "Upploppshjälm",
  "wood.armor.helmet": "Trähjälm",
  "hoodie": "Huvtröja",
  "bone.armor.suit": "",
  "heavy.plate.jacket": "Tung plåtjacka",
  "jacket.snow": "Snöjacka",
  "jacket": "Jacka",
  "wood.armor.jacket": "Träharnesk",
  "lumberjack hoodie": "Skogshuggarhatt",
  "mask.balaclava": "Improviserad balaklava",
  "mask.bandana": "Bandana-mask",
  "metal.facemask": "Metallmask",
  "nightvisiongoggles": "Mörkerglasögon",
  "attire.ninja.suit": "",
  "burlap.trousers": "",
  "heavy.plate.pants": "Tunga plåtbenskydd",
  "attire.hide.pants": "",
  "roadsign.kilt": "Vägskyltkilt",
  "pants.shorts": "Shorts",
  "wood.armor.pants": "Träpansarbyxor",
  "pants": "Byxor",
  "attire.hide.poncho": "",
  "burlap.shirt": "",
  "shirt.collared": "Skjorta",
  "attire.hide.vest": "",
  "shirt.tanktop": "Linne",
  "shoes.boots": "Kängor",
  "burlap.shoes": "",
  "attire.hide.boots": "",
  "attire.hide.skirt": "",
  "attire.banditguard": "",
  "hazmatsuit.arcticsuit": "",
  "hazmatsuit": "Skyddsdräkt",
  "hazmatsuit.lumberjack": "Skogshuggardräkt",
  "hazmatsuit.nomadsuit": "Nomaddräkt",
  "hazmatsuit_scientist": "Forskardräkt",
  "hazmatsuit_scientist_arctic": "Arktisk Vetenskapsmansdräkt",
  "hazmatsuit_scientist_peacekeeper": "Forskardräkt",
  "hazmatsuit.spacesuit": "Rymddräkt",
  "scientistsuit_heavy": "Tung forskardräkt",
  "jumpsuit.suit.blue": "Blå jumpsuit",
  "jumpsuit.suit": "Jumpsuit",
  "tshirt.long": "Långärmad t-tröja",
  "tshirt": "T-tröja",
  "metal.plate.torso": "Metallbröstplatta",
  "roadsign.jacket": "Vägskyltsjacka",
  "bleach": "",
  "ducttape": "Silvertejp",
  "carburetor1": "",
  "carburetor2": "",
  "carburetor3": "",
  "crankshaft1": "Vevaxel av låg kvalitet",
  "crankshaft2": "Vevaxel av medel kvalitet",
  "crankshaft3": "Vevaxel av hög kvalitet",
  "piston1": "Kolvar av låg kvalitet",
  "piston2": "Kolvar av medel kvalitet",
  "piston3": "Kolvar av hög kvalitet",
  "sparkplug1": "Tändstift av låg kvalitet",
  "sparkplug2": "Tändstift av medelkvalitet",
  "sparkplug3": "Tändstift av hög kvalitet",
  "valve1": "Ventiler av låg kvalitet",
  "valve2": "Ventiler av medelkvalitet",
  "valve3": "Högkvalitetsventiler",
  "fuse": "Säkring",
  "gears": "Kugghjul",
  "glue": "Lim",
  "metalblade": "Klinga av metall",
  "metalpipe": "Metallrör",
  "propanetank": "En tom gasoltub",
  "roadsigns": "Vägskyltar",
  "rope": "Rep",
  "sewingkit": "Sykit",
  "sheetmetal": "Plåt",
  "metalspring": "Metallfjäder",
  "sticks": "Pinnar",
  "tarp": "Presenning",
  "techparts": "Elektronikskrot",
  "riflebody": "Vapenstomme",
  "semibody": "Stomme till halvautomatiskt gevär",
  "smgbody": "K-pist kropp",
  "barricade.concrete": "",
  "barricade.wood.cover": "",
  "barricade.metal": "",
  "barricade.sandbags": "",
  "barricade.stone": "",
  "barricade.wood": "",
  "barricade.woodwire": "",
  "bbq": "",
  "trap.bear": "Björnfälla",
  "bed": "",
  "campfire": "",
  "cardtable": "Kortspelsbord",
  "ceilinglight": "Taklampa",
  "chair": "Stol",
  "composter": "Kompost",
  "computerstation": "Datorstation",
  "drone": "Drönare",
  "dropbox": "Inlämningslåda",
  "elevator": "Hiss",
  "fireplace.stone": "Eldstad i Sten",
  "firework.boomer.blue": "Blå fyrverkeribomb",
  "firework.boomer.champagne": "Champagne-fyrverkeribomb",
  "firework.boomer.green": "Grön fyrverkeribomb",
  "firework.boomer.orange": "Orange bombtårta",
  "firework.boomer.pattern": "Mönstersmällare",
  "firework.boomer.red": "Röd Bombtårta",
  "firework.boomer.violet": "Violett Bombtårta",
  "firework.romancandle.blue": "Blått romerskt ljus",
  "firework.romancandle.green": "Grönt romerskt ljus",
  "firework.romancandle.red": "Rött romerskt ljus",
  "firework.romancandle.violet": "Violett romerskt ljus",
  "firework.volcano": "Vit fyrverkeri vulkan",
  "firework.volcano.red": "Röd fyrverkeri vulkan",
  "firework.volcano.violet": "Violett fyrverkeri vulkan",
  "spikes.floor": "Träspikar på golv",
  "frankensteintable": "Frankensteinbord",
  "fridge": "Kylskåp",
  "furnace.large": "Stor smältugn",
  "furnace": "Ugn",
  "hitchtroughcombo": "Fodertråg",
  "habrepair": "Björnmatta",
  "jackolantern.angry": "Arg pumpalykta",
  "jackolantern.happy": "Glad pumpalykta",
  "trap.landmine": "Hemgjord Landmina",
  "lantern": "Lykta",
  "box.wooden.large": "",
  "water.barrel": "Vattentunna",
  "locker": "Skåp",
  "mailbox": "Brevlåda",
  "mixingtable": "Blandningsbord",
  "modularcarlift": "Modulär billyft",
  "mining.pumpjack": "Oljepump",
  "small.oil.refinery": "Litet oljeraffinaderi",
  "planter.large": "Stor planteringslåda",
  "planter.small": "Liten planteringslåda",
  "electric.audioalarm": "Ljudlarm",
  "smart.alarm": "Smart larm",
  "smart.switch": "Smart Strömbrytare",
  "storage.monitor": "Lagringsmonitor",
  "electric.battery.rechargable.large": "Stort laddningsbart batteri",
  "electric.battery.rechargable.medium": "Medelstort laddningsbart batteri",
  "electric.battery.rechargable.small": "Litet laddningsbart batteri",
  "electric.button": "Knapp",
  "electric.counter": "Räknare",
  "electric.hbhfsensor": "HBHF-Sensor",
  "electric.laserdetector": "Laserdetektor",
  "electric.pressurepad": "Tryckplatta",
  "electric.doorcontroller": "Dörrkontroll",
  "electric.heater": "Elvärmare",
  "fluid.combiner": "Vätskekopplare",
  "fluid.splitter": "Vätskekoppling.",
  "fluid.switch": "Vätskeomkopplare & pump",
  "electric.andswitch": "",
  "electric.blocker": "",
  "electrical.branch": "Elektrisk skarvdosa",
  "electrical.combiner": "Rotkombinerare",
  "electrical.memorycell": "Minnescell",
  "electric.orswitch": "ELLER Byt",
  "electric.random.switch": "RAND-omkopplare",
  "electric.rf.broadcaster": "RF-sändare",
  "electric.rf.receiver": "RF-mottagare",
  "electric.xorswitch": "XOR grind",
  "electric.fuelgenerator.small": "Liten generator",
  "electric.generator.small": "Testgenerator",
  "electric.solarpanel.large": "Stor solpanel",
  "electric.igniter": "Tändare",
  "electric.flasherlight": "Ficklampa",
  "electric.simplelight": "Enkel belysning",
  "electric.sirenlight": "Varningsljus",
  "powered.water.purifier": "Eldriven vattenrenare",
  "electric.switch": "Strömbrytare",
  "electric.splitter": "Delare",
  "electric.sprinkler": "Vattenspridare",
  "electric.teslacoil": "Teslatransformator",
  "electric.timer": "Timer",
  "electric.cabletunnel": "",
  "waterpump": "Vattenpump",
  "mining.quarry": "Gruva",
  "target.reactive": "Gevärstavla",
  "box.repair.bench": "",
  "research.table": "Forskningsbänk",
  "rug.bear": "Björnskinnsmatta",
  "rug": "Matta",
  "searchlight": "Sökljus",
  "secretlabchair": "Hemlig Labb Stol",
  "shelves": "Improviserade hyllor",
  "sign.hanging.banner.large": "Stort hängande baner",
  "sign.hanging": "Tvåsidig hängande skylt",
  "sign.hanging.ornate": "En dubbelsidig utsmyckad hängande skylt",
  "sign.pictureframe.landscape": "Landskaps bildram",
  "sign.pictureframe.portrait": "Stående fotoram",
  "sign.pictureframe.tall": "Lång Bildram",
  "sign.pictureframe.xl": "Extra stor bildram",
  "sign.pictureframe.xxl": "Dubbel-extra stor bildram",
  "sign.pole.banner.large": "Stor baner på stolpe",
  "sign.post.double": "Dubbel skylt",
  "sign.post.single": "Enkel skylt",
  "sign.post.town": "Ensidig stadsskylt",
  "sign.post.town.roof": "Dubbelsidig stadsskylt",
  "sign.wooden.huge": "Enorm träskylt",
  "sign.wooden.large": "Stor träskylt",
  "sign.wooden.medium": "Medium träskylt",
  "sign.wooden.small": "Liten träskylt",
  "guntrap": "Hagelgevärsfälla",
  "sleepingbag": "Sovsäck",
  "stash.small": "Liten gömma",
  "sofa": "Soffa",
  "sofa.pattern": "Soffa - Mönster",
  "spinner.wheel": "Snurrhjul",
  "fishtrap.small": "Fiskfälla",
  "table": "Bord",
  "workbench1": "Arbetsbänk nivå 1",
  "workbench2": "Arbetsbänk nivå 2",
  "workbench3": "Arbetsbänk nivå 3",
  "cupboard.tool": "Verktygsskåp",
  "tunalight": "Tonfiskburkslampa",
  "vending.machine": "Varuautomat",
  "water.catcher.large": "Stor vatteninsamlare",
  "water.catcher.small": "Liten vattensamlare",
  "water.purifier": "Vattenrenare",
  "generator.wind.scrap": "Vindturbin",
  "box.wooden": "",
  "apple": "",
  "apple.spoiled": "",
  "black.raspberries": "",
  "blueberries": "",
  "botabag": "",
  "grub": "Larv",
  "worm": "Mask",
  "cactusflesh": "",
  "can.beans": "",
  "can.tuna": "",
  "chocolate": "Chokladkaka",
  "fish.anchovy": "",
  "fish.catfish": "Malartade fiskar",
  "fish.cooked": "Tillagad Fisk",
  "fish.raw": "Rå fisk",
  "fish.herring": "Sill",
  "fish.minnows": "Elritsa",
  "fish.orangeroughy": "Atlantisk soldatfisk",
  "fish.salmon": "Lax",
  "fish.sardine": "Sardin",
  "fish.smallshark": "Liten haj",
  "fish.troutsmall": "Liten öring",
  "fish.yellowperch": "Gul abborre",
  "granolabar": "Müslibar",
  "chicken.burned": "Bränd kyckling",
  "chicken.cooked": "Tillagad kyckling",
  "chicken.raw": "Rått kycklingbröst",
  "chicken.spoiled": "Rutten kyckling",
  "deermeat.burned": "Bränt hjortkött",
  "deermeat.cooked": "Tillagat rådjurskött",
  "deermeat.raw": "Rått hjortkött",
  "horsemeat.burned": "Bränt hästkött",
  "horsemeat.cooked": "Tillagat hästkött",
  "horsemeat.raw": "Rått hästkött",
  "humanmeat.burned": "Bränt människokött",
  "humanmeat.cooked": "Tillagat människokött",
  "humanmeat.raw": "Rått människokött",
  "humanmeat.spoiled": "Ruttet människokött",
  "bearmeat.burned": "",
  "bearmeat.cooked": "",
  "bearmeat": "",
  "wolfmeat.burned": "Bränt vargkött",
  "wolfmeat.cooked": "Tillagat vargkött",
  "wolfmeat.raw": "Rått vargkött",
  "wolfmeat.spoiled": "Ruttet vargkött",
  "meat.pork.burned": "Bränt fläsk",
  "meat.pork.cooked": "Tillagat fläsk",
  "meat.boar": "Rått fläskkött",
  "mushroom": "Svamp",
  "jar.pickle": "Ättiksgurka",
  "smallwaterbottle": "Liten vattenflaska",
  "waterjug": "Vattendunk",
  "fun.bass": "Spadbas",
  "fun.cowbell": "Koskälla",
  "drumkit": "Trumsett av skrot",
  "fun.flute": "Panflöjt",
  "fun.guitar": "Akustisk gitarr",
  "fun.jerrycanguitar": "Bensindunksgitarr",
  "piano": "Skottkärrspiano",
  "fun.tambourine": "Canbourine",
  "fun.trumpet": "Rörmokarens trumpet",
  "fun.tuba": "Sousafon",
  "xylophone": "Xyloben",
  "car.key": "",
  "door.key": "Dörrnyckel",
  "lock.key": "Nyckellås",
  "lock.code": "Kodlås",
  "blueprintbase": "",
  "chineselantern": "Kinesisk lykta",
  "dragondoorknocker": "Drakdörrknackare",
  "hat.dragonmask": "Drakmask",
  "newyeargong": "Nyårs gonggong",
  "hat.oxmask": "Oxmask",
  "hat.ratmask": "Råttmask",
  "skylantern": "Svävande lykta",
  "skylantern.skylantern.green": "Svävande lykta - Grön",
  "skylantern.skylantern.orange": "Svävande lykta - Orange",
  "skylantern.skylantern.purple": "Svävande lykta - Lila",
  "skylantern.skylantern.red": "Svävande lykta - Röd",
  "lunar.firecrackers": "Smällarband",
  "hat.tigermask": "Tigermask",
  "arcade.machine.chippy": "",
  "bluedogtags": "Blå ID-brickor",
  "dogtagneutral": "ID-bricka",
  "reddogtags": "Röda ID-brickor",
  "door.closer": "Dörrstängare",
  "attire.bunnyears": "",
  "attire.bunny.onesie": "",
  "hat.bunnyhat": "Kaninhatt",
  "easterdoorwreath": "Påskdörrkrans",
  "easterbasket": "Äggkorg",
  "attire.egg.suit": "",
  "rustige_egg_a": "Rustig? Ägg - Rött",
  "rustige_egg_b": "Rustig? Ägg - Blå",
  "rustige_egg_c": "Rustig? Ägg - Lila ",
  "rustige_egg_d": "Rustig? Ägg - Elfenbenvit",
  "rustige_egg_e": "Rustigé Ägg - Grön",
  "attire.nesthat": "",
  "easter.bronzeegg": "Bronsägg",
  "easter.goldegg": "Guldägg",
  "easter.paintedeggs": "Målat ägg",
  "easter.silveregg": "Silverägg",
  "halloween.candy": "Halloweengodis",
  "largecandles": "Stor ljusstake",
  "smallcandles": "En liten uppsättning stearinljus",
  "carvable.pumpkin": "Pumpa som kan beskäras",
  "coffin.storage": "Likkista",
  "cursedcauldron": "En förhäxad kittel",
  "gravestone": "Gravsten",
  "woodcross": "Träkors",
  "frankensteins.monster.01.head": "Lätt Frankensteinhuvud",
  "frankensteins.monster.01.legs": "Lätta Frankensteinben",
  "frankensteins.monster.01.torso": "Lätt Frankensteintorso",
  "frankensteins.monster.02.head": "Mellan Frankensteinhuvud",
  "frankensteins.monster.02.legs": "Mellan Frankensteinben",
  "frankensteins.monster.02.torso": "Mellan Frankensteintorso",
  "frankensteins.monster.03.head": "Tungt Frankensteinhuvud",
  "frankensteins.monster.03.legs": "Tunga Frankensteinben",
  "frankensteins.monster.03.torso": "Tungt Frankensteintorso",
  "wall.graveyard.fence": "Kyrkogårdsstaket",
  "halloween.lootbag.large": "Stor plundringsväska",
  "halloween.lootbag.medium": "Medel plundringsväska",
  "halloween.lootbag.small": "Liten bytesväska",
  "pumpkinbasket": "Pumpahink",
  "scarecrow": "Fågelskrämma",
  "skullspikes.candles": "Påle med dödskallar",
  "skullspikes.pumpkin": "Påle med dödskallar",
  "skullspikes": "Påle med dödskallar",
  "skulldoorknocker": "Skall-dörrknackare",
  "skull_fire_pit": "Eldgrop med kranier",
  "spiderweb": "Spindelnät",
  "spookyspeaker": "Läskig högtalare",
  "halloween.surgeonsuit": "Kirurg-kläder",
  "skull.trophy.jar": "Skalltrofé",
  "skull.trophy.jar2": "Skalltrofé",
  "skull.trophy.table": "Skalltrofé",
  "skull.trophy": "Skalltrofé",
  "movembermoustachecard": "Kort Movember-mustasch",
  "movembermoustache": "Movember Mustasch",
  "note": "Lapp",
  "factorydoor": "Fabriksdörr",
  "industrial.wall.light.green": "Grön industriell vägglampa",
  "industrial.wall.light": "Lätt industrivägg",
  "industrial.wall.light.red": "Röd industriell vägglampa",
  "skull.human": "Människoskalle",
  "abovegroundpool": "",
  "beachchair": "",
  "beachparasol": "",
  "beachtable": "",
  "beachtowel": "",
  "boogieboard": "",
  "innertube": "Badring",
  "innertube.horse": "Badring",
  "innertube.unicorn": "Badring",
  "tool.instant_camera": "Instant kamera",
  "paddlingpool": "Plaskpol",
  "photo": "Fotografi",
  "photoframe.landscape": "Landskapsfotoram",
  "photoframe.large": "Stor fotoram",
  "photoframe.portrait": "Stående fotoram",
  "sunglasses02black": "Solglasögon",
  "sunglasses02camo": "Solglasögon",
  "sunglasses02red": "Solglasögon",
  "sunglasses03black": "Solglasögon",
  "sunglasses03chrome": "Solglasögon",
  "sunglasses03gold": "Solglasögon",
  "sunglasses": "Solglasögon",
  "gun.water": "Vattenpistol",
  "pistol.water": "Vattenpistol",
  "trophy": "Twitch Rivals trofé",
  "twitchsunglasses": "Lila solglasögon",
  "twitch.headset": "Headset",
  "hobobarrel": "Luffartunna",
  "door.hinged.industrial.a": "Industridörr",
  "xmas.advent": "Adventskalender",
  "candycaneclub": "",
  "xmas.lightstring": "Julgransbelysning",
  "xmas.door.garland": "Festlig dörrgirlang",
  "xmas.double.door.garland": "Festlig dörrkrans",
  "candycane": "",
  "giantcandycanedecor": "Enorm godisdekoration",
  "wall.ice.wall": "Kort isvägg",
  "wall.external.high.ice": "Hög isvägg",
  "giantlollipops": "Stor dekorationsslickepinne",
  "sign.neon.125x125": "Litet neonskylt",
  "sign.neon.125x215.animated": "Medelstor animerad neonskylt",
  "sign.neon.125x215": "Medelstor neonskylt\n",
  "sign.neon.xl.animated": "Stor animerad neonskylt",
  "sign.neon.xl": "Stor neonskylt",
  "pookie.bear": "Björnen Pookie",
  "xmas.lightstring.advanced": "Deluxe julbelysning",
  "coal": "Kol :(",
  "xmas.present.large": "Stor present",
  "xmas.present.medium": "Mellanstor present",
  "xmas.present.small": "Liten present",
  "sled.xmas": "Släde",
  "sled": "Släde",
  "snowmachine": "Snömaskin",
  "snowball": "Snöboll",
  "snowballgun": "Snöbollspistol",
  "snowman": "Snögubbe",
  "stocking.large": "SUPER-julstrumpa",
  "stocking.small": "Liten julstrumpa",
  "attire.reindeer.headband": "",
  "santabeard": "Tomteskägg",
  "santahat": "Tomteluva",
  "attire.snowman.helmet": "",
  "xmas.window.garland": "En festlig fönstergirlang",
  "wrappedgift": "Inslagen Present",
  "wrappingpaper": "Presentpapper",
  "xmasdoorwreath": "Julkrans",
  "xmas.decoration.baubels": "Dekorationer",
  "xmas.decoration.candycanes": "Dekorativa polkagrisar av plast",
  "xmas.decoration.gingerbreadmen": "Dekorativa pepparkaksgubbar",
  "xmas.decoration.lights": "Julgransbelysning",
  "xmas.decoration.pinecone": "Dekorativa tallkottar",
  "xmas.decoration.star": "Julgransstjärna",
  "xmas.decoration.tinsel": "Dekorativt glitter",
  "xmas.tree": "Julgran",
  "captainslog": "",
  "fishing.tackle": "Fiskeredskap",
  "bottle.vodka": "",
  "autoturret": "",
  "flameturret": "Autoeldkastare",
  "gloweyes": "Lysande ögon",
  "ammo.rocket.sam": "",
  "samsite": "Luftvärnsrobot",
  "black.berry": "",
  "clone.black.berry": "Björnbärklon",
  "seed.black.berry": "Björnbärsfrö",
  "blue.berry": "",
  "clone.blue.berry": "Blåbärsstickling",
  "seed.blue.berry": "Blåbärsfrön",
  "green.berry": "Grönbär",
  "clone.green.berry": "Grönbärsstickling",
  "seed.green.berry": "Grönbärsfrö",
  "red.berry": "Rödbär",
  "clone.red.berry": "Rödbärsstickling",
  "seed.red.berry": "Rödbärsfrö",
  "white.berry": "Vitbär",
  "clone.white.berry": "Vitbärsstickling",
  "seed.white.berry": "Vitbärsfrö.",
  "yellow.berry": "Gulbär",
  "clone.yellow.berry": "Gulbärsstickling",
  "seed.yellow.berry": "Gulbärsfrö",
  "corn": "Majs",
  "clone.corn": "Majsstickling",
  "seed.corn": "Majsfrö",
  "clone.hemp": "Hampastickling",
  "seed.hemp": "Hampafrön",
  "potato": "Potatis",
  "clone.potato": "Potatisstickling",
  "seed.potato": "Sättpotatis",
  "pumpkin": "Pumpa",
  "clone.pumpkin": "Pumpastickling",
  "seed.pumpkin": "Pumpafrö",
  "fat.animal": "Djurfett",
  "battery.small": "",
  "blood": "",
  "bone.fragments": "",
  "cctv.camera": "Övervakningskamera",
  "charcoal": "Träkol",
  "cloth": "Tyg",
  "crude.oil": "Råolja",
  "diesel_barrel": "Diesel",
  "can.beans.empty": "",
  "can.tuna.empty": "",
  "explosives": "Sprängämnen",
  "fertilizer": "Gödsel",
  "gunpowder": "Krut",
  "horsedung": "Hästskit",
  "hq.metal.ore": "Högkvalitetsjärnmalm",
  "metal.refined": "Högkvalitetsmetall",
  "leather": "Läder",
  "lowgradefuel": "Lågkvalitetsbränsle",
  "metal.fragments": "Metallfragment",
  "metal.ore": "Järnmalm",
  "paper": "Papper",
  "plantfiber": "Växtfibrer",
  "researchpaper": "Kalkerpapper för forskning",
  "water.salt": "Saltvatten",
  "scrap": "Skrot",
  "stones": "Stenar",
  "sulfur.ore": "Svavelmalm",
  "sulfur": "Svavel",
  "targeting.computer": "Militärdator",
  "water": "Vatten",
  "skull.wolf": "Vargskalle",
  "wood": "Trä",
  "healingtea.advanced": "Avancerat helande te.",
  "healingtea": "Enkelt helande te",
  "healingtea.pure": "Rent helande te.",
  "maxhealthtea.advanced": "Hälsa för avancerat te",
  "maxhealthtea": "Grundläggande maxhälsa för te",
  "maxhealthtea.pure": "Maxhälsa för rent te",
  "oretea.advanced": "Avancerat malmskördeste",
  "oretea": "Grundläggande malmskördeste",
  "oretea.pure": "Rent malmte",
  "radiationremovetea.advanced": "Avancerat antistrålnings te",
  "radiationremovetea": "Antistrålnings te",
  "radiationremovetea.pure": "Rent antistrålnings te",
  "radiationresisttea.advanced": "Adv. anti-strålnings te",
  "radiationresisttea": "Anti-strålnings te",
  "radiationresisttea.pure": "Rent anti-strålnings te",
  "scraptea.advanced": "Avancerat skrot te",
  "scraptea": "Grundläggande skrot te",
  "scraptea.pure": "Rent skrot te",
  "woodtea.advanced": "Avancerat trä te",
  "woodtea": "Grundläggande trä-te",
  "woodtea.pure": "Rent trä te",
  "antiradpills": "",
  "tool.binoculars": "Kikare",
  "explosive.timed": "Tidsinställd sprängladdning",
  "tool.camera": "Kamera",
  "rf.detonator": "Radiosändare",
  "fishingrod.handmade": "Handgjort fiskespö",
  "flare": "Signalljus",
  "flashlight.held": "Ficklampa",
  "geiger.counter": "Geigermätare",
  "hosetool": "Slangverktyg",
  "jackhammer": "Tryckluftshammare",
  "keycard_blue": "Blått nyckelkort",
  "keycard_green": "Grönt nyckelkort",
  "keycard_red": "Rött nyckelkort",
  "largemedkit": "Stor förbandslåda",
  "concretehatchet": "Betongyxa",
  "concretepickaxe": "Betonghacka",
  "lumberjack.hatchet": "Prototypyxa",
  "lumberjack.pickaxe": "Prototyphacka",
  "map": "Karta",
  "syringe.medical": "Spruta",
  "rf_pager": "Radiofrekvensdetektor",
  "building.planner": "",
  "grenade.smoke": "Rökgranat",
  "spraycan": "Sprejburk",
  "spraycandecal": "Sprayburkdekal",
  "supply.signal": "Förnödenhetssignal",
  "surveycharge": "Sprängladdning för prospektering",
  "wiretool": "Kopplingsverktyg",
  "vehicle.chassis.2mod": "Små Chassin",
  "vehicle.chassis.3mod": "Medelstort chassi",
  "vehicle.chassis.4mod": "Stort chassi",
  "vehicle.chassis": "Vanligt fordonschassi",
  "vehicle.1mod.cockpit": "Förarhyttsmodul",
  "vehicle.1mod.cockpit.armored": "Pansarförarhyttsmodul",
  "vehicle.1mod.cockpit.with.engine": "Förarhytt med motorfordonsmodul",
  "vehicle.1mod.engine": "Motorfordonsmodul",
  "vehicle.1mod.flatbed": "Flakbilsmodul",
  "vehicle.1mod.passengers.armored": "Pansarpassagerarmodul",
  "vehicle.1mod.rear.seats": "Baksätesmodul",
  "vehicle.1mod.storage": "Fordonslagringsmodul",
  "vehicle.1mod.taxi": "Taximodul",
  "vehicle.2mod.camper": "Campingbilsmodul",
  "vehicle.2mod.flatbed": "Stor flakbilsmodul",
  "vehicle.2mod.fuel.tank": "Bränsletanksmodul",
  "vehicle.2mod.passengers": "Passagerarfordonsmodul",
  "vehicle.module": "Generisk fordonsmodul",
  "boombox": "",
  "fun.boomboxportable": "Bärbar Boom Box",
  "cassette": "Kassett - lång",
  "cassette.medium": "Kassettband - mellan",
  "cassette.short": "Kassett - kort",
  "fun.casetterecorder": "Bandspelare",
  "discoball": "Diskokula",
  "discofloor": "Discogolv",
  "discofloor.largetiles": "Discogolv",
  "connected.speaker": "Ansluten högtalare",
  "laserlight": "Laserljus",
  "megaphone": "Megafon",
  "microphonestand": "Mikrofon på stativ",
  "mobilephone": "Mobiltelefon",
  "soundlight": "Ljudets ljus",
  "telephone": "Telefon",
  "weapon.mod.8x.scope": "Kikarsikte med 16x zoom",
  "weapon.mod.burstmodule": "Burst Module",
  "weapon.mod.extendedmags": "Utökat Magasin",
  "weapon.mod.flashlight": "Vapenlampa",
  "weapon.mod.holosight": "Holografiskt sikte",
  "weapon.mod.lasersight": "Vapen lasersikte ",
  "weapon.mod.muzzleboost": "Ökad mynningshastighet",
  "weapon.mod.muzzlebrake": "Mynningsbroms",
  "weapon.mod.simplesight": "Enkelt handgjort sikte",
  "weapon.mod.silencer": "Ljuddämpare",
  "weapon.mod.small.scope": "Kikarsikte med 8x zoom",
  "rifle.ak": "Automatkarbin",
  "rifle.ak.ice": "Automatkarbin - ICE",
  "bandage": "",
  "grenade.beancan": "Bönburksgranat",
  "rifle.bolt": "Bolt",
  "bone.club": "",
  "knife.bone": "Benkniv",
  "bow.hunting": "",
  "cakefiveyear": "",
  "chainsaw": "Motorsåg",
  "salvaged.cleaver": "Improviserad klyvyxa",
  "bow.compound": "",
  "crossbow": "Armborst",
  "shotgun.double": "Dubbelpipigt hagelgevär",
  "pistol.eoka": "Eoka-pistol",
  "grenade.f1": "F1-granat",
  "flamethrower": "Eldkastare",
  "grenade.flashbang": "Distraktionsgranat",
  "pistol.prototype17": "Prototype 17",
  "multiplegrenadelauncher": "Granatkastare",
  "mace.baseballbat": "Basebollträ",
  "knife.butcher": "Slaktarkniv",
  "pitchfork": "Högaffel",
  "sickle": "Skära",
  "torch.torch.skull": "Cultist Hjortfackla",
  "skull": "Skalle",
  "hammer": "Hammare",
  "hatchet": "Yxa",
  "hmlmg": "HMLMG",
  "knife.combat": "Stridskniv",
  "rifle.l96": "L96 Gevär",
  "rifle.lr300": "LR-300 Automatkarbin",
  "lmg.m249": "M249 ",
  "rifle.m39": "M39-gevär",
  "pistol.m92": "M92-pistol",
  "mace": "Klubba",
  "machete": "Machete",
  "grenade.molotov": "Brännflaska",
  "smg.mp5": "MP5A4",
  "pistol.nailgun": "Spikpistol",
  "paddle": "Paddel",
  "pickaxe": "Hacka",
  "shotgun.waterpipe": "Vattenrörshagelgevär",
  "pistol.python": "Python-revolver",
  "pistol.revolver": "Revolver",
  "rock": "Sten",
  "rocket.launcher": "Raketgevär",
  "axe.salvaged": "",
  "hammer.salvaged": "Hemmagjord hammare",
  "icepick.salvaged": "Ishacka",
  "explosive.satchel": "Buntladdning",
  "shotgun.pump": "Pumphagelgevär",
  "pistol.semiauto": "Halvautomatisk pistol",
  "rifle.semiauto": "Halvautomatiskt gevär",
  "smg.2": "Hemmagjord kulspruta",
  "shotgun.spas12": "Spas-12 hagelgevär",
  "speargun": "Harpun",
  "stonehatchet": "Stenyxa",
  "stone.pickaxe": "Stenhacka",
  "spear.stone": "Stenspjut",
  "longsword": "Långsvärd",
  "salvaged.sword": "Improviserat svärd",
  "smg.thompson": "Thompson",
  "toolgun": "Garry's Mod Tool Gun",
  "torch": "Fackla",
  "bucket.water": "",
  "spear.wooden": "Träspjut",
  "horse.armor.roadsign": "Hästrustning av vägskyltar",
  "horse.armor.wood": "Hästrustning av trä",
  "horse.saddle": "Hästsadel",
  "horse.saddlebag": "Sadelväska",
  "horse.shoes.advanced": "Hästskor av hög kvalitet",
  "horse.shoes.basic": "Vanliga hästskor"
}