{
  "hat.wolf": "Head of Rabid Dog",
  "fogmachine": "Smoke machine-3000",
  "strobelight": "Strobe Light",
  "kayak": "Emergency Raft",
  "rhib": "expensive sailboat",
  "rowboat": "Rowboat\n",
  "minihelicopter.repair": "MC repair",
  "aiming.module.mlrs": "Big Cannon Aimin Brain",
  "mlrs": "9K58",
  "ammo.rocket.mlrs": "MLRS Cannonball",
  "scraptransportheli.repair": "ScrapTransportHeliRepair",
  "snowmobile": "Snow Ship",
  "snowmobiletomaha": "Tomaha Snow Ship",
  "submarineduo": "Duo Submarine",
  "submarinesolo": "Solo Submarine",
  "locomotive": "Locomotive",
  "wagon": "Wagon",
  "workcart": "Work Cart",
  "ammo.grenadelauncher.buckshot": "Miniature Grapeshot Round",
  "ammo.grenadelauncher.he": "Portable hand cannon shell",
  "ammo.grenadelauncher.smoke": "Smoke-in-a-cannonball",
  "arrow.hv": "Assassin's Arrow",
  "arrow.wooden": "Pirate's Arrow",
  "arrow.bone": "Landlubber's Bone Arrow",
  "arrow.fire": "Bolt o' Fire",
  "ammo.handmade.shell": "Shite Shells",
  "ammo.nailgun.nails": "Metal Darts",
  "ammo.pistol": "Musket Ball",
  "ammo.pistol.fire": "Fiery Flintlock Ball",
  "ammo.pistol.hv": "Fast Flintlock Balls",
  "ammo.rifle": "Standard Musket Rounds",
  "ammo.rifle.explosive": "Boom Musket Rounds",
  "ammo.rifle.incendiary": "Fiery Musketball\n",
  "ammo.rifle.hv": "Hv Musket ammo",
  "ammo.rocket.basic": "Cannonball",
  "ammo.rocket.fire": "Fiery Cannonball",
  "ammo.rocket.hv": "Fast Shootin' cannonballs",
  "ammo.rocket.smoke": "Smoke Cannonball WIP!!!!",
  "ammo.shotgun": "shotGun pew pew",
  "ammo.shotgun.fire": "Flammin shells",
  "ammo.shotgun.slug": "Long Range Snails",
  "speargun.spear": "Speargun Spear",
  "submarine.torpedo.straight": "Torpedo",
  "door.double.hinged.metal": "Double Door o' Scrap Metal",
  "door.double.hinged.toptier": "Iron Double Door",
  "door.double.hinged.wood": "Plank Double Door",
  "door.hinged.metal": "Steel cabin door",
  "door.hinged.toptier": "Somali pirate protection",
  "door.hinged.wood": "Plank Door",
  "floor.grill": "Grill O' Floor",
  "floor.ladder.hatch": "Trapdoor",
  "floor.triangle.grill": "Triangular Grill o' Floor",
  "floor.triangle.ladder.hatch": "Triangle Trapdoor",
  "gates.external.high.stone": "Large Rock Door",
  "gates.external.high.wood": "Big Wood Door",
  "ladder.wooden.wall": "Ladder",
  "wall.external.high.stone": "Big Ass Stone Wall",
  "wall.external.high": "Big Ass Wooden Wall",
  "wall.frame.cell.gate": "Pirate Hold Gate",
  "wall.frame.cell": "Pirate Hold Wall",
  "wall.frame.fence.gate": "metal rope wall",
  "wall.frame.fence": "Woven Metal Wall",
  "wall.frame.garagedoor": "rolling door",
  "wall.frame.netting": "Cargo Netting",
  "wall.frame.shopfront": "Chandlery",
  "wall.frame.shopfront.metal": "Traders Port",
  "wall.window.bars.metal": "Porthole Bars",
  "wall.window.bars.toptier": "Reinforced Porthole",
  "wall.window.bars.wood": "Porthole sticks",
  "shutter.metal.embrasure.a": "Horizontal Murder Slots",
  "shutter.metal.embrasure.b": "Vertical Murder Slots",
  "wall.window.glass.reinforced": "Strengthened Porthole",
  "shutter.wood.a": "Cannon Hatch",
  "watchtower.wood": "Crow's Nest",
  "diving.fins": "Small mermaid tails",
  "diving.mask": "Strange goggles",
  "diving.tank": "Wizards barrel",
  "diving.wetsuit": "Suit For wet lads",
  "boots.frog": "Water Creature Boots",
  "barrelcostume": "A Gunpowder Barrel",
  "cratecostume": "Ye sneaky box costume",
  "hat.gas.mask": "Voodo Curse Protector",
  "burlap.gloves.new": "Crocus Gloves",
  "burlap.gloves": "Gloves O' Cow",
  "roadsign.gloves": "Scrap Metal Hand Coverers",
  "tactical.gloves": "Officers Gloves\n",
  "ghostsheet": "Scurvy Monster Costume",
  "halloween.mummysuit": "Robe of Tutankhamun",
  "scarecrow.suit": "Scarecrow Suit",
  "scarecrowhead": "Scarecrow Wrap",
  "metal.facemask.hockey": "'Ockey Mask",
  "attire.hide.helterneck": "Hide Halterneck",
  "hat.beenie": "Yankee wit no brim",
  "hat.boonie": "Blackbeard's Cap",
  "bucket.helmet": "GUCCI BUCKET HAT",
  "burlap.headwrap": "Crocus Headwrap",
  "hat.candle": "Torch Helmet",
  "hat.cap": "Stop your lying",
  "clatter.helmet": "Flamin' robo noggin'",
  "coffeecan.helmet": "sped helmet",
  "deer.skull.mask": "Bone Helmet",
  "heavy.plate.helmet": "Anti-Headache Helmet",
  "hat.miner": "Minor's Hat",
  "partyhat": "Party Hat",
  "riot.helmet": "fed hat",
  "wood.armor.helmet": "Plank helmet",
  "hoodie": "Commander's Overcoat",
  "bone.armor.suit": "Bone Armor",
  "heavy.plate.jacket": "Osama's Jacket",
  "jacket.snow": "Admiral's Overcoat",
  "jacket": "Captain's Overcoat",
  "wood.armor.jacket": "Plank Chestwear",
  "lumberjack hoodie": "Treecutter Coat",
  "mask.balaclava": "BDSM mask",
  "mask.bandana": "Cloth Facemask",
  "metal.facemask": "Metal Mask",
  "metal.facemask.icemask": "Cold Metal Mask",
  "nightvisiongoggles": "Eye Candle",
  "attire.ninja.suit": "Ninja cloth",
  "burlap.trousers": "Crocus Trousers",
  "heavy.plate.pants": "Femboy thigh highs",
  "attire.hide.pants": "Hide Pants",
  "roadsign.kilt": "Shiny Met'l Butt Cov'r",
  "pants.shorts": "Shorts",
  "wood.armor.pants": "Plank Pants",
  "pants": "Panties",
  "attire.hide.poncho": "Pirate Poncho",
  "burlap.shirt": "Crocus Shirt",
  "shirt.collared": "Shirt O' Rags",
  "attire.hide.vest": "Poncho o' cow",
  "shirt.tanktop": "Wifebeater",
  "shoes.boots": "Nike Air Force 1 '07",
  "burlap.shoes": "Crocus Shoes",
  "attire.hide.boots": "Boots o' pig",
  "attire.hide.skirt": "Ye Ol' Booty Cover",
  "attire.banditguard": "Smuggler's Guard Attire",
  "hazmatsuit.arcticsuit": "Cold Costume",
  "hazmatsuit": "Anti-Witchcraft suit",
  "hazmatsuit.lumberjack": "Lumberjack Suit",
  "hazmatsuit.nomadsuit": "Nomad Attire",
  "hazmatsuit_scientist": "Suit o' Soldier",
  "hazmatsuit_scientist_arctic": "Winter Soldier's Suit",
  "hazmatsuit_scientist_nvgm": "Underground Soldier Suit",
  "hazmatsuit_scientist_peacekeeper": "Suit o' Soldier",
  "hazmatsuit.spacesuit": "Suit o' the Skies",
  "scientistsuit_heavy": "Royal Navy Cap'n Attire",
  "jumpsuit.suit.blue": "Blue Jumpsuit",
  "jumpsuit.suit": "Jumpsuit",
  "tshirt.long": "Longsleeve T-Shirt",
  "tshirt": "T-Shirt",
  "metal.plate.torso": "Sturdy Chest Plate",
  "metal.plate.torso.icevest": "Cold Chest Coverin'",
  "roadsign.jacket": "Shiny Metal Jacket",
  "bleach": "'Tasty Bottle o' Rum",
  "ducttape": "glue tape",
  "carburetor1": "shitty carburetor",
  "carburetor2": "less shitty carburetor",
  "carburetor3": "good carburetor",
  "crankshaft1": "Mechanical horse shaft",
  "crankshaft2": "Decent mechanical horse shaft",
  "crankshaft3": "Nice metal\nmechanical horse shaft",
  "piston1": "Low Quality Pistons",
  "piston2": "Medium Quality Pistons",
  "piston3": "High Quality Pistons",
  "sparkplug1": "Low Quality Spark Plugs",
  "sparkplug2": "Medium Quality Spark Plugs",
  "sparkplug3": "High Quality Spark Plugs",
  "valve1": "Low Quality Valves",
  "valve2": "Medium Quality Valves",
  "valve3": "High Quality Valves",
  "fuse": "Tome o' Black Magic",
  "gears": "Cogs",
  "glue": "Cum",
  "metalblade": "Ye' Ol' Rusty Razor",
  "metalpipe": "Iron Pipe\n",
  "propanetank": "Tank O' No Gas",
  "roadsigns": "Rusty Booty Plates",
  "rope": "Rigging",
  "sewingkit": "Sail Patcher",
  "sheetmetal": "Fine Folded Metal",
  "metalspring": "Steel Coil",
  "sticks": "Sticks",
  "tarp": "Sail Cloth",
  "techparts": "Witches trash",
  "riflebody": "Automusket Body",
  "semibody": "Semi Musket tummy",
  "smgbody": "sub machine gun tummy",
  "barricade.concrete": "Stone Slab",
  "barricade.wood.cover": "Plank o' Shieding",
  "barricade.metal": "Metal people stopper",
  "barricade.sandbags": "Wall o' Sandsacks",
  "barricade.stone": "Wall o' Sandy Rocks",
  "barricade.wood": "Spikey Barrier",
  "barricade.woodwire": "Very Spikey Barrier",
  "bbq": "Barbeque",
  "trap.bear": "Bear Trapp'a",
  "bed": "Sleepin' quarters",
  "campfire": "Camp Fire",
  "cardtable": "Blackjack!",
  "ceilinglight": "Ceiling Bright",
  "chair": "Le` Chair",
  "chair.icethrone": "ICE CHAIR INNIT",
  "composter": "Crap compressor",
  "computerstation": "Alienware Setup",
  "drone": "Flying Dutchman",
  "dropbox": "Booty Dispenser",
  "elevator": "Hoister",
  "fireplace.stone": "House Oven",
  "firework.boomer.blue": "BLUE SKY KEG",
  "firework.boomer.champagne": "bomba",
  "firework.boomer.green": "GREEN SKY KEG",
  "firework.boomer.orange": "ORANGE SKY KEG",
  "firework.boomer.pattern": "Shite art launcher",
  "firework.boomer.red": "RED SKY KEG",
  "firework.boomer.violet": "VIOLET SKY KEG",
  "firework.romancandle.blue": "bloo roooman wax stick",
  "firework.romancandle.green": "gren roooman wax stick",
  "firework.romancandle.red": "red roooman wax stick",
  "firework.romancandle.violet": "violet roooman wax stick",
  "firework.volcano": "ur dad",
  "firework.volcano.red": "red volcano",
  "firework.volcano.violet": "violet volcano",
  "spikes.floor": "Wooden Floor Spikes",
  "frankensteintable": "Frankenstein Table",
  "fridge": "frige",
  "furnace.large": "Large Smeltin' Grill",
  "furnace": "Furnace",
  "hitchtroughcombo": "cum bucket",
  "habrepair": "Hab Repair",
  "jackolantern.angry": "Jack O Lantern Angry",
  "jackolantern.happy": "Jack O Lantern Happy",
  "trap.landmine": "bobm",
  "lantern": "Lantern",
  "box.wooden.large": "Big Booty Box",
  "water.barrel": "Rum Barrel",
  "locker": "Locker",
  "mailbox": "Letter hole",
  "mixingtable": "mixey mixey! :)",
  "modularcarlift": "Ship dock",
  "mining.pumpjack": "Fuel Digger",
  "small.oil.refinery": "Bubbler o' Black Gold",
  "planter.large": "Big Weed Box",
  "planter.small": "Small weed farming box",
  "electric.audioalarm": "Parrot in a box",
  "smart.alarm": "Sorcerer's Parrot",
  "smart.switch": "Smart Switch",
  "storage.monitor": "WIFI router",
  "electric.battery.rechargable.large": "Big Black Magic Box",
  "electric.battery.rechargable.medium": "Medium Black Magic Box",
  "electric.battery.rechargable.small": "Small Black Magic Box",
  "electric.button": "Pressy ",
  "electric.counter": "Electrical abacus",
  "electric.hbhfsensor": "Feet Sensor",
  "electric.laserdetector": "Magic Detector",
  "electric.pressurepad": "Pressure Pad",
  "electric.doorcontroller": "Jer door picker",
  "electric.furnace": "Furnace o' Black Magic",
  "electric.heater": "Electric Blanket",
  "fluid.combiner": "Combiner o' Fluids",
  "fluid.splitter": "Splitter o' Fluids",
  "fluid.switch": "Fluid Switch 'n' Pump",
  "electric.andswitch": "AN' Switch",
  "electric.blocker": "Stopper",
  "electrical.branch": "Magic cutter",
  "electrical.combiner": "magical connecting energy",
  "electrical.memorycell": "lighting remembering  box",
  "electric.orswitch": "OR Switch",
  "electric.random.switch": "Magical Midget Container",
  "electric.rf.broadcaster": "Broadcaster o' Radio",
  "electric.rf.receiver": "Receiver o' Radio",
  "electric.xorswitch": "XOR Switch",
  "electric.fuelgenerator.small": "Source o' Black Magic",
  "electric.generator.small": "Test Generator",
  "electric.solarpanel.large": "Large Solar Panel",
  "electric.igniter": "fire starter",
  "storageadaptor": "Storage Adaptor",
  "industrial.combiner": "Industrial Combiner",
  "industrial.conveyor": "Industrial Conveyor",
  "industrial.crafter": "Midget Manufactory",
  "industrial.splitter": "Industrial Splitter",
  "electric.flasherlight": "Flasher Light",
  "electric.simplelight": "Simple Light",
  "electric.sirenlight": "Portable Lighthouse",
  "powered.water.purifier": "Pixie Powerd Water Purifier",
  "electric.switch": "Switch",
  "electric.splitter": "Splitter",
  "electric.sprinkler": "water distributor ",
  "electric.teslacoil": "Magic Lightning Stick",
  "electric.timer": "Timer",
  "electric.cabletunnel": "Cable Tunnel",
  "waterpump": "Rum Maker",
  "ptz.cctv.camera": "Spicy actor's camera setup",
  "mining.quarry": "Mining Quarry",
  "target.reactive": "Bullseye",
  "box.repair.bench": "Blacksmith's Bench",
  "research.table": "Knowledge table",
  "rug.bear": "Skin O' Bear",
  "rug": "Cloth Plank",
  "searchlight": "Big torch",
  "secretlabchair": "P2W chair",
  "shelves": "Salvaged Shelves",
  "sign.hanging.banner.large": "Large hangin' Jolly Roger",
  "sign.hanging": "A pair sided hangin' sign",
  "sign.hanging.ornate": "Two Sided Ornate Hanging Sign",
  "sign.pictureframe.landscape": "Landscape Picture Frame",
  "sign.pictureframe.portrait": "Portrait Picture Frame",
  "sign.pictureframe.tall": "Tall Canvas",
  "sign.pictureframe.xl": "XL Canvas",
  "sign.pictureframe.xxl": "XXL Canvas",
  "sign.pole.banner.large": "Large Pirate Flag",
  "sign.post.double": "Double Plank Post",
  "sign.post.single": "Landlubber's Markin' Post",
  "sign.post.town": "One Sided Town Sign Post",
  "sign.post.town.roof": "Two Sided Town Sign Post",
  "sign.wooden.huge": "Whale of a Plank",
  "sign.wooden.large": "Big Ol' Artist's Plank",
  "sign.wooden.medium": "Medium Wooden Sign",
  "sign.wooden.small": "Lil' Artist's Plank",
  "guntrap": "Blunderbuss Snare",
  "sleepingbag": "im feelin' eepy",
  "stash.small": "Wee Booty Holder",
  "sofa": "Sofa",
  "sofa.pattern": "Sofa - Pattern",
  "spinner.wheel": "Spinning wheel",
  "fishtrap.small": "Timber Fish Net",
  "table": "Drinktable",
  "workbench1": "Deckhand's Workbench",
  "workbench2": "First Mate's Workbench",
  "workbench3": "Captain's Workbench",
  "cupboard.tool": "Captain's Locker",
  "tunalight": "Tuna Can Lamp",
  "vending.machine": "Metal Merchant",
  "water.catcher.large": "Large Rum Distillery",
  "water.catcher.small": "Small Rum Distillery",
  "water.purifier": "Water Cleaner",
  "generator.wind.scrap": "Spinny thing",
  "box.wooden": "Tiny lil box",
  "apple": "Apple",
  "apple.spoiled": "Spoiled Apple",
  "black.raspberries": "Black Fruit",
  "blueberries": "Sea Berries",
  "botabag": "Hand-Held Scuttlebutt",
  "grub": "fat worm",
  "worm": "wiggly shitlips",
  "cactusflesh": "Spikey Green Flesh",
  "can.beans": "Barrel 'o Beans",
  "can.tuna": "toona",
  "chocolate": "Bar o' Chocolate",
  "fish.anchovy": "Anchovy",
  "fish.catfish": "Your Mom",
  "fish.cooked": "Smoked Fish",
  "fish.raw": "Scurvy riddled food",
  "fish.herring": "Herring",
  "fish.minnows": "Lil' Fish",
  "fish.orangeroughy": "Orange Roughy",
  "fish.salmon": "Salmon",
  "fish.sardine": "Sardine",
  "fish.smallshark": "Small Shark",
  "fish.troutsmall": "Tiny Fish",
  "fish.yellowperch": "Yellow Perch",
  "granolabar": "Ship's Biscuit",
  "chicken.burned": "Bad bird meat",
  "chicken.cooked": "Good bird meat",
  "chicken.raw": "Scurvy Riddled Bird",
  "chicken.spoiled": "Dead Weight",
  "deermeat.burned": "Black tar heroin",
  "deermeat.cooked": "Tasty Deer Meat",
  "deermeat.raw": "Flesh o' Stag",
  "horsemeat.burned": "Burnt Steed Meat",
  "horsemeat.cooked": "Burned Horse",
  "horsemeat.raw": "dead horsey",
  "humanmeat.burned": "Charred Pirate Flesh",
  "humanmeat.cooked": "Cooked Pirate Flesh",
  "humanmeat.raw": "Raw Pirate Flesh",
  "humanmeat.spoiled": "Spoiled Pirate Flesh",
  "bearmeat.burned": "Charred Murder Meat",
  "bearmeat.cooked": "Cooked Murder Meat",
  "bearmeat": "Raw Murder Meat",
  "wolfmeat.burned": "extra dead dog",
  "wolfmeat.cooked": "tortured doggy",
  "wolfmeat.raw": "dead doggy",
  "wolfmeat.spoiled": "Coronavirus dog",
  "meat.pork.burned": "Extra Burnt Piggy",
  "meat.pork.cooked": "Tortured Piggy",
  "meat.boar": "Dead Piggy",
  "mushroom": "Big Fungus",
  "jar.pickle": "Ye' Luck Testin' Tool",
  "smallwaterbottle": "Small Rum Glass",
  "waterjug": "Rum Jug",
  "fun.bass": "Wasted a shovel on a guitar.......",
  "fun.cowbell": "\"DING\"\"DONG\"\"SMACK\"",
  "drumkit": "pots and pans",
  "fun.flute": "pan flute /shrug",
  "fun.guitar": "Lute",
  "fun.jerrycanguitar": "shit guitar",
  "piano": "Piano on wheels",
  "fun.tambourine": "tf is this thing",
  "fun.trumpet": "doot doot bitches",
  "fun.tuba": "Tsungi Horn",
  "xylophone": "Music Bones ",
  "door.key": "Door Key",
  "lock.key": "Get 100 frags already",
  "lock.code": "Funny telephone",
  "blueprintbase": "Ye Craftin' Map",
  "chineselantern": "Oriental Lamp",
  "dragondoorknocker": "Dragon Knock'rr",
  "hat.dragonmask": "Dragon Mask",
  "newyeargong": "New Year Gong",
  "hat.oxmask": "Neek Mask",
  "hat.rabbitmask": "Rabbit Mask",
  "hat.ratmask": "Rat Mask",
  "skylantern": "Sky Lantern",
  "skylantern.skylantern.green": "Sky Lantern - Green",
  "skylantern.skylantern.orange": "Sky Lantern - Orange",
  "skylantern.skylantern.purple": "Sky Lantern - Purple",
  "skylantern.skylantern.red": "Sky Lantern - Red",
  "lunar.firecrackers": "Fire******* String",
  "hat.tigermask": "Tiger Mask",
  "arcade.machine.chippy": "Chippy Pirate Game",
  "bluedogtags": "Tags 'o Blue team",
  "dogtagneutral": "land-lubber identification!",
  "reddogtags": "Tags 'o Red team",
  "door.closer": "Closer o' doors",
  "attire.bunnyears": "Rabbit Earsie",
  "attire.bunny.onesie": "Hare Onesie",
  "hat.bunnyhat": "'At o' the bunny",
  "easterdoorwreath": "Easter Door Wreath",
  "easterbasket": "Egg Basket",
  "attire.egg.suit": "Egg comstoom",
  "rustige_egg_a": "Rustig? Egg - Red",
  "rustige_egg_b": "Rustig? Egg - Blue",
  "rustige_egg_c": "Rustig? Egg - Purple",
  "rustige_egg_d": "Rustig? Egg - Ivory",
  "rustige_egg_e": "Rustig? Egg - Green",
  "rustige_egg_f": "Rustig? Egg - White",
  "attire.nesthat": "Birdie Hat",
  "easter.bronzeegg": "Bronze Egg",
  "easter.goldegg": "Gold Egg",
  "easter.paintedeggs": "a coloered chicken egg",
  "easter.silveregg": "Silver Egg",
  "halloween.candy": "Candy o' Halloween",
  "largecandles": "Large Candle Set",
  "smallcandles": "Small Firestick Thingy's",
  "carvable.pumpkin": "carvable spite remover",
  "coffin.storage": "Dead man's box",
  "cursedcauldron": "Witch's Cauldron\n",
  "gravestone": "Shipwrecked Grave",
  "woodcross": "Wooden Cross",
  "frankensteins.monster.01.head": "Light Frankenstein Head",
  "frankensteins.monster.01.legs": "Light Frankenstein Legs",
  "frankensteins.monster.01.torso": "Light Frankenstein Torso",
  "frankensteins.monster.02.head": "Medium Frankenstein Head",
  "frankensteins.monster.02.legs": "Medium Frankenstein Legs",
  "frankensteins.monster.02.torso": "Medium Frankenstein Torso",
  "frankensteins.monster.03.head": "Heavy Frankenstein Head",
  "frankensteins.monster.03.legs": "Heavy Frankenstein Legs",
  "frankensteins.monster.03.torso": "Heavy Frankenstein Torso",
  "wall.graveyard.fence": "Graveyard Fence",
  "halloween.lootbag.large": "Big Booty Box",
  "halloween.lootbag.medium": "Medium Plunder Bag",
  "halloween.lootbag.small": "Small Bag o' Booty",
  "pumpkinbasket": "Basket o' Orange Vegetable",
  "scarecrow": "Scarecrow",
  "skullspikes.candles": "Skull Spikes",
  "skullspikes.pumpkin": "Skull Spikes",
  "skullspikes": "Skull Spikes",
  "skulldoorknocker": "Skull Knocker o' Doors",
  "skull_fire_pit": "Skull Fire Pit",
  "spiderweb": "Spider Webs",
  "spookyspeaker": "Spooky Speaker",
  "halloween.surgeonsuit": "Johnny Sins' Robe",
  "skull.trophy.jar": "Skull Trophy",
  "skull.trophy.jar2": "Skull Trophy",
  "skull.trophy.table": "Skull Trophy",
  "skull.trophy": "Skull Trophy",
  "blueidtag": "Blue ID Tag",
  "grayidtag": "Gray ID Tag",
  "greenidtag": "Green ID Tag",
  "orangeidtag": "Orange ID Tag",
  "pinkidtag": "Pink ID Tag",
  "purpleidtag": "Purple ID Tag",
  "redidtag": "Red ID Tag",
  "whiteidtag": "White ID Tag",
  "yellowidtag": "Yellow ID Tag",
  "movembermoustachecard": "Card Movember Moustache",
  "movembermoustache": "Movember Moustache",
  "note": "Diary",
  "factorydoor": "captions courters Hatch ",
  "industrial.wall.light.green": "Green Industrial Wall Light",
  "industrial.wall.light": "Industrial Wall Light",
  "industrial.wall.light.red": "Red Industrial Wall Light",
  "skull.human": "Pirate Skull",
  "abovegroundpool": "Open-air rum distillery",
  "beachchair": "Beach Chair",
  "beachparasol": "Cover o' Rain n' Sunshine",
  "beachtable": "War Planning Table",
  "beachtowel": "Dirty Towel",
  "boogieboard": "Poor Man's Vessel",
  "innertube": "Inner Tube",
  "innertube.horse": "Inner Tube",
  "innertube.unicorn": "Inner Tube",
  "tool.instant_camera": "Instant Camera",
  "paddlingpool": "Paddling Pool",
  "photo": "Realistic Artwork",
  "photoframe.landscape": "Landscape Photo Frame",
  "photoframe.large": "Large Photo Frame",
  "photoframe.portrait": "Portrait Photo Frame",
  "sunglasses02black": "Sunglasses",
  "sunglasses02camo": "Sunglasses",
  "sunglasses02red": "Sunglasses",
  "sunglasses03black": "Sunglasses",
  "sunglasses03chrome": "Sunglasses",
  "sunglasses03gold": "Sunglasses",
  "sunglasses": "Sunglasses",
  "gun.water": "Ye Water Cannon",
  "pistol.water": "El WiiWii",
  "trophy": "Twitch Rivals Trophy",
  "twitchsunglasses": "Purple Sunglasses",
  "twitch.headset": "Headset",
  "hobobarrel": "Stowaway Barrel",
  "door.hinged.industrial.a": "Portholed Door",
  "xmas.advent": "Advent calendarrr",
  "candycaneclub": "Violent stick o' tooth rot",
  "xmas.lightstring": "Christmas Lights",
  "xmas.door.garland": "Festive Doorway Garland",
  "xmas.double.door.garland": "Festive Double Doorway Garland",
  "candycane": "Stick o' tooth rot",
  "giantcandycanedecor": "Giant Candy Decor",
  "wall.ice.wall": "Short Ice Wall",
  "wall.external.high.ice": "large frozen water wall",
  "giantlollipops": "Decorative Stick o' Tooth Rot",
  "sign.neon.125x125": "Small Neon Sign",
  "sign.neon.125x215.animated": "Medium Animated Neon Sign",
  "sign.neon.125x215": "Medium Neon Sign",
  "sign.neon.xl.animated": "Large Animated Neon Sign",
  "sign.neon.xl": "Large Neon Sign",
  "pookie.bear": "Pookie Bear",
  "xmas.lightstring.advanced": "Deluxe Christmas Lights",
  "coal": "Black rock :/",
  "xmas.present.large": "Large Present",
  "xmas.present.medium": "Medium Present",
  "xmas.present.small": "Small Present",
  "sled.xmas": "Sled",
  "sled": "Sled",
  "snowmachine": "Freeze Machine",
  "snowball": "\"Snow\"ball",
  "snowballgun": "Frozen Water Musket",
  "snowman": "Cold Pirate",
  "stocking.large": "SUPER Stocking",
  "stocking.small": "Small Stocking",
  "gingerbreadsuit": "Gingerbread Suit",
  "attire.reindeer.headband": "Christmas creature horns",
  "santabeard": "Santa Beard",
  "santahat": "Santa Hat",
  "attire.snowman.helmet": "Snowman Helmet",
  "xmas.window.garland": "Festive Window Garland",
  "wrappedgift": "Wrapped Gift",
  "wrappingpaper": "Wrapping Paper",
  "xmasdoorwreath": "Christmas Door Wreath",
  "xmas.decoration.baubels": "Decorative Baubels",
  "xmas.decoration.candycanes": "Decorative Plastic Candy Canes",
  "xmas.decoration.gingerbreadmen": "Decorative Gingerbread Men",
  "xmas.decoration.lights": "Tree Lights",
  "xmas.decoration.pinecone": "Decorative Pinecones",
  "xmas.decoration.star": "Star Tree Topper",
  "xmas.decoration.tinsel": "Decorative Tinsel",
  "xmas.tree": "Christmas Tree",
  "captainslog": "Cap'n's Log",
  "fishing.tackle": "Fishin' Tackle",
  "bottle.vodka": "Clap of Thunder",
  "autoturret": "Cum blaster",
  "flameturret": "Brimstone Trap",
  "gloweyes": "Eyes o' the Devil",
  "ammo.rocket.sam": "Auto-Cannon Ammo",
  "samsite": "For use of bitches",
  "black.berry": "Black berry's",
  "clone.black.berry": "Black Berry Cut",
  "seed.black.berry": "Black Berry Seed",
  "blue.berry": "Blue berry's",
  "clone.blue.berry": "Blue Berry Cut",
  "seed.blue.berry": "Blue Berry Seed",
  "green.berry": "Berries o' Green",
  "clone.green.berry": "Green Berry Cut",
  "seed.green.berry": "Green Berry Seed",
  "red.berry": "Berries o' Red",
  "clone.red.berry": "Red Berry Cut",
  "seed.red.berry": "Red Berry Seed",
  "white.berry": "White Berry's",
  "clone.white.berry": "White Berry Cut",
  "seed.white.berry": "White Berry Seed",
  "yellow.berry": "Yello' berry's",
  "clone.yellow.berry": "Yello' Berry Cut",
  "seed.yellow.berry": "Yellow Berry Seed",
  "corn": "Maize",
  "clone.corn": "Corn Clone",
  "seed.corn": "Maize Seed",
  "clone.hemp": "Marijuana Clone",
  "seed.hemp": "Marijuana Seed",
  "potato": "Potato",
  "clone.potato": "a spud copy",
  "seed.potato": "Potato Seed",
  "pumpkin": "Large Orange Vegetable",
  "clone.pumpkin": "Large Orange Vegetable Plant Clone",
  "seed.pumpkin": "Large Orange Vegetable Seed",
  "fat.animal": "Rudder Grease",
  "battery.small": "Storm container - small",
  "blood": "Blood",
  "bone.fragments": "Pieces o' skelet",
  "cctv.camera": "Auto-spyglass",
  "charcoal": "Timber Scraps",
  "cloth": "Ye' Old Rag",
  "crude.oil": "Black Gold",
  "diesel_barrel": "Barrel o' black water",
  "can.beans.empty": "Empty Barrel 'o Beans",
  "can.tuna.empty": "no toona :(",
  "explosives": "Boomies",
  "fertilizer": "Shite",
  "gunpowder": "Black powder",
  "horsedung": "Shit",
  "hq.metal.ore": "Very Shiny Rock",
  "metal.refined": "Very Shiny Rock",
  "leather": "Skin o' cow",
  "lowgradefuel": "Bad blubber",
  "metal.fragments": "Fragments o' shiny stuf'",
  "metal.ore": "Shiny Rock",
  "paper": "Map fiber",
  "plantfiber": "Plant Fiber",
  "researchpaper": "Research Paper",
  "water.salt": "The Sea",
  "scrap": "Doubloons",
  "stones": "Pebbles",
  "sulfur.ore": "Raw Boomstone",
  "sulfur": "Boom Powder",
  "targeting.computer": "Gaming computer",
  "water": "Rum",
  "skull.wolf": "Wolf Skull",
  "wood": "Timber",
  "healingtea.advanced": "Advanced Tea o' Health",
  "healingtea": "Basic Tea o' Health",
  "healingtea.pure": "Pure Tea o' Health",
  "maxhealthtea.advanced": "Advanced Tea o' Max Health",
  "maxhealthtea": "Basic Tea o' Max Health",
  "maxhealthtea.pure": "Pure Tea o' Max Health",
  "oretea.advanced": "Advanced Tea o' Ore",
  "oretea": "Basic Tea o' Ore",
  "oretea.pure": "Pure Tea o' Ore",
  "radiationremovetea.advanced": "Advanced Purifyin' Tea",
  "radiationremovetea": "Purifyin' Tea",
  "radiationremovetea.pure": "Pure Purifyin' Tea",
  "radiationresisttea.advanced": "Mediocre Curse Protector",
  "radiationresisttea": "Weak Curse Protector",
  "radiationresisttea.pure": "STRONG Seasickness Protector",
  "scraptea.advanced": "Advanced Tea o' Scrap",
  "scraptea": "Basic Tea o' Scrap",
  "scraptea.pure": "Pure Tea o' Scrap",
  "supertea": "Super Serum",
  "woodtea.advanced": "Advanced Tea o' Wood",
  "woodtea": "Basic Tea o' Wood",
  "woodtea.pure": "Pure Tea o' Wood",
  "antiradpills": "Anti-Black Magic Pills",
  "tool.binoculars": "Loot Goggles",
  "explosive.timed": "Brick o' Boom",
  "tool.camera": "Camera",
  "rf.detonator": "RF Transmitter",
  "fishingrod.handmade": "Handmade Fishing Rod",
  "flare": "Magic Burnin' Stick",
  "flashlight.held": "Directional Lantern",
  "geiger.counter": "Ticky Thing",
  "hosetool": "Hoes Tool",
  "jackhammer": "bussybasher 5000",
  "keycard_blue": "Captain's Key",
  "keycard_green": "Commanders key",
  "keycard_red": "Admiral's key",
  "largemedkit": "Rum box",
  "concretehatchet": "Helmet o' Concrete",
  "concretepickaxe": "Pickaxe o' Concrete",
  "lumberjack.hatchet": "Makeshift Tree Murderer",
  "lumberjack.pickaxe": "Makeshift Pebble Poker",
  "map": "Paper Map",
  "syringe.medical": "Stick o' Fat Injection",
  "rf_pager": "RF Pager",
  "pipetool": "Pipe Tool",
  "building.planner": "Buildin' Plan",
  "grenade.smoke": "Smoke-in-a-bomb",
  "spraycan": "Spray Can",
  "spraycandecal": "Spray Can Decal",
  "supply.signal": "Booty Caller",
  "surveycharge": "Survey Charge",
  "wiretool": "Wire Tool",
  "vehicle.chassis.2mod": "Small Chassis",
  "vehicle.chassis.3mod": "Medium Chassis",
  "vehicle.chassis.4mod": "Large Chassis",
  "vehicle.chassis": "Generic vehicle chassis",
  "vehicle.1mod.cockpit": "Cockpit Vehicle Module",
  "vehicle.1mod.cockpit.armored": "Armored Cockpit Vehicle Module",
  "vehicle.1mod.cockpit.with.engine": "Cockpit With Engine Vehicle Module",
  "vehicle.1mod.engine": "Engine Vehicle Module",
  "vehicle.1mod.flatbed": "Flatbed Vehicle Module",
  "vehicle.1mod.passengers.armored": "Armored Passenger Vehicle Module",
  "vehicle.1mod.rear.seats": "Rear Seats Vehicle Module",
  "vehicle.1mod.storage": "Storage Vehicle Module",
  "vehicle.1mod.taxi": "Taxi Vehicle Module",
  "vehicle.2mod.camper": "Camper Vehicle Module",
  "vehicle.2mod.flatbed": "Large Flatbed Vehicle Module",
  "vehicle.2mod.fuel.tank": "Fuel Tank Vehicle Module",
  "vehicle.2mod.passengers": "Passenger Vehicle Module",
  "vehicle.module": "Generic vehicle module",
  "boombox": "Shanty Blaster",
  "fun.boomboxportable": "Shanty Blaster",
  "cassette": "pirate recoding - big",
  "cassette.medium": "pirate recoding - medium",
  "cassette.short": "pirate recoding - small",
  "fun.casetterecorder": "Cassette Recorder",
  "discoball": "flashy, spinning, ball",
  "discofloor": "Party Planks",
  "discofloor.largetiles": "Party Planks",
  "connected.speaker": "connect a blabber box.",
  "laserlight": "Laser Light",
  "megaphone": "Captain's Diaphragm",
  "microphonestand": "LA LA LA LA LAAAAAAA",
  "mobilephone": "ring ring - pirates calling - \"arr\" or something idk",
  "soundlight": "Sound Light",
  "telephone": "Talkin' box",
  "weapon.mod.8x.scope": "16x Gun Telescope",
  "weapon.mod.burstmodule": "Burst Module",
  "weapon.mod.extendedmags": "Bigger musket ball holder",
  "weapon.mod.flashlight": "Musket Lantern",
  "weapon.mod.holosight": "Black Magic Telescope",
  "weapon.mod.lasersight": "Laserzone",
  "weapon.mod.muzzleboost": "DT mod",
  "weapon.mod.muzzlebrake": "shitter helper",
  "weapon.mod.simplesight": "worst sight never use",
  "weapon.mod.silencer": "shut up stupid gun",
  "weapon.mod.small.scope": "8x Gun Telescope",
  "rifle.ak": "Auto Musket",
  "rifle.ak.ice": "Frozen Auto Musket",
  "bandage": "Blood Patcher",
  "grenade.beancan": "Wee powder keg",
  "rifle.bolt": "Black Beard's Musket",
  "bone.club": "Landlubber's Leg",
  "knife.bone": "Bone Shank",
  "bow.hunting": "Huntin' Bow",
  "cakefiveyear": "Sweet Pie with wax sticks",
  "chainsaw": "Motorized Tree Murderer",
  "salvaged.cleaver": "Salvaged Cleaver",
  "bow.compound": "Sturdy Arrow Shooter",
  "crossbow": "Cannon Bow",
  "shotgun.double": "Double Barrel Blunderbuss",
  "pistol.eoka": "Landlubber's Pistol",
  "grenade.f1": "Powder Bomb",
  "flamethrower": "Launcher o' brimstone",
  "grenade.flashbang": "Sun in a bottle",
  "pistol.prototype17": "Burst Flintlock",
  "multiplegrenadelauncher": "Multi Barreled Hand Cannon",
  "mace.baseballbat": "Baseball Bat",
  "knife.butcher": "Fillet knife",
  "pitchfork": "Yawspoon",
  "sickle": "Sickle",
  "torch.torch.skull": "Cultist Deer Torch",
  "skull": "pirate head",
  "hammer": "Timber hammer",
  "hatchet": "Tree Murderer",
  "hmlmg": "Somalian auto cannon",
  "knife.combat": "Pirate Hook",
  "rifle.l96": "Eye o' Reach",
  "rifle.lr300": "Assault Musket",
  "lmg.m249": "Auto Cannon",
  "rifle.m39": "M39 Musket",
  "pistol.m92": "Automatic Flintlock\n",
  "mace": "Spiked Metal Stick",
  "machete": "Long Knife",
  "grenade.molotov": "Spicy Rum",
  "smg.mp5": "Auto Flintlock",
  "pistol.nailgun": "Dart Thrower",
  "paddle": "Poor man's sail",
  "pickaxe": "Pebble Poker",
  "shotgun.waterpipe": "Blunderbuss",
  "pistol.python": "High Powered Flintlock",
  "pistol.revolver": "Semi-automatic flintlock\n",
  "rock": "Rock",
  "rocket.launcher": "Cannon",
  "axe.salvaged": "Salvaged timber cutter",
  "hammer.salvaged": "Stolen Clubber",
  "icepick.salvaged": "Adm'rals toothpick",
  "explosive.satchel": "Dynamite",
  "shotgun.pump": "Pump Action Blunderbuss",
  "pistol.semiauto": "Semi-Auto Flintlock",
  "rifle.semiauto": "Semi-Automatic Musket",
  "smg.2": "Hasty Makeshift Flintlock",
  "shotgun.spas12": "Semi-automatic Blunderbuss",
  "speargun": "Speargun",
  "stonehatchet": "Shitty Tree Murderer",
  "stone.pickaxe": "Shitty Rock Smacker",
  "spear.stone": "Stone Tipped Boarding Pike",
  "longsword": "Shortsword",
  "salvaged.sword": "Cutlass",
  "smg.thompson": "Tommy (wee lad)",
  "toolgun": "Garry's Mod Tool Gun",
  "torch": "Burnin' Stick",
  "bucket.water": "Walter Bucket",
  "spear.wooden": "Big stabby stick",
  "horse.armor.roadsign": "Drippy Honse maker",
  "horse.armor.wood": "Wooden 'Orse Armor",
  "horse.saddle.double": "Double 'Orse Saddle",
  "horse.saddle": "Saddle",
  "horse.saddle.single": "No bitches saddle",
  "horse.saddlebag": "Saddle bag",
  "horse.shoes.advanced": "High Quality Horse Jordans",
  "horse.shoes.basic": "Fake Horse Jordans"
}