{
  "hat.wolf": "늑대 머리 모자",
  "fogmachine": "안개돌이-3000",
  "strobelight": "섬광등",
  "kayak": "카약",
  "minihelicopter.repair": "곰 가죽 러그",
  "scraptransportheli.repair": "폐철물 헬리콥터 수리",
  "workcart": "작업 카트",
  "ammo.grenadelauncher.buckshot": "40mm 산탄 탄약",
  "ammo.grenadelauncher.he": "40mm 고폭탄",
  "ammo.grenadelauncher.smoke": "40mm 연막탄",
  "arrow.hv": "고속 화살",
  "arrow.wooden": "나무 화살",
  "arrow.bone": "뼈 화살",
  "arrow.fire": "불화살",
  "ammo.handmade.shell": "수제 산탄",
  "ammo.nailgun.nails": "못총용 못",
  "ammo.pistol": "권총탄",
  "ammo.pistol.fire": "소이 권총탄",
  "ammo.pistol.hv": "고속 권총탄",
  "ammo.rifle": "5.56mm 소총탄",
  "ammo.rifle.explosive": "5.56mm 폭발탄",
  "ammo.rifle.incendiary": "5.56mm 소이탄",
  "ammo.rifle.hv": "5.56mm 고속탄",
  "ammo.rocket.basic": "로켓",
  "ammo.rocket.fire": "소이 로켓",
  "ammo.rocket.hv": "고속 로켓\n",
  "ammo.rocket.smoke": "연막 로켓 개발중!!!!",
  "ammo.shotgun": "12 게이지 산탄",
  "ammo.shotgun.fire": "12 게이지 소이탄",
  "ammo.shotgun.slug": "12 게이지 슬러그탄",
  "door.double.hinged.metal": "판금 이중 문",
  "door.double.hinged.toptier": "강화 합금 이중 문",
  "door.double.hinged.wood": "목재 이중 문",
  "door.hinged.metal": "판금 문",
  "door.hinged.toptier": "강화 합금 문",
  "door.hinged.wood": "나무 문",
  "floor.grill": "창살 바닥",
  "floor.ladder.hatch": "사다리 해치",
  "floor.triangle.grill": "삼각 바닥 틀",
  "floor.triangle.ladder.hatch": "삼각 사다리 해치",
  "gates.external.high.stone": "돌 외벽 대문",
  "gates.external.high.wood": "나무 외벽 대문",
  "ladder.wooden.wall": "나무 사다리",
  "wall.external.high.stone": "높은 돌 외벽",
  "wall.external.high": "높은 나무 외벽",
  "wall.frame.cell.gate": "감옥 문",
  "wall.frame.cell": "감옥 벽",
  "wall.frame.fence.gate": "철장 울타리 문",
  "wall.frame.fence": "철장 울타리",
  "wall.frame.garagedoor": "차고 문",
  "wall.frame.netting": "그물",
  "wall.frame.shopfront": "가판대",
  "wall.frame.shopfront.metal": "금속 가판대",
  "wall.window.bars.metal": "금속 창살",
  "wall.window.bars.toptier": "강화 유리창",
  "wall.window.bars.wood": "나무 창살",
  "shutter.metal.embrasure.a": "금속 가로 총안",
  "shutter.metal.embrasure.b": "금속 세로 총안",
  "wall.window.glass.reinforced": "강화 유리창",
  "shutter.wood.a": "나무 덧문",
  "watchtower.wood": "나무 감시탑",
  "diving.fins": "다이빙 물갈퀴",
  "diving.mask": "다이빙 마스크",
  "diving.tank": "다이빙 탱크",
  "diving.wetsuit": "잠수복",
  "boots.frog": "개구리 부츠",
  "barrelcostume": "드럼통 의상",
  "cratecostume": "상자 코스튬",
  "hat.gas.mask": "방독면",
  "burlap.gloves.new": "삼베 장갑",
  "burlap.gloves": "가죽 장갑",
  "roadsign.gloves": "표지판 장갑",
  "tactical.gloves": "전술 장갑",
  "ghostsheet": "유령 의상",
  "halloween.mummysuit": "미라 슈트",
  "scarecrow.suit": "허수아비 옷",
  "scarecrowhead": "허수아비 헝겊",
  "attire.hide.helterneck": "가죽 홀터넥",
  "hat.beenie": "비니",
  "hat.boonie": "챙모자",
  "bucket.helmet": "양동이 헬맷",
  "burlap.headwrap": "삼베 두건",
  "hat.candle": "촛불 모자",
  "hat.cap": "야구 모자",
  "clatter.helmet": "Clatter 헬멧",
  "coffeecan.helmet": "커피 캔 헬멧",
  "deer.skull.mask": "뼈 헬멧",
  "heavy.plate.helmet": "중장갑 투구",
  "hat.miner": "광부 모자",
  "partyhat": "파티 모자",
  "riot.helmet": "시위용 헬멧",
  "wood.armor.helmet": "나무 헬멧",
  "hoodie": "후드티",
  "bone.armor.suit": "뼈 갑옷",
  "heavy.plate.jacket": "중장갑 재킷",
  "jacket.snow": "설산용 재킷",
  "jacket": "재킷",
  "wood.armor.jacket": "나무 흉갑",
  "mask.balaclava": "수제 방한모",
  "mask.bandana": "스카프",
  "metal.facemask": "금속 가면",
  "nightvisiongoggles": "야간 투시경",
  "attire.ninja.suit": "닌자 복장",
  "burlap.trousers": "삼베 바지",
  "heavy.plate.pants": "중장갑 바지",
  "attire.hide.pants": "가죽 바지",
  "roadsign.kilt": "도로 표지판 스커트",
  "pants.shorts": "반바지",
  "wood.armor.pants": "나무 갑옷 바지",
  "pants": "바지",
  "attire.hide.poncho": "가죽 판초",
  "burlap.shirt": "삼베 셔츠",
  "shirt.collared": "셔츠",
  "attire.hide.vest": "가죽 조끼",
  "shirt.tanktop": "탱크탑",
  "shoes.boots": "부츠",
  "burlap.shoes": "삼베 신발",
  "attire.hide.boots": "가죽 부츠",
  "attire.hide.skirt": "가죽 치마",
  "attire.banditguard": "약탈자 경비 장비",
  "hazmatsuit": "방호복",
  "hazmatsuit_scientist": "과학자 옷",
  "hazmatsuit_scientist_peacekeeper": "과학자 옷",
  "hazmatsuit.spacesuit": "우주복",
  "scientistsuit_heavy": "중무장 과학자 옷",
  "jumpsuit.suit": "낙하복",
  "tshirt.long": "긴 소매 티셔츠",
  "tshirt": "티셔츠",
  "metal.plate.torso": "금속 갑옷",
  "roadsign.jacket": "도로 표지판 갑옷",
  "bleach": "소독제",
  "ducttape": "접착 테이프",
  "carburetor1": "저품질 기화기",
  "carburetor2": "중품질 기화기",
  "carburetor3": "고품질 기화기",
  "crankshaft1": "저품질 크랭크 축",
  "crankshaft2": "중품질 크랭크 축",
  "crankshaft3": "고품질 크랭크 축",
  "piston1": "저품질 피스톤",
  "piston2": "중품질 피스톤",
  "piston3": "고품질 피스톤",
  "sparkplug1": "저품질 점화 플러그",
  "sparkplug2": "중품질 점화 플러그",
  "sparkplug3": "고품질 점화 플러그",
  "valve1": "저품질 밸브",
  "valve2": "중품질 밸브",
  "valve3": "고품질 밸브",
  "fuse": "전기 퓨즈",
  "gears": "기어",
  "glue": "접착제",
  "metalblade": "금속 칼날",
  "metalpipe": "금속 파이프",
  "propanetank": "빈 프로판 탱크",
  "roadsigns": "도로 표지판",
  "rope": "밧줄",
  "sewingkit": "재봉용 실",
  "sheetmetal": "판금",
  "metalspring": "용수철",
  "sticks": "막대기들",
  "tarp": "방수포",
  "techparts": "전자제품 잔해",
  "riflebody": "소총 계열 몸체",
  "semibody": "반자동 몸체",
  "smgbody": "기관단총 계열 몸체",
  "barricade.concrete": "콘크리트 바리케이드",
  "barricade.wood.cover": "나무 바리케이드 덮개",
  "barricade.metal": "금속 바리케이드",
  "barricade.sandbags": "모래 주머니 바리케이드",
  "barricade.stone": "돌 바리케이드",
  "barricade.wood": "나무 바리케이드",
  "barricade.woodwire": "가시 나무 바리케이드",
  "bbq": "바비큐 그릴",
  "trap.bear": "곰덫",
  "bed": "침대",
  "campfire": "모닥불",
  "cardtable": "카드 테이블",
  "ceilinglight": "천장 조명",
  "chair": "의자",
  "composter": "퇴비통",
  "computerstation": "컴퓨터 스테이션",
  "drone": "드론",
  "dropbox": "전자식 우편함",
  "elevator": "엘리베이터",
  "fireplace.stone": "돌 벽난로",
  "firework.boomer.blue": "파란색 폭죽",
  "firework.boomer.champagne": "샴페인 폭죽",
  "firework.boomer.green": "초록색 폭죽",
  "firework.boomer.orange": "주황색 폭죽",
  "firework.boomer.red": "빨간색 폭죽",
  "firework.boomer.violet": "보라색 폭죽",
  "firework.romancandle.blue": "파란 로마 양초",
  "firework.romancandle.green": "초록 로마 양초",
  "firework.romancandle.red": "빨간 로마 양초",
  "firework.romancandle.violet": "바이올렛 로마 양초 폭죽",
  "firework.volcano": "하얀색 화산 폭죽",
  "firework.volcano.red": "빨간색 화산 폭죽",
  "firework.volcano.violet": "바이올렛 화산 폭죽",
  "spikes.floor": "목재 바닥 스파이크",
  "fridge": "냉장고",
  "furnace.large": "대형 용광로",
  "furnace": "용광로",
  "hitchtroughcombo": "여물통",
  "habrepair": "곰 가죽 러그",
  "jackolantern.angry": "화난 잭오랜턴",
  "jackolantern.happy": "행복한 잭오랜턴",
  "trap.landmine": "지뢰",
  "lantern": "랜턴",
  "box.wooden.large": "큰 나무 상자",
  "water.barrel": "물통",
  "locker": "옷장",
  "mailbox": "우체통",
  "mixingtable": "믹싱 테이블",
  "modularcarlift": "모듈식 자동차 리프트",
  "mining.pumpjack": "석유 추출기",
  "small.oil.refinery": "소형 정유기",
  "planter.large": "큰 화분 상자",
  "planter.small": "작은 화분 상자",
  "electric.audioalarm": "오디오 알람",
  "smart.alarm": "스마트 알람",
  "smart.switch": "스마트 스위치",
  "storage.monitor": "보관 측정장치",
  "electric.battery.rechargable.large": "대형 축전지",
  "electric.battery.rechargable.medium": "중형 축전지",
  "electric.battery.rechargable.small": "소형 축전지",
  "electric.button": "버튼",
  "electric.counter": "카운터",
  "electric.hbhfsensor": "HBHF 센서",
  "electric.laserdetector": "레이저 감지기",
  "electric.pressurepad": "압력판",
  "electric.doorcontroller": "문 제어기",
  "electric.heater": "전기 히터",
  "fluid.combiner": "유체 결합기",
  "fluid.splitter": "액체 분리기",
  "fluid.switch": "유류 스위치 & 펌프",
  "electric.andswitch": "AND 스위치",
  "electric.blocker": "차단기",
  "electrical.branch": "전력 분리기",
  "electrical.combiner": "전원 결합기",
  "electrical.memorycell": "메모리 셀",
  "electric.orswitch": "OR 스위치",
  "electric.random.switch": "RAND 스위치",
  "electric.rf.broadcaster": "RF 송출기",
  "electric.rf.receiver": "RF 수신기",
  "electric.xorswitch": "XOR 스위치",
  "electric.fuelgenerator.small": "소형 발전기",
  "electric.generator.small": "테스트 발전기",
  "electric.solarpanel.large": "큰 태양광 패널",
  "electric.igniter": "점화기",
  "electric.flasherlight": "점멸 조명",
  "electric.simplelight": "간단한 라이트",
  "electric.sirenlight": "사이렌 조명",
  "powered.water.purifier": "강화된 정수기",
  "electric.switch": "스위치",
  "electric.splitter": "분배기",
  "electric.sprinkler": "스프링클러",
  "electric.teslacoil": "테슬라 코일",
  "electric.timer": "타이머",
  "electric.cabletunnel": "케이블 터널",
  "waterpump": "물 펌프",
  "mining.quarry": "채굴 채석장",
  "target.reactive": "사격판",
  "box.repair.bench": "수리대",
  "research.table": "연구대",
  "rug.bear": "곰 가죽 러그",
  "rug": "깔개",
  "searchlight": "탐조등",
  "secretlabchair": "Secret Lab 의자",
  "shelves": "급조 선반",
  "sign.hanging.banner.large": "대형 현수막",
  "sign.hanging": "양면 간판",
  "sign.hanging.ornate": "화려한 양면 간판",
  "sign.pictureframe.landscape": "가로 액자",
  "sign.pictureframe.portrait": "세로 액자",
  "sign.pictureframe.tall": "긴 액자",
  "sign.pictureframe.xl": "XL 사이즈 액자",
  "sign.pictureframe.xxl": "XXL 사이즈 액자",
  "sign.pole.banner.large": "큰 현수막 배너",
  "sign.post.double": "이중 방향 표지판",
  "sign.post.single": "단일 방향 표지판",
  "sign.post.town": "단면 마을 간판",
  "sign.post.town.roof": "양면 마을 표지판",
  "sign.wooden.huge": "거대한 나무 표지판",
  "sign.wooden.large": "큰 나무 표지판",
  "sign.wooden.medium": "중간 크기 나무 표지판",
  "sign.wooden.small": "작은 나무 표지판",
  "guntrap": "샷건 트랩",
  "sleepingbag": "침낭",
  "stash.small": "작은 주머니",
  "sofa": "소파",
  "spinner.wheel": "돌림판",
  "fishtrap.small": "물고기 덫",
  "table": "탁자",
  "workbench1": "1레벨 작업대",
  "workbench2": "2레벨 작업대",
  "workbench3": "3레벨 작업대",
  "cupboard.tool": "도구함",
  "tunalight": "참치 캔 램프",
  "vending.machine": "자동판매기",
  "water.catcher.large": "큰 물받이",
  "water.catcher.small": "작은 물받이",
  "water.purifier": "물 정수기",
  "generator.wind.scrap": "풍력 발전기",
  "box.wooden": "작은 나무 상자",
  "apple": "사과",
  "apple.spoiled": "썩은 사과",
  "black.raspberries": "블랙 라즈베리",
  "blueberries": "블루베리",
  "botabag": "휴대용 물통",
  "cactusflesh": "선인장 과육",
  "can.beans": "콩 통조림",
  "can.tuna": "참치 통조림",
  "chocholate": "초콜릿 바",
  "fish.cooked": "익힌 생선",
  "fish.raw": "날 생선",
  "fish.minnows": "송사리",
  "fish.troutsmall": "작은 송어",
  "granolabar": "그래놀라바",
  "chicken.burned": "탄 닭고기",
  "chicken.cooked": "익힌 닭고기",
  "chicken.raw": "날 닭가슴살",
  "chicken.spoiled": "상한 닭고기",
  "deermeat.burned": "탄 사슴 고기",
  "deermeat.cooked": "익힌 사슴고기",
  "deermeat.raw": "날 사슴 고기",
  "horsemeat.burned": "탄 말고기",
  "horsemeat.cooked": "익힌 말고기",
  "horsemeat.raw": "날 말고기",
  "humanmeat.burned": "탄 인육",
  "humanmeat.cooked": "익힌 인육",
  "humanmeat.raw": "날 인육",
  "humanmeat.spoiled": "상한 인육",
  "bearmeat.burned": "탄 곰 고기",
  "bearmeat.cooked": "익힌 곰고기",
  "bearmeat": "날 곰 고기",
  "wolfmeat.burned": "탄 늑대고기",
  "wolfmeat.cooked": "익힌 늑대고기",
  "wolfmeat.raw": "날 늑대고기",
  "wolfmeat.spoiled": "상한 늑대고기",
  "meat.pork.burned": "탄 돼지고기",
  "meat.pork.cooked": "익힌 돼지고기",
  "meat.boar": "날 돼지고기",
  "mushroom": "버섯",
  "jar.pickle": "피클",
  "smallwaterbottle": "작은 휴대용 물병",
  "waterjug": "물통",
  "fun.bass": "삽 기타",
  "fun.cowbell": "카우벨",
  "drumkit": "폐품처리장 드럼 키트",
  "fun.flute": "팬 플루트",
  "fun.guitar": "어쿠스틱 기타",
  "fun.jerrycanguitar": "물통 기타",
  "piano": "손수레 피아노",
  "fun.tambourine": "캔버린",
  "fun.trumpet": "배관공의 트럼펫",
  "fun.tuba": "수자폰",
  "xylophone": "실로본",
  "car.key": "자동차 열쇠",
  "door.key": "문 열쇠",
  "lock.key": "자물쇠",
  "lock.code": "비밀번호 자물쇠",
  "blueprintbase": "청사진",
  "chineselantern": "중국풍 랜턴",
  "dragondoorknocker": "드래곤 문 노커",
  "hat.dragonmask": "용 가면",
  "newyeargong": "새해 징",
  "hat.oxmask": "황소 마스크",
  "hat.ratmask": "쥐 가면",
  "lunar.firecrackers": "끈폭죽",
  "arcade.machine.chippy": "Chippy 게임기",
  "door.closer": "문 닫이",
  "attire.bunnyears": "토끼 머리띠",
  "attire.bunny.onesie": "토끼 일체형옷",
  "hat.bunnyhat": "토끼 모자",
  "easterdoorwreath": "부활절 문 화환",
  "easterbasket": "달걀 바구니",
  "rustige_egg_a": "러스티그? 계란 - 빨강",
  "rustige_egg_b": "러스티그? 계란 - 파랑",
  "rustige_egg_c": "러스티그? 계란 - 보라",
  "rustige_egg_d": "러스티그? 계란 - 아이보리",
  "rustige_egg_e": "러스티그? 알 - 녹색",
  "attire.nesthat": "둥지 모자",
  "easter.bronzeegg": "브론즈 달걀",
  "easter.goldegg": "골드 달걀",
  "easter.paintedeggs": "색칠된 달걀",
  "easter.silveregg": "실버 달걀",
  "halloween.candy": "할로윈 사탕",
  "largecandles": "대형 양초 모음",
  "smallcandles": "작은 촛불 세트",
  "coffin.storage": "관",
  "cursedcauldron": "저주받은 가마솥",
  "gravestone": "묘비",
  "woodcross": "목제 십자가",
  "wall.graveyard.fence": "묘지 울타리",
  "halloween.lootbag.large": "상급 전리품 가방",
  "halloween.lootbag.medium": "중급 전리품 가방",
  "halloween.lootbag.small": "하급 전리품 가방",
  "pumpkinbasket": "호박 바구니",
  "scarecrow": "허수아비",
  "skullspikes.candles": "해골 스파이크",
  "skullspikes.pumpkin": "해골 스파이크",
  "skullspikes": "해골 스파이크",
  "skulldoorknocker": "해골 문고리",
  "skull_fire_pit": "스컬 파이어 피트",
  "spiderweb": "거미줄",
  "spookyspeaker": "으스스한 스피커",
  "halloween.surgeonsuit": "외과 수술복",
  "skull.trophy.jar": "해골 트로피",
  "skull.trophy.jar2": "해골 트로피",
  "skull.trophy.table": "해골 트로피",
  "skull.trophy": "해골 트로피",
  "movembermoustachecard": "Card Movember 콧수염",
  "movembermoustache": "Movember 콧수염",
  "note": "공책",
  "skull.human": "사람 두개골",
  "abovegroundpool": "지상 수영장",
  "beachchair": "해변 의자",
  "beachparasol": "해변 파라솔",
  "beachtable": "해변 탁자",
  "beachtowel": "해변 수건",
  "boogieboard": "부기 보드",
  "innertube": "내부 튜브",
  "innertube.horse": "내부 튜브",
  "innertube.unicorn": "내부 튜브",
  "tool.instant_camera": "즉석 카메라",
  "paddlingpool": "얕은 수영장",
  "photo": "사진",
  "photoframe.landscape": "풍경 사진 액자",
  "photoframe.large": "큰 사진 액자",
  "photoframe.portrait": "인물 사진 액자",
  "sunglasses02black": "선글라스",
  "sunglasses02camo": "선글라스",
  "sunglasses02red": "선글라스",
  "sunglasses03black": "선글라스",
  "sunglasses03chrome": "선글라스",
  "sunglasses03gold": "선글라스",
  "sunglasses": "선글라스",
  "gun.water": "물총",
  "pistol.water": "물 권총",
  "twitchsunglasses": "보라색 선글라스",
  "twitch.headset": "헤드셋",
  "hobobarrel": "떠돌이 드럼통",
  "door.hinged.industrial.a": "공업용 문",
  "candycaneclub": "지팡이 사탕 몽둥이",
  "xmas.lightstring": "크리스마스 조명",
  "xmas.door.garland": "축제 출입구 갈렌드",
  "candycane": "지팡이 사탕",
  "giantcandycanedecor": "거대 사탕 장식",
  "wall.ice.wall": "낮은 얼음 벽",
  "wall.external.high.ice": "높은 얼음 벽",
  "giantlollipops": "거대한 롤리팝 장식",
  "sign.neon.125x125": "소형 네온 표지판",
  "sign.neon.125x215.animated": "중형 애니메이션 네온 표지판",
  "sign.neon.125x215": "중형 네온 표지판",
  "sign.neon.xl.animated": "대형 애니메이션 네온 표지판",
  "sign.neon.xl": "대형 네온 표지판",
  "pookie.bear": "푸키베어",
  "xmas.lightstring.advanced": "호화로운 크리스마스 조명",
  "coal": "석탄 :(",
  "xmas.present.large": "큰 크기 선물상자",
  "xmas.present.medium": "중간 크기 선물상자",
  "xmas.present.small": "작은 크기 선물상자",
  "sled.xmas": "썰매",
  "sled": "썰매",
  "snowmachine": "눈발사 기계",
  "snowball": "눈덩이",
  "snowballgun": "눈덩이 총",
  "snowman": "눈사람",
  "stocking.large": "큰 양말",
  "stocking.small": "작은 양말",
  "attire.reindeer.headband": "순록의 가지진 뿔",
  "santabeard": "산타 수염",
  "santahat": "산타 모자",
  "xmas.window.garland": "축제 창 갈렌드",
  "wrappedgift": "포장 된 선물",
  "wrappingpaper": "포장지",
  "xmasdoorwreath": "크리스마스 문 화환",
  "xmas.decoration.baubels": "장식용 공",
  "xmas.decoration.candycanes": "장식용 플라스틱 지팡이 사탕",
  "xmas.decoration.gingerbreadmen": "장식용 진저브레드 맨",
  "xmas.decoration.lights": "트리 조명",
  "xmas.decoration.pinecone": "장식용 파인콘",
  "xmas.decoration.star": "스타 트리 토퍼",
  "xmas.decoration.tinsel": "장식용 반짝이 조각",
  "xmas.tree": "크리스마스 트리",
  "autoturret": "자동 포탑",
  "flameturret": "화염 포탑",
  "gloweyes": "빛나는 눈",
  "ammo.rocket.sam": "지대공 포탑용 로켓",
  "samsite": "지대공 미사일 포탑",
  "black.berry": "블랙 베리",
  "clone.black.berry": "복제 블랙 베리",
  "seed.black.berry": "블랙 베리 씨앗",
  "blue.berry": "블루 베리",
  "clone.blue.berry": "복제 블루 베리",
  "seed.blue.berry": "블루 베리 씨앗",
  "green.berry": "그린 베리",
  "clone.green.berry": "복제 그린 베리",
  "seed.green.berry": "그린 베리 씨앗",
  "red.berry": "레드 베리",
  "clone.red.berry": "복제 레드 베리",
  "seed.red.berry": "레드 베리 씨앗",
  "white.berry": "화이트 베리",
  "clone.white.berry": "복제 화이트 베리",
  "seed.white.berry": "화이트 베리 씨앗",
  "yellow.berry": "옐로우 베리",
  "clone.yellow.berry": "복제 옐로우 베리",
  "seed.yellow.berry": "옐로우 베리 씨앗",
  "corn": "옥수수",
  "clone.corn": "복제 옥수수",
  "seed.corn": "옥수수 씨앗",
  "clone.hemp": "복제 대마",
  "seed.hemp": "대마 씨앗",
  "potato": "감자",
  "clone.potato": "복제 감자",
  "seed.potato": "감자 씨앗",
  "pumpkin": "호박",
  "clone.pumpkin": "복제 호박",
  "seed.pumpkin": "호박 씨앗",
  "fat.animal": "동물성 지방",
  "battery.small": "소형 배터리",
  "blood": "혈액",
  "bone.fragments": "뼛조각",
  "cctv.camera": "CCTV 카메라",
  "charcoal": "숯",
  "cloth": "천",
  "crude.oil": "원유",
  "diesel_barrel": "디젤 연료",
  "can.beans.empty": "빈 콩 통조림",
  "can.tuna.empty": "빈 참치 통조림",
  "explosives": "폭발물",
  "fertilizer": "거름",
  "gunpowder": "화약",
  "horsedung": "말 똥",
  "hq.metal.ore": "고품질 금속 광석",
  "metal.refined": "고품질 금속",
  "leather": "가죽",
  "lowgradefuel": "저급 연료",
  "metal.fragments": "금속 조각",
  "metal.ore": "금속 광석",
  "paper": "종이",
  "plantfiber": "식물성 섬유",
  "researchpaper": "연구 종이",
  "water.salt": "소금물",
  "scrap": "폐철물",
  "stones": "돌",
  "sulfur.ore": "유황 광석",
  "sulfur": "유황",
  "targeting.computer": "표적 컴퓨터",
  "water": "물",
  "skull.wolf": "늑대 두개골",
  "wood": "목재",
  "healingtea.advanced": "고급 치유 차",
  "healingtea": "기본 치유 차",
  "healingtea.pure": "완전한 치유 차",
  "maxhealthtea.advanced": "고급 최대 체력 차",
  "maxhealthtea": "기본 최대 체력 차",
  "maxhealthtea.pure": "완전한 최대 체력 차",
  "oretea.advanced": "고급 광석 차",
  "oretea": "기본 광석 차",
  "oretea.pure": "완전한 광석 차",
  "radiationremovetea.advanced": "고급 방사능 제거 차",
  "radiationremovetea": "방사능 제거 차",
  "radiationremovetea.pure": "완전한 방사능 제거 차",
  "radiationresisttea.advanced": "고급 항방사능 차",
  "radiationresisttea": "항방사능 차",
  "radiationresisttea.pure": "완전한 항방사능 차",
  "scraptea.advanced": "고급 폐철물 차",
  "scraptea": "기본 폐철물 차",
  "scraptea.pure": "완전한 폐철물 차",
  "woodtea.advanced": "고급 목재 차",
  "woodtea": "기본 목재 차",
  "woodtea.pure": "완전한 목재 차",
  "antiradpills": "방사능 치료 약",
  "tool.binoculars": "쌍안경",
  "explosive.timed": "시한 폭탄",
  "tool.camera": "카메라",
  "rf.detonator": "RF 송신기",
  "fishingrod.handmade": "수제 낚싯대",
  "flare": "조명탄",
  "flashlight.held": "손전등",
  "geiger.counter": "가이거 계수기",
  "hosetool": "호스 도구",
  "jackhammer": "잭해머",
  "keycard_blue": "파란 키카드",
  "keycard_green": "녹색 키카드",
  "keycard_red": "빨간 키카드",
  "largemedkit": "대형 구급상자",
  "map": "종이 지도",
  "syringe.medical": "의료 주사기",
  "rf_pager": "RF 호출기",
  "building.planner": "건축 도안",
  "grenade.smoke": "연막탄",
  "supply.signal": "보급 상자 호출 신호탄",
  "surveycharge": "측정 폭탄",
  "wiretool": "전선 도구",
  "vehicle.chassis.2mod": "소형 섀시",
  "vehicle.chassis.3mod": "중형 섀시",
  "vehicle.chassis.4mod": "대형 섀시",
  "vehicle.chassis": "일반 차량 섀시",
  "vehicle.1mod.cockpit": "조종석 차량 모듈",
  "vehicle.1mod.cockpit.armored": "기갑 조종석 차량 모듈",
  "vehicle.1mod.cockpit.with.engine": "엔진 차량 모듈이 장착된 조종석",
  "vehicle.1mod.engine": "엔진 차량 모듈",
  "vehicle.1mod.flatbed": "평판 차량 모듈",
  "vehicle.1mod.passengers.armored": "기갑 승용차 모듈",
  "vehicle.1mod.rear.seats": "뒷좌석 차량 모듈",
  "vehicle.1mod.storage": "저장 차량 모듈",
  "vehicle.1mod.taxi": "택시 차량 모듈",
  "vehicle.2mod.flatbed": "대형 평판 차량 모듈",
  "vehicle.2mod.fuel.tank": "연료 탱크 차량 모듈",
  "vehicle.2mod.passengers": "승용차 모듈",
  "vehicle.module": "일반 차량 모듈",
  "telephone": "전화",
  "weapon.mod.8x.scope": "16배율 망원 조준경",
  "weapon.mod.flashlight": "플래시라이트",
  "weapon.mod.holosight": "홀로사이트",
  "weapon.mod.lasersight": "레이저사이트",
  "weapon.mod.muzzleboost": "머즐 부스트",
  "weapon.mod.muzzlebrake": "머즐 브레이크",
  "weapon.mod.simplesight": "간단한 수제 조준경",
  "weapon.mod.silencer": "소음기",
  "weapon.mod.small.scope": "8배율 망원 조준경",
  "rifle.ak": "돌격 소총",
  "bandage": "붕대",
  "grenade.beancan": "콩 통조림 수류탄",
  "rifle.bolt": "볼트 액션 소총",
  "bone.club": "뼈 몽둥이",
  "knife.bone": "뼈칼",
  "bow.hunting": "사냥용 활",
  "cakefiveyear": "생일 케이크",
  "chainsaw": "전기톱",
  "salvaged.cleaver": "급조 식칼",
  "bow.compound": "컴파운드 보우",
  "crossbow": "석궁",
  "shotgun.double": "더블 배럴 산탄총",
  "pistol.eoka": "에오카 권총",
  "grenade.f1": "F1 수류탄",
  "flamethrower": "화염 방사기",
  "multiplegrenadelauncher": "다중 유탄 발사기",
  "knife.butcher": "도축용 칼",
  "pitchfork": "쇠스랑",
  "sickle": "낫",
  "hammer": "망치",
  "hatchet": "손도끼",
  "knife.combat": "전투용 칼",
  "rifle.l96": "L96 소총",
  "rifle.lr300": "LR-300 돌격소총",
  "lmg.m249": "M249",
  "rifle.m39": "M39 소총",
  "pistol.m92": "M92 권총",
  "mace": "철퇴",
  "machete": "마체테",
  "smg.mp5": "MP5A4",
  "pistol.nailgun": "못총",
  "paddle": "노",
  "pickaxe": "곡괭이",
  "shotgun.waterpipe": "파이프 산탄총",
  "pistol.python": "파이썬 리볼버",
  "pistol.revolver": "리볼버",
  "rock": "짱돌",
  "rocket.launcher": "로켓 발사기",
  "axe.salvaged": "급조 도끼",
  "hammer.salvaged": "급조 망치\n",
  "icepick.salvaged": "재활용 곡괭이",
  "explosive.satchel": "가방 폭탄",
  "shotgun.pump": "펌프 액션 산탄총",
  "pistol.semiauto": "반자동 권총",
  "rifle.semiauto": "반자동 소총",
  "smg.2": "커스텀 SMG",
  "shotgun.spas12": "Spas-12 산탄총",
  "stonehatchet": "돌 도끼",
  "stone.pickaxe": "돌 곡괭이",
  "spear.stone": "돌창",
  "longsword": "장검",
  "salvaged.sword": "급조 검",
  "smg.thompson": "톰슨",
  "toolgun": "Garry's Mod 툴건",
  "torch": "횃불",
  "bucket.water": "물 양동이",
  "spear.wooden": "나무창",
  "horse.armor.roadsign": "도로 표지판 말 갑옷",
  "horse.armor.wood": "목마 갑옷",
  "horse.saddle": "말 안장",
  "horse.saddlebag": "안장 가방",
  "horse.shoes.advanced": "고품질 말발굽 편자",
  "horse.shoes.basic": "말발굽 편자"
}