{
  "hat.wolf": "غطاء رأس ذئب",
  "fogmachine": "آلة الضباب",
  "strobelight": "مصباح احترافى",
  "kayak": "زورق",
  "minihelicopter.repair": "إصلاح MC",
  "scraptransportheli.repair": "اصلاح النقل",
  "workcart": "Work Cart",
  "ammo.grenadelauncher.buckshot": "40 ملليمتر رصاص خرطوش",
  "ammo.grenadelauncher.he": "قنبلة انفجار عالي 40 ملليمتر",
  "ammo.grenadelauncher.smoke": "قنبلة دخان 40 ملليمتر",
  "arrow.hv": "سهم عالي السرعة",
  "arrow.wooden": "سهم خشبي",
  "arrow.bone": "سهم عظمي",
  "arrow.fire": "سهم النار",
  "ammo.handmade.shell": "رصاص خرطوش صنع يدوي",
  "ammo.nailgun.nails": "مسامير مسدس",
  "ammo.pistol": "رصاص مسدس",
  "ammo.pistol.fire": "رصاص مسدس حارقة",
  "ammo.pistol.hv": "رصاص مسدس عالية السرعة",
  "ammo.rifle": "رصاص بندقية 5.56",
  "ammo.rifle.explosive": "رصاص بندقية عيار 5.56 متفجر",
  "ammo.rifle.incendiary": "رصاص بندقية عيار 5.56 حارقة",
  "ammo.rifle.hv": "رصاص بندقية 5.56 عالية السرعة",
  "ammo.rocket.basic": "صاروخ",
  "ammo.rocket.fire": "صاروخ حارق",
  "ammo.rocket.hv": "صاروخ عالي السرعة",
  "ammo.rocket.smoke": "صاروخ دخان WIP!!!!",
  "ammo.shotgun": "12 عيار كرات",
  "ammo.shotgun.fire": "12 عيار حارق",
  "ammo.shotgun.slug": "12 عيار سبيكة",
  "door.double.hinged.metal": "باب معدني مزدوج",
  "door.double.hinged.toptier": "باب مُصفح مزدوج",
  "door.double.hinged.wood": "باب خشبي مزدوج",
  "door.hinged.metal": "باب معدني",
  "door.hinged.toptier": "باب مُدرَّع",
  "door.hinged.wood": "باب خشبي",
  "floor.grill": "أرضية شبك حديد",
  "floor.ladder.hatch": "سلم سقف متحرك",
  "floor.triangle.grill": "أرضية شواية مثلثة",
  "floor.triangle.ladder.hatch": "فتحة سلم مثلث",
  "gates.external.high.stone": "بوابه حجريه عاليه",
  "gates.external.high.wood": "بوابة خشبيه عالية",
  "ladder.wooden.wall": "سلم خشبي",
  "wall.external.high.stone": "جدار حجري عالي",
  "wall.external.high": "جدار خشبي عالي",
  "wall.frame.cell.gate": "بوابة قضبان زنزانة",
  "wall.frame.cell": "جدار قضبان زنزانة",
  "wall.frame.fence.gate": "بوابة من الاسلاك الحديدية",
  "wall.frame.fence": "سياج من الاسلاك الحديدية",
  "wall.frame.garagedoor": "Garage Door",
  "wall.frame.netting": "شبكة",
  "wall.frame.shopfront": "واجهة متجر",
  "wall.frame.shopfront.metal": "واجهة متجر معدنية",
  "wall.window.bars.metal": "قضبان نوافذ معدنية",
  "wall.window.bars.toptier": "Reinforced Glass Window",
  "wall.window.bars.wood": "قضبان نوافذ خشبية",
  "shutter.metal.embrasure.a": "كوه معدنية أفقية",
  "shutter.metal.embrasure.b": "تطويق عمودي معدني\n",
  "wall.window.glass.reinforced": "Strengthened Glass Window",
  "shutter.wood.a": "باب نافذة خشبي",
  "watchtower.wood": "برج المراقبة",
  "diving.fins": "زعانف الغوص",
  "diving.mask": "قناع الغوص",
  "diving.tank": "خزان الغوص",
  "diving.wetsuit": "بذلة مياه",
  "boots.frog": "حذاء ضفدع",
  "barrelcostume": "زي برميل",
  "cratecostume": "زي قفص",
  "hat.gas.mask": "قناع الغاز",
  "burlap.gloves.new": "قفازات الخيش",
  "burlap.gloves": "قفازات جلدية",
  "roadsign.gloves": "قفازات علامة طريق",
  "tactical.gloves": "قفاز تكتيكي",
  "ghostsheet": "زي الشبح",
  "halloween.mummysuit": "بدلة مومياء",
  "scarecrow.suit": "بدلة فزاعة",
  "scarecrowhead": "فزاعة التفاف",
  "attire.hide.helterneck": "حمالة صدر جلدية",
  "hat.beenie": "قبعة صوفية",
  "hat.boonie": "كبوس (قبعة صوفية)",
  "bucket.helmet": "خوذة دلو",
  "burlap.headwrap": "عمامة خيش",
  "hat.candle": "قبعة شمعية",
  "hat.cap": "قبعة لعبة البيسبول",
  "clatter.helmet": "خوذة القعقعة",
  "coffeecan.helmet": "خوذة من علبة القهوة",
  "deer.skull.mask": "خوذة عظم",
  "heavy.plate.helmet": "خوذة ثقيلة التصفيح",
  "hat.miner": "قبعة عمال مناجم",
  "partyhat": "قبعات حفلة",
  "riot.helmet": "خوذة مكافحة الشغب",
  "wood.armor.helmet": "خوذة مدرع خشبي",
  "hoodie": "زنط",
  "bone.armor.suit": "درع عظمي",
  "heavy.plate.jacket": "سترة ثقيلة التصفيح",
  "jacket.snow": "سترة سميكة",
  "jacket": "سترة",
  "wood.armor.jacket": "درع صدر خشبي",
  "mask.balaclava": "لثام مرتجل",
  "mask.bandana": "قناع باندانا",
  "metal.facemask": "قناع معدني",
  "nightvisiongoggles": "نظارات الرؤية الليلية",
  "burlap.trousers": "سروال خيش",
  "heavy.plate.pants": "سروال ثقيل التصفيح",
  "attire.hide.pants": "سروال جلدي",
  "roadsign.kilt": "تنورة علامة الطريق",
  "pants.shorts": "سروال قصير",
  "wood.armor.pants": "درع سروال خشبي",
  "pants": "السراويل\n",
  "attire.hide.poncho": "معطف جلدي",
  "burlap.shirt": "قميص خيش",
  "shirt.collared": "قميص",
  "attire.hide.vest": "سترة جلدي",
  "shirt.tanktop": "قميص دون اكمام",
  "shoes.boots": "أحذية",
  "burlap.shoes": "حذاء خيش",
  "attire.hide.boots": "حذاء جلدي",
  "attire.hide.skirt": "تنورة جلدي",
  "attire.banditguard": "معدات الحرس",
  "hazmatsuit": "بدلة مضادة للأشعاع",
  "hazmatsuit_scientist": "بدلة عالم",
  "hazmatsuit_scientist_peacekeeper": "بدلة عالم",
  "hazmatsuit.spacesuit": "Space Suit",
  "scientistsuit_heavy": "بدلة عالم",
  "jumpsuit.suit": "بدلة مقطوعة",
  "tshirt.long": "قميص بأكمام طويلة",
  "tshirt": "قميص",
  "metal.plate.torso": "درع معدني للصدر",
  "roadsign.jacket": "سترة علامة طريق",
  "bleach": "مُبيض",
  "ducttape": "شريط لاصق",
  "carburetor1": "كاربوريت منخفض الجودة",
  "carburetor2": "كاربوريت متوسطة الجودة",
  "carburetor3": "كاربوريت عالي الجودة",
  "crankshaft1": "العمود المرفقي منخفضة الجودة",
  "crankshaft2": "العمود المرفقي متوسط الجودة",
  "crankshaft3": "العمود المرفقي منخفضة الجودة",
  "piston1": "مكابس منخفضة الجودة",
  "piston2": "بستن متوسط الجودة",
  "piston3": "بستن عالي الجودة",
  "sparkplug1": "شمعات الإشعال منخفضة الجودة",
  "sparkplug2": "Medium Quality Spark Plugs",
  "sparkplug3": "High Quality Spark Plugs",
  "valve1": "Low Quality Valves",
  "valve2": "Medium Quality Valves",
  "valve3": "صمامات عالية الجودة",
  "fuse": "فيوز كهربائي",
  "gears": "تروس",
  "glue": "صمغ",
  "metalblade": "شفرة معدنية",
  "metalpipe": "أنبوب معدني",
  "propanetank": "صهريج بروبان فارغ",
  "roadsigns": "اشارة الطرق",
  "rope": "حبل",
  "sewingkit": "عدة الخياطة",
  "sheetmetal": "مَعدن",
  "metalspring": "زنبرك معدني",
  "sticks": "العصي",
  "tarp": "قماش القنب",
  "techparts": "Tech Trash",
  "riflebody": "جسد بندقية",
  "semibody": "جسم سلاح شبه آلي",
  "smgbody": "هيكل SMG",
  "barricade.concrete": "حاجز إسمنتي",
  "barricade.wood.cover": "غطاء حاجز خشبي",
  "barricade.metal": "حاجز معدني",
  "barricade.sandbags": "حاجز أكياس من الرمل",
  "barricade.stone": "حاجز حجري",
  "barricade.wood": "حاجز خشبي",
  "barricade.woodwire": "حاجز خشبي شائك",
  "bbq": "شواء",
  "trap.bear": "فخ العض",
  "bed": "سرير",
  "campfire": "نار مخيم",
  "ceilinglight": "ضوء السقف",
  "chair": "كرسي",
  "composter": "صانع السماد",
  "computerstation": "محطة الكمبيوتر",
  "drone": "طائرة بدون طيار",
  "dropbox": "صندوق الإيداع",
  "elevator": "مصعد",
  "fireplace.stone": "مدفأة نار",
  "firework.boomer.blue": "الشعلة الزرقاء",
  "firework.boomer.champagne": "شعلة صفراء",
  "firework.boomer.green": "شعلة خضراء",
  "firework.boomer.orange": "شعلة برتقالية",
  "firework.boomer.red": "شعلة حمراء",
  "firework.boomer.violet": "شعلة بنفسجية",
  "firework.romancandle.blue": "شمعة رومانية زرقاء",
  "firework.romancandle.green": "شمعة رومانية خضراء",
  "firework.romancandle.red": "شمعة رومانية حمراء",
  "firework.romancandle.violet": "شمعة رومانية بنفسجية",
  "firework.volcano": "الألعاب النارية للبركان الأبيض",
  "firework.volcano.red": "الألعاب النارية للبركان الأحمر",
  "firework.volcano.violet": "الألعاب النارية البركانية البنفسجية",
  "spikes.floor": "مسامير أرضية خشبية",
  "fridge": "ثلاجة",
  "furnace.large": "فرن كبير",
  "furnace": "فرن",
  "hitchtroughcombo": "عقبة & الحوض الصغير",
  "habrepair": "جلد دب",
  "jackolantern.angry": "فانوس هالوين بتعبير غاضب",
  "jackolantern.happy": "فانوس هالوين بتعبير مبتسم",
  "trap.landmine": "لغم أرضي",
  "lantern": "فانوس",
  "box.wooden.large": "صندوق خشبي كبير",
  "water.barrel": "برميل المياه",
  "locker": "القفل",
  "mailbox": "صندوق البريد",
  "mixingtable": "طاولة الخلط",
  "modularcarlift": "رفع السيارة المعياري",
  "mining.pumpjack": "مضخة نفط",
  "small.oil.refinery": "مصفاة النفط الصغيرة",
  "planter.large": "صندوق زراعة كبير",
  "planter.small": "صندوق زراعة صغير",
  "electric.audioalarm": "إنذار صوتي",
  "smart.alarm": "منبه ذكي",
  "smart.switch": "تحكم ذكي",
  "storage.monitor": "Storage Monitor",
  "electric.battery.rechargable.large": "بطارية كبيرة قابلة للشحن",
  "electric.battery.rechargable.medium": "بطارية متوسطة قابلة للشحن",
  "electric.battery.rechargable.small": "بطارية صغيرة قابلة للشحن",
  "electric.button": "زر",
  "electric.counter": "عداد",
  "electric.hbhfsensor": "حساس نبض القلب،التنفس،الرطوبة و خطوات القدم",
  "electric.laserdetector": "كاشف الليزر",
  "electric.pressurepad": "لوحة الضغط",
  "electric.doorcontroller": "أداة التحكم للباب",
  "electric.heater": "سخان كهربائي",
  "fluid.combiner": "موحد مواسير ",
  "fluid.splitter": "مقسم السوائل",
  "fluid.switch": "مفتاح تحكم مائى وا مضخه ",
  "electric.andswitch": "مفتاح كهربائي",
  "electric.blocker": "مانع",
  "electrical.branch": "فرع الكهرباء",
  "electrical.combiner": "مُوَحد الجذر",
  "electrical.memorycell": "خلية الذاكرة",
  "electric.orswitch": "مفتاح كهربائي",
  "electric.random.switch": "مفتاح كهربائي",
  "electric.rf.broadcaster": "راديو مذيع",
  "electric.rf.receiver": "راديو إستقبال",
  "electric.xorswitch": "مفتاح كهربائي XOR",
  "electric.fuelgenerator.small": "مولد صغير",
  "electric.generator.small": "Test Generator",
  "electric.solarpanel.large": "لوحة شمسية كبيرة",
  "electric.igniter": "اشعال",
  "electric.flasherlight": "ضوء متقطع",
  "electric.simplelight": "ضوء بسيط",
  "electric.sirenlight": "ضوء إنذار",
  "powered.water.purifier": "جهاز تنقية المياه بالطاقة",
  "electric.switch": "مفتاح كهربائي",
  "electric.splitter": "الفاصل",
  "electric.sprinkler": "رشاش",
  "electric.teslacoil": "لفائف تسلا",
  "electric.timer": "مؤقت",
  "electric.cabletunnel": "كابل نفق",
  "waterpump": "Water Pump",
  "mining.quarry": "آلة إستخراج المعادن",
  "target.reactive": "إعادة تنشيط الهدف",
  "box.repair.bench": "طاولة اصلاح",
  "research.table": "طاولة بحوث",
  "rug.bear": "بساط جلد الدب",
  "rug": "بساط",
  "searchlight": "ضوء البحث",
  "secretlabchair": "كرسي مختبر سري\n",
  "shelves": "رفوف مرتجلة",
  "sign.hanging.banner.large": "لافتة قماش كبيرة تٌعلق",
  "sign.hanging": "لافتة بإتجاهين تٌعلق",
  "sign.hanging.ornate": "لافتة بإتجاهين إطار زخرفي تٌعلق",
  "sign.pictureframe.landscape": "لوحة حائط",
  "sign.pictureframe.portrait": "لوحة حاط أٌفقي",
  "sign.pictureframe.tall": "لوحة حاط أٌفقي طويل",
  "sign.pictureframe.xl": "لوحة حائط إكس كبير",
  "sign.pictureframe.xxl": "إطار صورة إكس إكس كبيرة",
  "sign.pole.banner.large": "لافتة كبيرة معلقة على عمود",
  "sign.post.double": "لافتة مزدوجة",
  "sign.post.single": "لافتة لجهة واحدة",
  "sign.post.town": "لافتة مدينة بوجه واحد",
  "sign.post.town.roof": "لافتة مدينة بوجهين",
  "sign.wooden.huge": "لوحة خشبية ضخمة",
  "sign.wooden.large": "لوحة خشبية كبيرة",
  "sign.wooden.medium": "علامة خشبية متوسطة",
  "sign.wooden.small": "لوحة خشبية صغيرة",
  "guntrap": "فخ بندقية",
  "sleepingbag": "حقيبة نوم",
  "stash.small": "رٌزمة مخبئ",
  "sofa": "Sofa",
  "spinner.wheel": "تدوير العجلة",
  "fishtrap.small": "فخ الأسماك",
  "table": "جدول",
  "workbench1": "طاولة العمل المستوى 1",
  "workbench2": "طاولة العمل المستوى 2",
  "workbench3": "طاولة العمل المستوى 3",
  "cupboard.tool": "تصريح البناء",
  "tunalight": "مصباح علبة التونة",
  "vending.machine": "آلة البيع",
  "water.catcher.large": "اداة تجميع مياه كبيرة",
  "water.catcher.small": "اداة تجميع مياه صغيرة",
  "water.purifier": "أجهزة تنقية المياه",
  "generator.wind.scrap": "محطة طاقة الرياح",
  "box.wooden": "صندوق خشبي",
  "apple": "تفاح",
  "apple.spoiled": "تفاحة فاسدة",
  "black.raspberries": "توت أسود",
  "blueberries": "توت ازرق",
  "botabag": "قارورة مياه",
  "cactusflesh": "ثمرة الصبار",
  "can.beans": "علبة فاصوليا",
  "can.tuna": "علبة تونة",
  "chocholate": "قطعة شوكولاتة",
  "fish.cooked": "سمك مطبوخ",
  "fish.raw": "سمك نيء",
  "fish.minnows": "البلم",
  "fish.troutsmall": "سمك السلمون المرقط صغير",
  "granolabar": "قطعة جرانولا",
  "chicken.burned": "دجاج محروق",
  "chicken.cooked": "دجاج مطبوخ",
  "chicken.raw": "صدر دجاج نيء",
  "chicken.spoiled": "دجاج فاسد",
  "deermeat.burned": "لحم غزال محترق",
  "deermeat.cooked": "لحم غزال مطبوخ",
  "deermeat.raw": "لحم غزال نيء",
  "horsemeat.burned": "لحم حصان محترق",
  "horsemeat.cooked": "لحم حصان مطبوخ",
  "horsemeat.raw": "لحم حصان نيء",
  "humanmeat.burned": "لحم بشري محترق",
  "humanmeat.cooked": "لحم بشري مطبوخ",
  "humanmeat.raw": "لحم بشري نيء",
  "humanmeat.spoiled": "لحم بشري فاسد",
  "bearmeat.burned": "لحم دب محترق",
  "bearmeat.cooked": "لحم دب مطبوخ",
  "bearmeat": "لحم دب نيء",
  "wolfmeat.burned": "لحم ذئب محترق",
  "wolfmeat.cooked": "لحم ذئب مطبوخ",
  "wolfmeat.raw": "لحم ذئب نيء",
  "wolfmeat.spoiled": "لحم ذئب فاسد",
  "meat.pork.burned": "لحم خنزير محترق",
  "meat.pork.cooked": "لحم خنزير مطبوخ",
  "meat.boar": "لحم خنزير نيء",
  "mushroom": "فطر",
  "jar.pickle": "مخللات",
  "smallwaterbottle": "علبة ماء صغيرة",
  "waterjug": "إبريق ماء",
  "fun.bass": "مجرفة موسيقية",
  "fun.cowbell": "جرس",
  "drumkit": "عدة طبول",
  "fun.flute": "مزمار",
  "fun.guitar": "جيتار أكويستيك",
  "fun.jerrycanguitar": "غيتار جيري ",
  "piano": "عربة بيانو",
  "fun.tambourine": "كانبرين",
  "fun.trumpet": "بوق السباكة",
  "fun.tuba": "السوسافون",
  "xylophone": "Xylobone",
  "car.key": "مفتاح السيارة",
  "door.key": "مفتاح الباب",
  "lock.key": "قفل بمفتاح",
  "lock.code": "قفل الكتروني",
  "blueprintbase": "مخطط",
  "chineselantern": "فانوس صيني",
  "dragondoorknocker": "مطرقة تنين للباب",
  "hat.dragonmask": "قناع التنين",
  "newyeargong": "غونغ السنة الجديدة",
  "hat.oxmask": "قناع الثور",
  "hat.ratmask": "قناع الفئران",
  "lunar.firecrackers": "سلسلة المفرقعات النارية",
  "arcade.machine.chippy": "آلة لعبة الأركيد",
  "door.closer": "رداد الباب",
  "attire.bunnyears": "آذان الأرنب",
  "attire.bunny.onesie": "الأرنب نيسي",
  "easterdoorwreath": "اكليلا باب عيد الفصح",
  "easterbasket": "سلة البيض",
  "rustige_egg_a": "روست؟بيض-احمر",
  "rustige_egg_b": "\nروستيج؟ البيض - الأزرق",
  "rustige_egg_c": "روستيج؟ بيض - بنفسجي\n",
  "rustige_egg_d": "روستيج؟ البيض - العاج",
  "attire.nesthat": "قبعة العش",
  "easter.bronzeegg": "بيضة برونزية",
  "easter.goldegg": "بيضة ذهبية",
  "easter.paintedeggs": "بيضة مرسومة",
  "easter.silveregg": "بيضة فضية",
  "halloween.candy": "حلوى الهالوين",
  "largecandles": "مجموعة كبيرة من الشموع",
  "smallcandles": "طقم شمعة صغيرة",
  "coffin.storage": "تابوت",
  "cursedcauldron": "مرجل ملعون",
  "gravestone": "ضريح",
  "woodcross": "الصليب الخشبي",
  "wall.graveyard.fence": "Graveyard Fence",
  "halloween.lootbag.large": "صندوق خشبي كبير",
  "halloween.lootbag.medium": "حقيبة لوت متوسطة",
  "halloween.lootbag.small": "حقيبة غنائم صغيرة",
  "pumpkinbasket": "دلو اليقطين",
  "scarecrow": "الفزاعة",
  "skullspikes.candles": "اشواك الجماجم",
  "skullspikes.pumpkin": "اشواك الجماجم",
  "skullspikes": "اشواك الجماجم",
  "skulldoorknocker": "مطرقة باب الجمجمة",
  "skull_fire_pit": "حفرة النار الجمجمة",
  "spiderweb": "شبكة عنكبوت",
  "spookyspeaker": "مكبر صوت مخيف",
  "halloween.surgeonsuit": "بدلة جراح",
  "skull.trophy.jar": "كأس الجمجمة",
  "skull.trophy.jar2": "كأس الجمجمة",
  "skull.trophy.table": "كأس الجمجمة",
  "skull.trophy": "كأس الجمجمة",
  "movembermoustachecard": "بطاقة لحدث شارب موفمبر",
  "movembermoustache": "حدث شارب موفمبر",
  "note": "ملاحظة",
  "skull.human": "جمجمة بشرية",
  "abovegroundpool": "أعلى المخزن الأرضي",
  "beachchair": "كرسي الشاطئ",
  "beachparasol": "مظلة الشاطئ",
  "beachtable": "طاولة الشاطئ",
  "beachtowel": "منشفة الشاطئ",
  "boogieboard": "لعبة \"Boogie Bot\"",
  "innertube": "الأنبوب الداخلي",
  "innertube.horse": "الأنبوب الداخلي",
  "innertube.unicorn": "الأنبوب الداخلي",
  "tool.instant_camera": "كاميرا فورية",
  "paddlingpool": "مسبح التجديف",
  "photo": "صورة فوتوغرافية",
  "photoframe.landscape": "إطار صور أفقي",
  "photoframe.large": "إطار صور كبير",
  "photoframe.portrait": "إطار صور بورتريه",
  "sunglasses02black": "نظارة شمسيه",
  "sunglasses02camo": "نظارة شمسيه",
  "sunglasses02red": "نظارة شمسيه",
  "sunglasses03black": "نظارة شمسيه",
  "sunglasses03chrome": "نظارة شمسيه",
  "sunglasses03gold": "نظارة شمسيه",
  "sunglasses": "نظارة شمسيه",
  "gun.water": "مسدس مائي",
  "pistol.water": "مسدس ماء",
  "twitchsunglasses": "Purple Sunglasses",
  "twitch.headset": "Headset",
  "hobobarrel": "برميل المتشردين",
  "door.hinged.industrial.a": "باب صناعي",
  "candycaneclub": "مطرقة عصا الحلوى",
  "xmas.lightstring": "اضواء عيد الكرسمس",
  "xmas.door.garland": "Festive Doorway Garland",
  "candycane": "عصا الحلوى",
  "giantcandycanedecor": "ديكور حلوى عملاق",
  "wall.ice.wall": "Short Ice Wall",
  "wall.external.high.ice": "High Ice Wall",
  "giantlollipops": "مصاصة عملاقة تستعمل كأثاث",
  "sign.neon.125x125": "علامة نيون صغيرة",
  "sign.neon.125x215.animated": "علامة نيون متحركة متوسطة",
  "sign.neon.125x215": "علامة نيون متوسطة",
  "sign.neon.xl.animated": "لافتة نيون متحركة كبيرة",
  "sign.neon.xl": "علامة نيون كبيرة",
  "pookie.bear": "الدب الصغير\n",
  "xmas.lightstring.advanced": "Deluxe Christmas Lights",
  "coal": "فحم :(",
  "xmas.present.large": "هدية كبيرة",
  "xmas.present.medium": "هدية متوسطة",
  "xmas.present.small": "هدية صغيرة",
  "sled.xmas": "Sled",
  "sled": "Sled",
  "snowmachine": "آلة الثلج",
  "snowball": "كرة ثلج",
  "snowballgun": "Snowball Gun",
  "snowman": "رجل ثلجي",
  "stocking.large": "SUPER Stocking",
  "stocking.small": "Small Stocking",
  "attire.reindeer.headband": "قرون الرنّة",
  "santabeard": "سانتا بيرد",
  "santahat": "قبعة سانتا",
  "xmas.window.garland": "Festive Window Garland",
  "wrappedgift": "Wrapped Gift",
  "wrappingpaper": "Wrapping Paper",
  "xmasdoorwreath": "Christmas Door Wreath",
  "xmas.decoration.baubels": "Decorative Baubels",
  "xmas.decoration.candycanes": "Decorative Plastic Candy Canes",
  "xmas.decoration.gingerbreadmen": "Decorative Gingerbread Men",
  "xmas.decoration.lights": "أضواء الشجرة",
  "xmas.decoration.pinecone": "Decorative Pinecones",
  "xmas.decoration.star": "Star Tree Topper",
  "xmas.decoration.tinsel": "Decorative Tinsel",
  "xmas.tree": "شجرة العيد",
  "autoturret": "بندقية ألي",
  "flameturret": "فخ ناري",
  "gloweyes": "عيون متوهجة",
  "ammo.rocket.sam": "ذخيرة مضاد جوي",
  "samsite": "موقع سام",
  "black.berry": "التوت الأسود",
  "clone.black.berry": "نسخة التوت الأسود",
  "seed.black.berry": "بذور التوت الأسود",
  "blue.berry": "التوت الأزرق",
  "clone.blue.berry": "استنساخ التوت الأزرق",
  "seed.blue.berry": "بذور التوت الأزرق",
  "green.berry": "التوت الأخضر",
  "clone.green.berry": "استنساخ التوت الأخضر",
  "seed.green.berry": "بذور التوت الأخضر",
  "red.berry": "التوت الأحمر",
  "clone.red.berry": "استنساخ التوت الأحمر",
  "seed.red.berry": "بذور التوت الأحمر",
  "white.berry": "التوت الأبيض",
  "clone.white.berry": "استنساخ التوت الأبيض",
  "seed.white.berry": "بذور التوت الأبيض",
  "yellow.berry": "التوت الأصفر",
  "clone.yellow.berry": "استنساخ التوت الأصفر",
  "seed.yellow.berry": "بذور التوت الأصفر",
  "corn": "ذرة",
  "clone.corn": "ذرة مستنسخ",
  "seed.corn": "بذور ذرة",
  "clone.hemp": "قنب مستنسخ",
  "seed.hemp": "زرع",
  "potato": "البطاطا",
  "clone.potato": "استنساخ البطاطا",
  "seed.potato": "بذور البطاطس",
  "pumpkin": "يقطين",
  "clone.pumpkin": "يقطين مستنسخ",
  "seed.pumpkin": "بذرة اليقطين",
  "fat.animal": "شحم حيوانات",
  "battery.small": "بطارية - صغيرة",
  "blood": "دم",
  "bone.fragments": "شظايا عظام",
  "cctv.camera": "كاميرا مراقبة",
  "charcoal": "فحم",
  "cloth": "قماش",
  "crude.oil": "نفط خام",
  "diesel_barrel": "ديزل",
  "can.beans.empty": "علبة فاصوليا فارغة",
  "can.tuna.empty": "علبة تونة فارغة",
  "explosives": "متفجرات",
  "fertilizer": "سماد",
  "gunpowder": "بارود",
  "horsedung": "روث الحصان",
  "hq.metal.ore": "خام معدن عالي الجودة",
  "metal.refined": "معدن عالي الجودة",
  "leather": "جلد",
  "lowgradefuel": "وقود",
  "metal.fragments": "قطع معدنية",
  "metal.ore": "معدن خام",
  "paper": "ورقة",
  "plantfiber": "الألياف النباتية",
  "researchpaper": "ورقة البحث",
  "water.salt": "مياه مالحة",
  "scrap": "خردة",
  "stones": "حجارة",
  "sulfur.ore": "خام الكبريت",
  "sulfur": "كبريت",
  "targeting.computer": "Targeting Computer",
  "water": "مياه",
  "skull.wolf": "جمجمة ذئب",
  "wood": "خشب",
  "healingtea.advanced": "شاي علاجي متقدم",
  "healingtea": "شاي الشفاء العادي",
  "healingtea.pure": "شاي شفاء نقي",
  "maxhealthtea.advanced": "الشاي الصحي الأقصى المتقدم",
  "maxhealthtea": "الشاي الأساسي الأقصى للصحة",
  "maxhealthtea.pure": "الشاي الصحي الأقصى البحتة",
  "oretea.advanced": "شاي خام متقدم",
  "oretea": "شاي خام أساسي",
  "oretea.pure": "شاي خام نقي",
  "radiationremovetea.advanced": "متقدم راد. إزالة الشاي",
  "radiationremovetea": "راد. إزالة الشاي",
  "radiationremovetea.pure": "بيور راد. إزالة الشاي",
  "radiationresisttea.advanced": "شاي أنتي راد",
  "radiationresisttea": "شاي أنتي راد",
  "radiationresisttea.pure": "شاي نقي ضد الإشعاع",
  "scraptea.advanced": "شاي خام متقدم",
  "scraptea": "شاي خام أساسي",
  "scraptea.pure": "شاي خام نقي",
  "woodtea.advanced": "Advanced Wood Tea",
  "woodtea": "Basic Wood Tea",
  "woodtea.pure": "Pure Wood Tea",
  "antiradpills": "حبوب مضادة للإشعاع",
  "tool.binoculars": "مناظير",
  "explosive.timed": "عبوة ناسفة موقوتة",
  "tool.camera": "كاميرا",
  "rf.detonator": "جهاز إرسال FM",
  "fishingrod.handmade": "قصبة صيد يدوية",
  "flare": "قنبلة ضوئية",
  "flashlight.held": "مصباح",
  "geiger.counter": "عداد جيجر",
  "hosetool": "أداة خرطوم",
  "jackhammer": "الة ثقب صخور",
  "keycard_blue": "مفتاح بطاقة زرقاء",
  "keycard_green": "مفتاح بطاقة خضراء",
  "keycard_red": "مفتاح بطاقة حمراء",
  "largemedkit": "حزمة علاج كبيرة",
  "map": "خريطة ورقية",
  "syringe.medical": "حقنة طبية",
  "rf_pager": "RF بيجر",
  "building.planner": "مخطوط بناء",
  "grenade.smoke": "قنبلة دخان",
  "supply.signal": "إشارة التزويد",
  "surveycharge": "رسوم المسح",
  "wiretool": "أداة الأسلاك",
  "vehicle.chassis.2mod": "Small Chassis",
  "vehicle.chassis.3mod": "Medium Chassis",
  "vehicle.chassis.4mod": "Large Chassis",
  "vehicle.chassis": "Generic vehicle chassis",
  "vehicle.1mod.cockpit": "Cockpit Vehicle Module",
  "vehicle.1mod.cockpit.armored": "Armored Cockpit Vehicle Module",
  "vehicle.1mod.cockpit.with.engine": "Cockpit With Engine Vehicle Module",
  "vehicle.1mod.engine": "وحدة محرك المركبة",
  "vehicle.1mod.flatbed": "Flatbed Vehicle Module",
  "vehicle.1mod.passengers.armored": "Armored Passenger Vehicle Module",
  "vehicle.1mod.rear.seats": "Rear Seats Vehicle Module",
  "vehicle.1mod.storage": "Storage Vehicle Module",
  "vehicle.1mod.taxi": "Taxi Vehicle Module",
  "vehicle.2mod.flatbed": "Large Flatbed Vehicle Module",
  "vehicle.2mod.fuel.tank": "Fuel Tank Vehicle Module",
  "vehicle.2mod.passengers": "Passenger Vehicle Module",
  "vehicle.module": "Generic vehicle module",
  "telephone": "الهاتف",
  "weapon.mod.8x.scope": "منظار 16X عدسة مكبرة",
  "weapon.mod.flashlight": "مصباح سلاح",
  "weapon.mod.holosight": "منظار ثلاثي الابعاد",
  "weapon.mod.lasersight": "ليزر للسلاح",
  "weapon.mod.muzzleboost": "تعزيز فوهة البندقية",
  "weapon.mod.muzzlebrake": "كمام فوهة البندقية",
  "weapon.mod.simplesight": "منظار بسيط الصنع",
  "weapon.mod.silencer": "كاتم صوت",
  "weapon.mod.small.scope": "منظار 8X عدسة مكبرة",
  "rifle.ak": "Kareem's Jallaq Assault Rifle",
  "bandage": "ضمادة",
  "grenade.beancan": "قنبلة علبة الفاصولياء",
  "rifle.bolt": "البندقية ذات المزلاج",
  "bone.club": "مطرقة عظمية",
  "knife.bone": "سكين عظمية",
  "bow.hunting": "قوس صيد",
  "cakefiveyear": "كعكة عيد الميلاد",
  "chainsaw": "منشار",
  "salvaged.cleaver": "الساطور",
  "bow.compound": "قوس مركب",
  "crossbow": "قوس",
  "shotgun.double": "بندقية ذو الفوهتين",
  "pistol.eoka": "مسدس إيوكا",
  "grenade.f1": "قنبلة يدوية",
  "flamethrower": "قاذف اللهب",
  "multiplegrenadelauncher": "قاذفة قنابل يدوية سريعة",
  "knife.butcher": "سكين جزار",
  "pitchfork": "مذراة",
  "sickle": "منجل",
  "hammer": "مطرقة",
  "hatchet": "فأس",
  "knife.combat": "سكين القتال",
  "rifle.l96": "بندقية L96",
  "rifle.lr300": "رشاش LR-300",
  "lmg.m249": "رشاش M249",
  "rifle.m39": "بندقية L39",
  "pistol.m92": "مسدس M92",
  "mace": "تلجوان",
  "machete": "ساطور",
  "smg.mp5": "MP5A4",
  "pistol.nailgun": "مسداس مسمار",
  "paddle": "مجداف",
  "pickaxe": "معول",
  "shotgun.waterpipe": "بندقية أنابيب",
  "pistol.python": "مسدس البيثون",
  "pistol.revolver": "مسدس ذو اسطوانه دواره",
  "rock": "صخرة",
  "rocket.launcher": "مطلق صواريخ",
  "axe.salvaged": "فأس المنقذ",
  "hammer.salvaged": "مطرقة المنقذ",
  "icepick.salvaged": "فأس خردة",
  "explosive.satchel": "قنبلة حقيبة",
  "shotgun.pump": "بندقية بانبوب",
  "pistol.semiauto": "مسدس شبه تلقائي",
  "rifle.semiauto": "بندقية نصف آلية",
  "smg.2": "SMG مخصص",
  "shotgun.spas12": "بندقية Spas-12",
  "stonehatchet": "Stone Hatchet",
  "stone.pickaxe": "معول حجري",
  "spear.stone": "رمح حجري",
  "longsword": "سيف طويل",
  "salvaged.sword": "السيف ",
  "smg.thompson": "رشاش ثومبسون",
  "toolgun": "بندقية أداة مودي لغاري",
  "torch": "شعلة",
  "bucket.water": "دلو ماء",
  "spear.wooden": "رمح خشبي",
  "horse.armor.roadsign": "درع حصان من الافتات المرورية",
  "horse.armor.wood": "درع حصان خشبي",
  "horse.saddle": "سرج حصان",
  "horse.saddlebag": "حقيبة السرج",
  "horse.shoes.advanced": "احذيه حصان عاليه الجوده",
  "horse.shoes.basic": "حذاء حصان اساسي"
}