{
  "hat.wolf": "Ulvhodeplagg",
  "fogmachine": "Røykmaskin-3000",
  "strobelight": "Strobe Lys",
  "kayak": "Kajakk",
  "minihelicopter.repair": "MC reperasjon",
  "scraptransportheli.repair": "ScrapTransportHeliRepair",
  "workcart": "Work Cart",
  "ammo.grenadelauncher.buckshot": "40mm Hagleskudd",
  "ammo.grenadelauncher.he": "40mm HE Granat",
  "ammo.grenadelauncher.smoke": "40mm Røykgranat",
  "arrow.hv": "Høyhastighets pil",
  "arrow.wooden": "Trepil",
  "arrow.bone": "Beinpil",
  "arrow.fire": "Flammepil",
  "ammo.handmade.shell": "Håndlaget haglpatron",
  "ammo.nailgun.nails": "Nailgun Nails",
  "ammo.pistol": "Pistolskudd",
  "ammo.pistol.fire": "Brannstiftende pistolkule",
  "ammo.pistol.hv": "HF pistolammunisjon",
  "ammo.rifle": "5.56 rifleammunisjon",
  "ammo.rifle.explosive": "Eksplosiv 5,56 Ammunisjon til Gevær",
  "ammo.rifle.incendiary": "Brannstiftende 5.56 ammunisjon til gevær",
  "ammo.rifle.hv": "Høyhastighets 5.56 Rifleammunisjon",
  "ammo.rocket.basic": "Rakett",
  "ammo.rocket.fire": "Brannstiftende rakett",
  "ammo.rocket.hv": "Høyhastighetsrakett",
  "ammo.rocket.smoke": "Røykrakett (under arbeid!)",
  "ammo.shotgun": "12 lødighet haggel",
  "ammo.shotgun.fire": "12 Kaliber Brannskudd",
  "ammo.shotgun.slug": "12 lødighet slug",
  "door.double.hinged.metal": "Dobbel blikkmetalldør",
  "door.double.hinged.toptier": "Dobbel armert dør",
  "door.double.hinged.wood": "Dobbel tredør",
  "door.hinged.metal": "Blikkmetalldør",
  "door.hinged.toptier": "Pansret dør",
  "door.hinged.wood": "Tredør",
  "floor.grill": "En gulv grill",
  "floor.ladder.hatch": "Loftstige",
  "floor.triangle.grill": "Trekantgulv med gitter",
  "floor.triangle.ladder.hatch": "Trekantluke",
  "gates.external.high.stone": "Høy ekstern stein port",
  "gates.external.high.wood": "Høy ekstern tre port",
  "ladder.wooden.wall": "Trestige",
  "wall.external.high.stone": "Høy ekstern steinvegg",
  "wall.external.high": "Høy ekstern trevegg",
  "wall.frame.cell.gate": "Fengselscelleport",
  "wall.frame.cell": "Fengselscellevegg",
  "wall.frame.fence.gate": "Nettinggjerdeport",
  "wall.frame.fence": "Nettinggjerde",
  "wall.frame.garagedoor": "Garasjedør",
  "wall.frame.netting": "Netting",
  "wall.frame.shopfront": "Kioskvindu",
  "wall.frame.shopfront.metal": "Metallbutikkfasade",
  "wall.window.bars.metal": "Metal vindu barer",
  "wall.window.bars.toptier": "Reinforced Glass Window",
  "wall.window.bars.wood": "Vindubarer av Tre",
  "shutter.metal.embrasure.a": "Horisontal metallembrassyr",
  "shutter.metal.embrasure.b": "Vertikal metallembrassyr",
  "wall.window.glass.reinforced": "Strengthened Glass Window",
  "shutter.wood.a": "Vinduslem i tre",
  "watchtower.wood": "Watch Tower",
  "diving.fins": "Dykkefinner",
  "diving.mask": "Dykkermaske",
  "diving.tank": "Dykking Tank",
  "diving.wetsuit": "Våtdrakt",
  "boots.frog": "Froskestøvler",
  "barrelcostume": "Et tønnekostyme",
  "cratecostume": "kasse kostyme",
  "hat.gas.mask": "Gassmaske",
  "burlap.gloves.new": "Striehansker",
  "burlap.gloves": "Skinnhansker",
  "roadsign.gloves": "Roadsign Gloves",
  "tactical.gloves": "Taktiske Hansker",
  "ghostsheet": "Spøkelseskostyme",
  "halloween.mummysuit": "Mumidrakt",
  "scarecrow.suit": "Fugleskremsel drakt",
  "scarecrowhead": "Scarecrow Wrap",
  "attire.hide.helterneck": "Halterneck av skinn",
  "hat.beenie": "Lue",
  "hat.boonie": "Boonie Hat",
  "bucket.helmet": "Bøttehjelm",
  "burlap.headwrap": "Hodeplagg av strie",
  "hat.candle": "Stearinlyshatt",
  "hat.cap": "Baseballcaps",
  "clatter.helmet": "Clatter Hjelm",
  "coffeecan.helmet": "Kaffekannehjelm",
  "deer.skull.mask": "Bein Hjelm",
  "heavy.plate.helmet": "Tung platehjelm",
  "hat.miner": "Gruvearbeiderhatt",
  "partyhat": "Festhatt",
  "riot.helmet": "Opprørshjelm",
  "wood.armor.helmet": "Trehjelm",
  "hoodie": "Hettegenser",
  "bone.armor.suit": "Beinbeskyttelsevest",
  "heavy.plate.jacket": "Tung platejakke",
  "jacket.snow": "Vinterjakke",
  "jacket": "Jakke",
  "wood.armor.jacket": "Brystplate av tre",
  "mask.balaclava": "Improvisert balaklava",
  "mask.bandana": "Bandana Maske",
  "metal.facemask": "Metallmaske",
  "nightvisiongoggles": "Nattsynbriller",
  "burlap.trousers": "Striebukser",
  "heavy.plate.pants": "Tung platebukse",
  "attire.hide.pants": "Skinnbukser",
  "roadsign.kilt": "Veiskilt kilt",
  "pants.shorts": "Kortbukser",
  "wood.armor.pants": "Rustningsbukse av tre",
  "pants": "Bukser",
  "attire.hide.poncho": "Skinnponcho",
  "burlap.shirt": "Strieskjorte",
  "shirt.collared": "Skjorte",
  "attire.hide.vest": "Skinnvest",
  "shirt.tanktop": "Singlet",
  "shoes.boots": "Støvler",
  "burlap.shoes": "Striesko",
  "attire.hide.boots": "Skinnstøvler",
  "attire.hide.skirt": "Lær skjørt",
  "attire.banditguard": "Bandit Guard Gear",
  "hazmatsuit": "Hazmat dress",
  "hazmatsuit_scientist": "Forskerdress",
  "hazmatsuit_scientist_peacekeeper": "Forskerdress",
  "hazmatsuit.spacesuit": "Space Suit",
  "scientistsuit_heavy": "Heavy Scientist Suit",
  "jumpsuit.suit": "hoppdrakt",
  "tshirt.long": "Langermet t-skjorte",
  "tshirt": "T-skjorte",
  "metal.plate.torso": "Brystplate i metall",
  "roadsign.jacket": "Veiskiltjakke",
  "bleach": "Blekemiddel",
  "ducttape": "Gaffateip",
  "carburetor1": "Forgasser av lav kvalitet",
  "carburetor2": "Forgasser av middels kvalitet",
  "carburetor3": "Forgasser av høy kvalitet",
  "crankshaft1": "Veivaksel med lav kvalitet",
  "crankshaft2": "Veivaksel av middels kvalitet",
  "crankshaft3": "Veivaksel av høy kvalitet",
  "piston1": "Stempler av Lav Kvalitet",
  "piston2": "Stempler av Middels Kvalitet",
  "piston3": "Stempler av Høy Kvalitet",
  "sparkplug1": "Low Quality Spark Plugs",
  "sparkplug2": "Medium Quality Spark Plugs",
  "sparkplug3": "High Quality Spark Plugs",
  "valve1": "Low Quality Valves",
  "valve2": "Medium Quality Valves",
  "valve3": "High Quality Valves",
  "fuse": "Elektrisk Sikring",
  "gears": "Tannhjul",
  "glue": "Lim",
  "metalblade": "Metall blad",
  "metalpipe": "Metallrør",
  "propanetank": "Tom Propantank",
  "roadsigns": "Veiskilt",
  "rope": "Tau",
  "sewingkit": "Sy-Kit",
  "sheetmetal": "Metallplater",
  "metalspring": "Metallfjær",
  "sticks": "Pinner",
  "tarp": "Presenning",
  "techparts": "Teknologi Søppel",
  "riflebody": "Riflestokk",
  "semibody": "Halvautomatisk Kropp",
  "smgbody": "SMG Kropp",
  "barricade.concrete": "Betongbarrikade",
  "barricade.wood.cover": "Barrikade av tre",
  "barricade.metal": "Metallbarrikade",
  "barricade.sandbags": "Sandsekkbarrikade",
  "barricade.stone": "Steinbarrikade",
  "barricade.wood": "Trebarrikade",
  "barricade.woodwire": "Barrikade av stokker med piggtråd",
  "bbq": "Grill",
  "trap.bear": "Bjørnefelle",
  "bed": "Seng",
  "campfire": "Bål",
  "cardtable": "Card Table",
  "ceilinglight": "Taklys",
  "chair": "Stol",
  "composter": "kompost",
  "computerstation": "Datamaskin stasjon",
  "drone": "Drone",
  "dropbox": "Meldings Kasse",
  "elevator": "Heis",
  "fireplace.stone": "Steinpeis",
  "firework.boomer.blue": "Blå Boom",
  "firework.boomer.champagne": "Champagne åpner",
  "firework.boomer.green": "Grønn smeller",
  "firework.boomer.orange": "Oransje smeller",
  "firework.boomer.red": "Rød smeller",
  "firework.boomer.violet": "Fiolet smeller",
  "firework.romancandle.blue": "Blå romerske stearinlys",
  "firework.romancandle.green": "Grønn romerske stearinlys",
  "firework.romancandle.red": "Rød romerske stearinlys",
  "firework.romancandle.violet": "Fiolet romerske stearinlys",
  "firework.volcano": "Hvit Vulkan Fyrverkeri",
  "firework.volcano.red": "Rød vulkan fyrverkeri",
  "firework.volcano.violet": "Fiolet Vulkan Fyrverkeri",
  "spikes.floor": "Tregulvpigger",
  "fridge": "Kjøleskap",
  "furnace.large": "Stor smelteovn",
  "furnace": "Ovn",
  "hitchtroughcombo": "Utestall og Trau",
  "habrepair": "Hab Reperasjon",
  "jackolantern.angry": "Sint Gresskarhode",
  "jackolantern.happy": "Glad Gresskarhode",
  "trap.landmine": "Landmine",
  "lantern": "Lykt",
  "box.wooden.large": "Stor oppbevaringsboks av tre",
  "water.barrel": "Vannfat",
  "locker": "Skap",
  "mailbox": "Postkasse",
  "mixingtable": "Blandebord",
  "modularcarlift": "Modulær bilheis",
  "mining.pumpjack": "Pumpejekk",
  "small.oil.refinery": "Lite oljeraffineri",
  "planter.large": "Stor Planteboks",
  "planter.small": "Liten Planteboks",
  "electric.audioalarm": "Lydalarm",
  "smart.alarm": "Smart Alarm",
  "smart.switch": "Smart Bryter",
  "storage.monitor": "Storage Monitor",
  "electric.battery.rechargable.large": "Large Rechargeable Battery",
  "electric.battery.rechargable.medium": "Mellomstort oppladbart batteri",
  "electric.battery.rechargable.small": "Lite Oppladbart Batteri",
  "electric.button": "Knapp",
  "electric.counter": "Teller",
  "electric.hbhfsensor": "HBHF Sensor",
  "electric.laserdetector": "Laser Detektor",
  "electric.pressurepad": "Trykkplate",
  "electric.doorcontroller": "Dørkontroller",
  "electric.heater": "Elektrisk varmer",
  "fluid.combiner": "Væske Kombinator",
  "fluid.splitter": "Væske splitter",
  "fluid.switch": "Fluid Switch & Pump",
  "electric.andswitch": "OG-bryter",
  "electric.blocker": "Blokker",
  "electrical.branch": "Elektrisk Gren",
  "electrical.combiner": "Kildekombinator",
  "electrical.memorycell": "Huskecelle",
  "electric.orswitch": "ELLER-bryter",
  "electric.random.switch": "RAND Switch",
  "electric.rf.broadcaster": "RF-Kringkaster",
  "electric.rf.receiver": "RF-Mottaker",
  "electric.xorswitch": "XOR Switch",
  "electric.fuelgenerator.small": "Liten Generator",
  "electric.generator.small": "Test Generator",
  "electric.solarpanel.large": "Stort Solcellepanel",
  "electric.igniter": "antenner",
  "electric.flasherlight": "Blinkelys",
  "electric.simplelight": "Enkelt Lys",
  "electric.sirenlight": "Sirene Lys",
  "powered.water.purifier": "Strømdrevet Vannrenser",
  "electric.switch": "Bryter",
  "electric.splitter": "Splitter",
  "electric.sprinkler": "vannspreder",
  "electric.teslacoil": "Tesla coil",
  "electric.timer": "Timer",
  "electric.cabletunnel": "Kabel Tunnel",
  "waterpump": "Water Pump",
  "mining.quarry": "Gruvedriftsmaskin",
  "target.reactive": "Reaktiv blink",
  "box.repair.bench": "Reparasjonsbenk",
  "research.table": "Forskningsbord",
  "rug.bear": "Bjørnepelsteppe",
  "rug": "Teppe",
  "searchlight": "Søkelys",
  "secretlabchair": "Hemmelig Lab Stol",
  "shelves": "Bergede hyller",
  "sign.hanging.banner.large": "Stort hengende banner",
  "sign.hanging": "Dobbelsidig hengende skilt",
  "sign.hanging.ornate": "Tosidig utsmykket hengene skilt",
  "sign.pictureframe.landscape": "Horisontal bilderamme",
  "sign.pictureframe.portrait": "Portrettramme",
  "sign.pictureframe.tall": "Høy bilderamme",
  "sign.pictureframe.xl": "XL bilderamme",
  "sign.pictureframe.xxl": "XXL bilderamme",
  "sign.pole.banner.large": "Stort banner på en stang",
  "sign.post.double": "Dobbel skilt stolpe",
  "sign.post.single": "Enslig skilt",
  "sign.post.town": "Ensidig by skilt stolpe",
  "sign.post.town.roof": "Tosidig stedsskilt",
  "sign.wooden.huge": "Gigantisk treskilt",
  "sign.wooden.large": "Stort treskilt",
  "sign.wooden.medium": "Middels treskilt",
  "sign.wooden.small": "Lite treskilt",
  "guntrap": "Haglefelle",
  "sleepingbag": "Sovepose",
  "stash.small": "Liten stash",
  "sofa": "Sofa",
  "spinner.wheel": "Spinner hjul",
  "fishtrap.small": "Overlevelses Fiskefelle",
  "table": "Tabell",
  "workbench1": "Arbeidsbenk nivå 1",
  "workbench2": "Arbeidsbenk nivå 2",
  "workbench3": "Arbeidsbenk Nivå 3",
  "cupboard.tool": "Verktøyskap",
  "tunalight": "Tunfisklampe",
  "vending.machine": "Salgsautomat",
  "water.catcher.large": "Stor vannfanger",
  "water.catcher.small": "Liten vannfanger",
  "water.purifier": "Vann Renser",
  "generator.wind.scrap": "Vindturbin",
  "box.wooden": "Oppbevaringsboks av tre",
  "apple": "Eple",
  "apple.spoiled": "Råttent eple",
  "black.raspberries": "Bjornebær",
  "blueberries": "Blåbær",
  "botabag": "Vinskinn",
  "cactusflesh": "Kaktus Kjøtt",
  "can.beans": "Boks med bønner",
  "can.tuna": "Boks med tunfisk",
  "chocholate": "Sjokoladeplate",
  "fish.cooked": "Kokt fisk",
  "fish.raw": "Rå Fisk",
  "fish.minnows": "Småfisk",
  "fish.troutsmall": "Liten ørret",
  "granolabar": "Müsliplate",
  "chicken.burned": "Brent Kylling",
  "chicken.cooked": "Stekt Kylling",
  "chicken.raw": "Rått kyllingbryst",
  "chicken.spoiled": "Fordervet kylling",
  "deermeat.burned": "Brent Rådyrkjøtt",
  "deermeat.cooked": "Kokt rådyrkjøtt",
  "deermeat.raw": "Rått rådyrkjøtt",
  "horsemeat.burned": "Svidd hestekjøtt",
  "horsemeat.cooked": "Kokt hestekjøtt",
  "horsemeat.raw": "Rått hestekjøtt",
  "humanmeat.burned": "Svidd Menneskekjøtt",
  "humanmeat.cooked": "Stekt menneskekjøtt",
  "humanmeat.raw": "Rått menneskekjøtt",
  "humanmeat.spoiled": "Bedervet menneskekjøtt",
  "bearmeat.burned": "Brent Bjørnekjøtt",
  "bearmeat.cooked": "Kokt Bjørne Kjøtt",
  "bearmeat": "Rått Bjørnekjøtt",
  "wolfmeat.burned": "Svidd Ulvekjøtt",
  "wolfmeat.cooked": "Kokt ulvekjøtt",
  "wolfmeat.raw": "Rått ulvekjøtt",
  "wolfmeat.spoiled": "Bedervet ulvekjøtt",
  "meat.pork.burned": "Brent Svinekjøtt",
  "meat.pork.cooked": "Stekt Svinekjøtt",
  "meat.boar": "Rått svin",
  "mushroom": "Sopp",
  "jar.pickle": "Sylteagurker",
  "smallwaterbottle": "Liten vannflaske",
  "waterjug": "Vann mugge",
  "fun.bass": "Spade Bass",
  "fun.cowbell": "Kubjelle",
  "drumkit": "Søppeldynge trommesett",
  "fun.flute": "Panfløyte",
  "fun.guitar": "Akustisk gitar",
  "fun.jerrycanguitar": "Jerrykanne guitar",
  "piano": "Trillebår piano",
  "fun.tambourine": "Canbourine",
  "fun.trumpet": "Rørleggers trompet",
  "fun.tuba": "Tuba",
  "xylophone": "Xylobone",
  "car.key": "Bilnøkkel",
  "door.key": "Dørnøkkel",
  "lock.key": "Nøkkellås",
  "lock.code": "Kodelås",
  "blueprintbase": "Tegninger",
  "chineselantern": "Kinesisk lanterne",
  "dragondoorknocker": "Drage-Dørbanker",
  "hat.dragonmask": "Drage maske",
  "newyeargong": "Nyttårs gonggong",
  "hat.oxmask": "Oksemaske",
  "hat.ratmask": "Rottemaske",
  "lunar.firecrackers": "Kinaputter",
  "arcade.machine.chippy": "Slitt Spillmaskin",
  "door.closer": "Dørlukker",
  "attire.bunnyears": "Bunnyører",
  "attire.bunny.onesie": "Kaninpysj",
  "hat.bunnyhat": "Bunny Hat",
  "easterdoorwreath": "Påske Dørkrans",
  "easterbasket": "Eggekurv",
  "rustige_egg_a": "Rustig? Egg - Red",
  "rustige_egg_b": "Rustig? Egg - Blue",
  "rustige_egg_c": "Rustig? Egg - Purple",
  "rustige_egg_d": "Rustig? Egg - Ivory",
  "rustige_egg_e": "Rustig? Egg - Green",
  "attire.nesthat": "Reir hatt",
  "easter.bronzeegg": "Bronseegg",
  "easter.goldegg": "Gullegg",
  "easter.paintedeggs": "Malt egg",
  "easter.silveregg": "Sølvegg",
  "halloween.candy": "Halloween Godteri",
  "largecandles": "Stort Stearinlyssett",
  "smallcandles": "Small Candle Set",
  "coffin.storage": "Kiste",
  "cursedcauldron": "Forbannet Kjele",
  "gravestone": "Gravstein",
  "woodcross": "Wooden Cross",
  "wall.graveyard.fence": "Kirkegård Gjerde",
  "halloween.lootbag.large": "Stor Loot Bag",
  "halloween.lootbag.medium": "Medium Loot Bag",
  "halloween.lootbag.small": "Liten Loot Bag",
  "pumpkinbasket": "Gresskarbøtte",
  "scarecrow": "Fugleskremsel",
  "skullspikes.candles": "Hodeskalle pigger",
  "skullspikes.pumpkin": "Hodeskalle pigger",
  "skullspikes": "Hodeskalle pigger",
  "skulldoorknocker": "Hodeskalle Dør Banker",
  "skull_fire_pit": "Skull Fire Pit",
  "spiderweb": "Spindelvev",
  "spookyspeaker": "Spooky Speaker",
  "halloween.surgeonsuit": "Kirurg Uniform",
  "skull.trophy.jar": "Skull Trophy",
  "skull.trophy.jar2": "Skull Trophy",
  "skull.trophy.table": "Skull Trophy",
  "skull.trophy": "Skull Trophy",
  "movembermoustachecard": "Kort Movember bart",
  "movembermoustache": "Movemberbart\n",
  "note": "Notat",
  "skull.human": "Menneskeskalle",
  "abovegroundpool": "Basseng over bakken",
  "beachchair": "Strandstol\n",
  "beachparasol": "Strandparasol",
  "beachtable": "Forskningsbord",
  "beachtowel": "Strand håndkle",
  "boogieboard": "Boogie Board",
  "innertube": "Indre rør",
  "innertube.horse": "Indre rør",
  "innertube.unicorn": "Indre rør",
  "tool.instant_camera": "Instant Camera",
  "paddlingpool": "Plaskebasseng",
  "photo": "Bilde",
  "photoframe.landscape": "Landskap Fotoramme",
  "photoframe.large": "Stor Fotoramme",
  "photoframe.portrait": "Portrett Bilderamme",
  "sunglasses02black": "Sunglasses",
  "sunglasses02camo": "Sunglasses",
  "sunglasses02red": "Sunglasses",
  "sunglasses03black": "Sunglasses",
  "sunglasses03chrome": "Sunglasses",
  "sunglasses03gold": "Sunglasses",
  "sunglasses": "Sunglasses",
  "gun.water": "Vann mugge",
  "pistol.water": "Vannpistol",
  "twitchsunglasses": "Purple Sunglasses",
  "twitch.headset": "Headset",
  "hobobarrel": "Uteliggertønne",
  "door.hinged.industrial.a": "Industriell Dør",
  "candycaneclub": "Sukkerstangklubb",
  "xmas.lightstring": "Julelys",
  "xmas.door.garland": "Festive Doorway Garland",
  "candycane": "Sukkerstang",
  "giantcandycanedecor": "Gigantisk Godteri Dekorasjon",
  "wall.ice.wall": "Short Ice Wall",
  "wall.external.high.ice": "High Ice Wall",
  "giantlollipops": "Gigantisk slikkepinne dekorasjon",
  "sign.neon.125x125": "Small Neon Sign",
  "sign.neon.125x215.animated": "Medium Animated Neon Sign",
  "sign.neon.125x215": "Medium Neon Sign",
  "sign.neon.xl.animated": "Stort animert neonskilt",
  "sign.neon.xl": "Large Neon Sign",
  "pookie.bear": "Klara Kosebamse",
  "xmas.lightstring.advanced": "Deluxe Christmas Lights",
  "coal": "Kull :(",
  "xmas.present.large": "Stor gave",
  "xmas.present.medium": "Mellom stor gave",
  "xmas.present.small": "Liten gave",
  "sled.xmas": "Slede",
  "sled": "Slede",
  "snowmachine": "Snømaskin",
  "snowball": "Snøball",
  "snowballgun": "Snowball Gun",
  "snowman": "Snømann",
  "stocking.large": "SUPER strømpe",
  "stocking.small": "Liten strømpe",
  "attire.reindeer.headband": "Reingevir",
  "santabeard": "Julenisse Skjegg",
  "santahat": "Nisselue",
  "xmas.window.garland": "Festive Window Garland",
  "wrappedgift": "Wrapped Gift",
  "wrappingpaper": "Wrapping Paper",
  "xmasdoorwreath": "Christmas Door Wreath",
  "xmas.decoration.baubels": "Decorative Baubels",
  "xmas.decoration.candycanes": "Decorative Plastic Candy Canes",
  "xmas.decoration.gingerbreadmen": "Decorative Gingerbread Men",
  "xmas.decoration.lights": "Tree Lights",
  "xmas.decoration.pinecone": "Decorative Pinecones",
  "xmas.decoration.star": "Star Tree Topper",
  "xmas.decoration.tinsel": "Decorative Tinsel",
  "xmas.tree": "Juletre",
  "autoturret": "Automatisk Maskingevær",
  "flameturret": "Flammetårn",
  "gloweyes": "Glødende øyne",
  "ammo.rocket.sam": "SAM Ammo",
  "samsite": "Luftvernmissil",
  "black.berry": "Bjørnebær",
  "clone.black.berry": "Bjørnebær klone",
  "seed.black.berry": "Svart Bær Frø",
  "blue.berry": "Blåbær",
  "clone.blue.berry": "Blåbær Klone",
  "seed.blue.berry": "Blå Bær Frø",
  "green.berry": "Grønn Bær",
  "clone.green.berry": "Grønnbær Klone",
  "seed.green.berry": "Grønn Bær Frø",
  "red.berry": "Rød Bær",
  "clone.red.berry": "Rød Bær Klone",
  "seed.red.berry": "Rød Bær Frø",
  "white.berry": "Hvit Bær",
  "clone.white.berry": "Hvit Bær Klone",
  "seed.white.berry": "Hvit Bær Frø",
  "yellow.berry": "Gul Bær",
  "clone.yellow.berry": "Gul Bær Klone",
  "seed.yellow.berry": "Yellow Berry Seed",
  "corn": "Mais",
  "clone.corn": "Mais Klone",
  "seed.corn": "Maisfrø",
  "clone.hemp": "Hamp Klone",
  "seed.hemp": "Hamp frø",
  "potato": "Potet",
  "clone.potato": "Potet klone",
  "seed.potato": "Potetfrø",
  "pumpkin": "Gresskar",
  "clone.pumpkin": "Gresskarplanteklone",
  "seed.pumpkin": "Gresskarfrø",
  "fat.animal": "Dyrefett",
  "battery.small": "Batteri - små",
  "blood": "Blod",
  "bone.fragments": "Beinbiter",
  "cctv.camera": "Overvåkningskamera",
  "charcoal": "Kull",
  "cloth": "Tøy",
  "crude.oil": "Råolje",
  "diesel_barrel": "Diesel drivstoff",
  "can.beans.empty": "Tom bønneboks",
  "can.tuna.empty": "Tom tunfiskboks",
  "explosives": "Explosiver",
  "fertilizer": "Gjødsel",
  "gunpowder": "Krutt",
  "horsedung": "Hestemøkk",
  "hq.metal.ore": "Høykvalitets metall malm",
  "metal.refined": "Høykvalitets metall",
  "leather": "Skinn",
  "lowgradefuel": "Lavgrads brensel",
  "metal.fragments": "Metallfragmenter // Metalbiter",
  "metal.ore": "Metall malm",
  "paper": "Papir",
  "plantfiber": "Plante Fiber",
  "researchpaper": "Forskningspapir",
  "water.salt": "Salt vann",
  "scrap": "Skrap",
  "stones": "Steiner",
  "sulfur.ore": "Svovelmalm",
  "sulfur": "Svovel",
  "targeting.computer": "Målrettingsdatamaskin",
  "water": "Vann",
  "skull.wolf": "Ulveskalle",
  "wood": "Tre",
  "healingtea.advanced": "Avansert Helbredende Te",
  "healingtea": "Enkel Helbredendete",
  "healingtea.pure": "Ren Helbredendete",
  "maxhealthtea.advanced": "Avansert Maks Helse Te",
  "maxhealthtea": "Enkel makshelse-te",
  "maxhealthtea.pure": "Ren makshelse-te",
  "oretea.advanced": "Avansert malmte",
  "oretea": "Grunnleggende malmte",
  "oretea.pure": "Ren malm te",
  "radiationremovetea.advanced": "Advanced Rad. Removal Tea",
  "radiationremovetea": "Rad. Removal Tea",
  "radiationremovetea.pure": "Pure Rad. Removal Tea",
  "radiationresisttea.advanced": "Avan. Anti-Stårling Te",
  "radiationresisttea": "ANTI-RADIOAKTIV TE",
  "radiationresisttea.pure": "Pure Anti-Rad Tea",
  "scraptea.advanced": "Advanced Scrap Tea",
  "scraptea": "Basic Scrap Tea",
  "scraptea.pure": "Pure Scrap Tea",
  "woodtea.advanced": "Advanced Wood Tea",
  "woodtea": "Basic Wood Tea",
  "woodtea.pure": "Pure Wood Tea",
  "antiradpills": "Antistrålingpiller",
  "tool.binoculars": "Kikkert",
  "explosive.timed": "Tidsinnstilt sprengladning",
  "tool.camera": "Kamera",
  "rf.detonator": "RF-Sender",
  "fishingrod.handmade": "Håndlaget Fiskestang",
  "flare": "Nødbluss",
  "flashlight.held": "Lommelykt",
  "geiger.counter": "Geiger-teller",
  "hosetool": "Vannslange",
  "jackhammer": "Trykkluftbor",
  "keycard_blue": "Blått adgangskort",
  "keycard_green": "Grønt adgangskort",
  "keycard_red": "Rødt Nøkkelkort",
  "largemedkit": "Stort førstehjelpsskrin",
  "map": "Papirkart",
  "syringe.medical": "Førstehjelpssprøyte",
  "rf_pager": "RF Personsøker",
  "building.planner": "Bygningsplan",
  "grenade.smoke": "Røykgranat",
  "supply.signal": "Forsyningssignal",
  "surveycharge": "Undersøkelse-eksplosiv",
  "wiretool": "Wire Tool",
  "vehicle.chassis.2mod": "Small Chassis",
  "vehicle.chassis.3mod": "Medium Chassis",
  "vehicle.chassis.4mod": "Large Chassis",
  "vehicle.chassis": "Generic vehicle chassis",
  "vehicle.1mod.cockpit": "Cockpit Vehicle Module",
  "vehicle.1mod.cockpit.armored": "Armored Cockpit Vehicle Module",
  "vehicle.1mod.cockpit.with.engine": "Cockpit With Engine Vehicle Module",
  "vehicle.1mod.engine": "Engine Vehicle Module",
  "vehicle.1mod.flatbed": "Flatbed Vehicle Module",
  "vehicle.1mod.passengers.armored": "Armored Passenger Vehicle Module",
  "vehicle.1mod.rear.seats": "Rear Seats Vehicle Module",
  "vehicle.1mod.storage": "Storage Vehicle Module",
  "vehicle.1mod.taxi": "Taxi Vehicle Module",
  "vehicle.2mod.flatbed": "Large Flatbed Vehicle Module",
  "vehicle.2mod.fuel.tank": "Fuel Tank Vehicle Module",
  "vehicle.2mod.passengers": "Passenger Vehicle Module",
  "vehicle.module": "Generic vehicle module",
  "telephone": "Telefon",
  "weapon.mod.8x.scope": "16x Zoom Scope",
  "weapon.mod.flashlight": "Våpenlykt",
  "weapon.mod.holosight": "Holografisk sikte",
  "weapon.mod.lasersight": "Lasersikte til våpen",
  "weapon.mod.muzzleboost": "Muzzle Boost",
  "weapon.mod.muzzlebrake": "Muzzle Brake",
  "weapon.mod.simplesight": "Enkel håndlaget syn",
  "weapon.mod.silencer": "Lyddemper",
  "weapon.mod.small.scope": "8x Forstørret Sikte",
  "rifle.ak": "Automatgevær",
  "bandage": "Bandasje",
  "grenade.beancan": "Hermetikk Granat",
  "rifle.bolt": "Boltmekanisk rifle",
  "bone.club": "Bein Klubb",
  "knife.bone": "Bein Kniv",
  "bow.hunting": "Jaktbue",
  "cakefiveyear": "Bursdagskake",
  "chainsaw": "Motorsag",
  "salvaged.cleaver": "Berget kjøttøks",
  "bow.compound": "Avansert Bue",
  "crossbow": "Armbrøst",
  "shotgun.double": "Dobbel løpet hagle",
  "pistol.eoka": "Eoka Pistol",
  "grenade.f1": "F1 Granat",
  "flamethrower": "Flammekaster",
  "multiplegrenadelauncher": "Flere Granatkaster",
  "knife.butcher": "Slakterkniv",
  "pitchfork": "Høygaffel",
  "sickle": "Sigd",
  "hammer": "Hammer",
  "hatchet": "Øks",
  "knife.combat": "Kampkniv",
  "rifle.l96": "L96 rifle",
  "rifle.lr300": "LR-300 Automatgevær",
  "lmg.m249": "M249",
  "rifle.m39": "M39 Rifle",
  "pistol.m92": "M92 Pistol",
  "mace": "Stridsklubbe",
  "machete": "Machete",
  "smg.mp5": "MP5A4",
  "pistol.nailgun": "Spikerpistol",
  "paddle": "Roåre",
  "pickaxe": "Hakke",
  "shotgun.waterpipe": "Vannrørshagle",
  "pistol.python": "Python Revolver",
  "pistol.revolver": "Revolver",
  "rock": "Stein",
  "rocket.launcher": "Rakettkaster",
  "axe.salvaged": "Berget øks",
  "hammer.salvaged": "Hammer av skrapmetall",
  "icepick.salvaged": "Berget ishakke",
  "explosive.satchel": "Pakkeladning",
  "shotgun.pump": "Pumpehagle",
  "pistol.semiauto": "Halvautomatisk pistol",
  "rifle.semiauto": "Halvautomatisk rifle",
  "smg.2": "Tilpasset SMG",
  "shotgun.spas12": "Spas-12 hagle",
  "stonehatchet": "Stein Øks",
  "stone.pickaxe": "Steinhakke",
  "spear.stone": "Steinspyd",
  "longsword": "Langsverd",
  "salvaged.sword": "Berget sverd",
  "smg.thompson": "Thompson",
  "toolgun": "Garry's Mod Tool Gun",
  "torch": "Fakkel",
  "bucket.water": "Vannbøtte",
  "spear.wooden": "Trespyd",
  "horse.armor.roadsign": "Hesterustning av veiskilt",
  "horse.armor.wood": "Hesterustning av tre",
  "horse.saddle": "Sal",
  "horse.saddlebag": "Saltaske",
  "horse.shoes.advanced": "Hestesko av høy kvalitet",
  "horse.shoes.basic": "Standard hestesko"
}