{
  "hat.wolf": "狼头饰",
  "fogmachine": "Fogger-3000",
  "strobelight": "频闪灯",
  "kayak": "木筏",
  "rhib": "充氣快艇",
  "rowboat": "划艇",
  "minihelicopter.repair": "MC修復",
  "aiming.module.mlrs": "MLRS瞄准模组",
  "mlrs": "MLRS",
  "ammo.rocket.mlrs": "多管火箭弹",
  "scraptransportheli.repair": "廢料直升機",
  "snowmobile": "雪地摩托",
  "snowmobiletomaha": "托馬哈雪地摩托",
  "submarineduo": "双人潜艇",
  "submarinesolo": "单人潜艇",
  "locomotive": "機車",
  "wagon": "拖車",
  "workcart": "工作車",
  "ammo.grenadelauncher.buckshot": "40毫米霰弹枪",
  "ammo.grenadelauncher.he": "40毫米HE榴弹",
  "ammo.grenadelauncher.smoke": "40毫米烟雾弹",
  "arrow.hv": "高速箭矢",
  "arrow.wooden": "木箭",
  "arrow.bone": "骨头箭",
  "arrow.fire": "火焰箭",
  "ammo.handmade.shell": "手工子弹",
  "ammo.nailgun.nails": "钉枪钉子",
  "ammo.pistol": "手枪子弹",
  "ammo.pistol.fire": "燃烧手枪子弹",
  "ammo.pistol.hv": "高速手枪子弹",
  "ammo.rifle": "5.56步枪子弹",
  "ammo.rifle.explosive": "5.56爆炸步枪子弹",
  "ammo.rifle.incendiary": "5.56燃烧步枪子弹",
  "ammo.rifle.hv": "5.56高速步枪子弹",
  "ammo.rocket.basic": "火箭弹",
  "ammo.rocket.fire": "燃烧火箭弹",
  "ammo.rocket.hv": "高速火箭弹",
  "ammo.rocket.smoke": "正在開發的煙霧火箭彈!!!!",
  "ammo.shotgun": "12号霰弹",
  "ammo.shotgun.fire": "12号燃烧霰弹",
  "ammo.shotgun.slug": "12号独头弹",
  "speargun.spear": "鱼枪弹药",
  "submarine.torpedo.straight": "鱼雷",
  "door.double.hinged.metal": "板金双扇门",
  "door.double.hinged.toptier": "装甲双扇门",
  "door.double.hinged.wood": "木制双扇门",
  "door.hinged.metal": "板金门",
  "door.hinged.toptier": "装甲门",
  "door.hinged.wood": "木门",
  "floor.grill": "地板烤架",
  "floor.ladder.hatch": "梯子逃生口",
  "floor.triangle.grill": "地板三角烤架",
  "floor.triangle.ladder.hatch": "三角阶梯逃生口",
  "gates.external.high.stone": "外部石头大门",
  "gates.external.high.wood": "外部木头大门",
  "ladder.wooden.wall": "木制梯子",
  "wall.external.high.stone": "外部石头高墙",
  "wall.external.high": "外部木头高墙",
  "wall.frame.cell.gate": "监狱牢房门",
  "wall.frame.cell": "监狱牢房墙",
  "wall.frame.fence.gate": "铁网门",
  "wall.frame.fence": "铁丝网栅栏",
  "wall.frame.garagedoor": "铁卷门",
  "wall.frame.netting": "网子",
  "wall.frame.shopfront": "店面",
  "wall.frame.shopfront.metal": "金属店面",
  "wall.window.bars.metal": "金属防盗窗框",
  "wall.window.bars.toptier": "钢化玻璃窗",
  "wall.window.bars.wood": "木制防盗窗框",
  "shutter.metal.embrasure.a": "水平金属炮口",
  "shutter.metal.embrasure.b": "垂直金属炮口",
  "wall.window.glass.reinforced": "强化玻璃窗",
  "shutter.wood.a": "木制窗板",
  "watchtower.wood": "瞭望塔",
  "diving.fins": "蛙鞋",
  "diving.mask": "潜水面罩",
  "diving.tank": "氧气瓶",
  "diving.wetsuit": "潜水服",
  "boots.frog": "青蛙靴子",
  "barrelcostume": "水桶服",
  "cratecostume": "板條箱服裝",
  "hat.gas.mask": "防毒面具",
  "burlap.gloves.new": "麻布制手套",
  "burlap.gloves": "皮革手套",
  "roadsign.gloves": "道路标志手套",
  "tactical.gloves": "战术手套",
  "ghostsheet": "幽灵装",
  "halloween.mummysuit": "木乃伊套装",
  "scarecrow.suit": "稻草人套装",
  "scarecrowhead": "稻草人头套",
  "metal.facemask.hockey": "傑森面具",
  "attire.hide.helterneck": "兽皮露背装",
  "hat.beenie": "毛帽",
  "hat.boonie": "圆边帽",
  "bucket.helmet": "水桶头盔",
  "burlap.headwrap": "麻布头套",
  "hat.candle": "蜡烛帽",
  "hat.cap": "棒球帽",
  "clatter.helmet": "Clatter 头盔",
  "coffeecan.helmet": "咖啡罐头盔",
  "deer.skull.mask": "骨制头盔",
  "heavy.plate.helmet": "厚钢板头盔",
  "hat.miner": "矿工帽",
  "partyhat": "派对帽",
  "riot.helmet": "镇暴头盔",
  "wood.armor.helmet": "木制头盔",
  "hoodie": "连帽衫",
  "bone.armor.suit": "骨制护甲",
  "heavy.plate.jacket": "厚钢板夹克",
  "jacket.snow": "雪夹克",
  "jacket": "夹克",
  "wood.armor.jacket": "木制胸甲",
  "lumberjack hoodie": "伐木工人連帽衫",
  "mask.balaclava": "简易蒙面面罩",
  "mask.bandana": "围巾面罩",
  "metal.facemask": "金属面罩",
  "metal.facemask.icemask": "金属面罩 - 冰",
  "nightvisiongoggles": "夜视镜",
  "attire.ninja.suit": "忍者服",
  "burlap.trousers": "麻布裤子",
  "heavy.plate.pants": "厚钢板长裤",
  "attire.hide.pants": "兽皮裤",
  "roadsign.kilt": "道路标志短裙",
  "pants.shorts": "短裤",
  "wood.armor.pants": "木制腿甲",
  "pants": "裤子",
  "attire.hide.poncho": "兽皮披肩",
  "burlap.shirt": "麻布衬衫",
  "shirt.collared": "衬衫",
  "attire.hide.vest": "兽皮背心",
  "shirt.tanktop": "背心",
  "shoes.boots": "靴子",
  "burlap.shoes": "麻布鞋",
  "attire.hide.boots": "兽皮靴",
  "attire.hide.skirt": "兽皮裙",
  "attire.banditguard": "徒匪守衛裝備",
  "hazmatsuit.arcticsuit": "极地装",
  "hazmatsuit": "生化防护套装",
  "hazmatsuit.lumberjack": "伐木工人服",
  "hazmatsuit.nomadsuit": "游牧套装",
  "hazmatsuit_scientist": "科學家套裝",
  "hazmatsuit_scientist_arctic": "極地科學家套裝",
  "hazmatsuit_scientist_nvgm": "夜视科学家生化装",
  "hazmatsuit_scientist_peacekeeper": "科學家套裝",
  "hazmatsuit.spacesuit": "太空服",
  "scientistsuit_heavy": "重科學家的西裝",
  "jumpsuit.suit.blue": "藍色連身衣",
  "jumpsuit.suit": "连身裤",
  "tshirt.long": "长袖T-Shirt",
  "tshirt": "T-Shirt",
  "metal.plate.torso": "金属胸甲",
  "metal.plate.torso.icevest": "金属胸甲 - 冰",
  "roadsign.jacket": "道路标志夹克",
  "bleach": "漂白水",
  "ducttape": "胶带",
  "carburetor1": "低品质化油器",
  "carburetor2": "中品质化油器",
  "carburetor3": "高品质化油器",
  "crankshaft1": "低品质曲轴",
  "crankshaft2": "中品质曲轴",
  "crankshaft3": "高品质曲轴",
  "piston1": "低品质活塞",
  "piston2": "中品质活塞",
  "piston3": "高品质活塞",
  "sparkplug1": "低品质火星塞",
  "sparkplug2": "中品质火星塞",
  "sparkplug3": "高品质火星塞",
  "valve1": "低品质气阀",
  "valve2": "中品质气阀",
  "valve3": "高品质气阀",
  "fuse": "保险丝",
  "gears": "齿轮",
  "glue": "胶水",
  "metalblade": "金属刀片",
  "metalpipe": "金属管",
  "propanetank": "空的瓦斯桶",
  "roadsigns": "路标",
  "rope": "绳索",
  "sewingkit": "针线包",
  "sheetmetal": "板金",
  "metalspring": "金属弹簧",
  "sticks": "枝條",
  "tarp": "帆布",
  "techparts": "科技垃圾",
  "riflebody": "步枪枪身",
  "semibody": "半自动枪身",
  "smgbody": "冲锋枪枪身",
  "barricade.concrete": "水泥路障",
  "barricade.wood.cover": "木制立障",
  "barricade.metal": "金属路障",
  "barricade.sandbags": "沙包路障",
  "barricade.stone": "石头路障",
  "barricade.wood": "木制路障",
  "barricade.woodwire": "带刺木制路障",
  "bbq": "烤肉架",
  "trap.bear": "捕兽夹",
  "bed": "床",
  "campfire": "营火",
  "cardtable": "紙牌遊戲桌",
  "ceilinglight": "日光灯",
  "chair": "椅子",
  "chair.icethrone": "冰封王座",
  "composter": "堆肥",
  "computerstation": "电脑工作台",
  "drone": "无人机",
  "dropbox": "投物箱",
  "elevator": "电梯",
  "fireplace.stone": "石头壁炉",
  "firework.boomer.blue": "蓝色烟火",
  "firework.boomer.champagne": "香槟色烟火",
  "firework.boomer.green": "绿色烟火",
  "firework.boomer.orange": "橘色烟火",
  "firework.boomer.pattern": "图案烟火",
  "firework.boomer.red": "红色烟火",
  "firework.boomer.violet": "紫色烟火",
  "firework.romancandle.blue": "蓝色罗马烟火",
  "firework.romancandle.green": "绿色罗马烟火",
  "firework.romancandle.red": "红色罗马烟火",
  "firework.romancandle.violet": "紫色罗马烟火",
  "firework.volcano": "地面烟火(白色)",
  "firework.volcano.red": "地面烟火(红色)",
  "firework.volcano.violet": "地面烟火(紫色)",
  "spikes.floor": "木头地刺",
  "frankensteintable": "科学怪人桌",
  "fridge": "冰箱",
  "furnace.large": "大型熔炉",
  "furnace": "熔炉",
  "hitchtroughcombo": "拴马桩&喂食槽",
  "habrepair": "哈布修復",
  "jackolantern.angry": "愤怒南瓜灯",
  "jackolantern.happy": "快乐南瓜灯",
  "trap.landmine": "自制地雷",
  "lantern": "提灯",
  "box.wooden.large": "大型木箱",
  "water.barrel": "储水桶",
  "locker": "衣柜",
  "mailbox": "信箱",
  "mixingtable": "调制台",
  "modularcarlift": "模组化汽车升降机",
  "mining.pumpjack": "抽油泵",
  "small.oil.refinery": "小型炼油机",
  "planter.large": "大型种植箱\n",
  "planter.small": "小型种植箱",
  "electric.audioalarm": "警告音响",
  "smart.alarm": "智能警报",
  "smart.switch": "智能开关",
  "storage.monitor": "储存监控器",
  "electric.battery.rechargable.large": "大型蓄电池",
  "electric.battery.rechargable.medium": "中型蓄电池",
  "electric.battery.rechargable.small": "小型蓄电池",
  "electric.button": "按钮",
  "electric.counter": "计数器",
  "electric.hbhfsensor": "HBHF感测器",
  "electric.laserdetector": "雷射探测器",
  "electric.pressurepad": "压力板",
  "electric.doorcontroller": "门控制器",
  "electric.furnace": "电熔炉",
  "electric.heater": "电暖器",
  "fluid.combiner": "流体组合器",
  "fluid.splitter": "流体分离器",
  "fluid.switch": "流体开关和泵",
  "electric.andswitch": "AND Switch",
  "electric.blocker": "拦截器",
  "electrical.branch": "电力分离器",
  "electrical.combiner": "串联器",
  "electrical.memorycell": "记忆单元",
  "electric.orswitch": "OR Switch",
  "electric.random.switch": "RAND Switch",
  "electric.rf.broadcaster": "无线电广播",
  "electric.rf.receiver": "无线电接收器",
  "electric.xorswitch": "XOR Switch",
  "electric.fuelgenerator.small": "小型发电机",
  "electric.generator.small": "测试发电机",
  "electric.solarpanel.large": "太阳能板",
  "electric.igniter": "点火器",
  "storageadaptor": "存储适配器",
  "industrial.combiner": "工业合并器",
  "industrial.conveyor": "工业传输器",
  "industrial.crafter": "工业制作器",
  "industrial.splitter": "工业分离器",
  "electric.flasherlight": "闪光灯",
  "electric.simplelight": "补光灯",
  "electric.sirenlight": "警笛灯",
  "powered.water.purifier": "电动净水器",
  "electric.switch": "开关",
  "electric.splitter": "分离器",
  "electric.sprinkler": "洒水器",
  "electric.teslacoil": "特斯拉线圈",
  "electric.timer": "计时器",
  "electric.cabletunnel": "电缆隧道",
  "waterpump": "抽水泵浦",
  "ptz.cctv.camera": "全景摄影机",
  "mining.quarry": "采矿机",
  "target.reactive": "箭靶",
  "box.repair.bench": "维修台",
  "research.table": "研究台",
  "rug.bear": "熊皮地毯",
  "rug": "地毯",
  "searchlight": "探照灯",
  "secretlabchair": "Secret Lab 电竞椅",
  "shelves": "再生置物架",
  "sign.hanging.banner.large": "大型旗帜",
  "sign.hanging": "双面挂牌",
  "sign.hanging.ornate": "华丽的双面挂牌",
  "sign.pictureframe.landscape": "景观画框",
  "sign.pictureframe.portrait": "肖像画框",
  "sign.pictureframe.tall": "高大的画框",
  "sign.pictureframe.xl": "XL画框",
  "sign.pictureframe.xxl": "XXL画框",
  "sign.pole.banner.large": "杆上大型旗帜",
  "sign.post.double": "双向路标",
  "sign.post.single": "单向路标",
  "sign.post.town": "单面城镇路标",
  "sign.post.town.roof": "双面城镇路标",
  "sign.wooden.huge": "巨型木牌",
  "sign.wooden.large": "大型木牌",
  "sign.wooden.medium": "中型木牌",
  "sign.wooden.small": "小木牌",
  "guntrap": "霰弹枪陷阱",
  "sleepingbag": "睡袋",
  "stash.small": "小型藏匿盒",
  "sofa": "沙发",
  "sofa.pattern": "沙发 - 图案",
  "spinner.wheel": "转盘",
  "fishtrap.small": "鱼墚式陷阱",
  "table": "桌子",
  "workbench1": "1级工作台",
  "workbench2": "2级工作台",
  "workbench3": "3级工作台",
  "cupboard.tool": "工具柜(TC)",
  "tunalight": "鱼罐头灯具",
  "vending.machine": "贩卖机",
  "water.catcher.large": "大型集水器",
  "water.catcher.small": "小型集水器",
  "water.purifier": "净水器",
  "generator.wind.scrap": "风力发电机",
  "box.wooden": "木储藏箱",
  "apple": "苹果",
  "apple.spoiled": "腐烂的苹果",
  "black.raspberries": "黑色覆盆子",
  "blueberries": "蓝莓",
  "botabag": "水囊",
  "grub": "幼虫",
  "worm": "蚯蚓",
  "cactusflesh": "仙人掌果肉",
  "can.beans": "豆子罐头",
  "can.tuna": "鲔鱼罐头",
  "chocolate": "巧克力棒",
  "fish.anchovy": "鳀鱼",
  "fish.catfish": "鲇鱼",
  "fish.cooked": "煮熟的鱼肉",
  "fish.raw": "生鱼肉",
  "fish.herring": "鲱鱼",
  "fish.minnows": "吻仔鱼",
  "fish.orangeroughy": "大西洋胸棘鲷",
  "fish.salmon": "鲑鱼",
  "fish.sardine": "沙丁鱼",
  "fish.smallshark": "小鲨鱼",
  "fish.troutsmall": "小鳟鱼",
  "fish.yellowperch": "黄鲈鱼",
  "granolabar": "杂粮棒",
  "chicken.burned": "烧焦的鸡肉",
  "chicken.cooked": "煮熟的鸡肉",
  "chicken.raw": "生鸡胸肉",
  "chicken.spoiled": "腐烂的鸡肉",
  "deermeat.burned": "烧焦的鹿肉",
  "deermeat.cooked": "煮熟的鹿肉",
  "deermeat.raw": "生鹿肉",
  "horsemeat.burned": "烧焦的马肉",
  "horsemeat.cooked": "煮熟的马肉",
  "horsemeat.raw": "生马肉",
  "humanmeat.burned": "烧焦的人肉",
  "humanmeat.cooked": "煮熟的人肉",
  "humanmeat.raw": "生人肉",
  "humanmeat.spoiled": "腐烂的人肉",
  "bearmeat.burned": "烧焦的熊肉",
  "bearmeat.cooked": "煮熟的熊肉",
  "bearmeat": "生熊肉",
  "wolfmeat.burned": "烧焦的狼肉",
  "wolfmeat.cooked": "煮熟的狼肉",
  "wolfmeat.raw": "生狼肉",
  "wolfmeat.spoiled": "腐烂的狼肉",
  "meat.pork.burned": "烧焦的猪肉",
  "meat.pork.cooked": "煮熟的猪肉",
  "meat.boar": "生猪肉",
  "mushroom": "蘑菇",
  "jar.pickle": "泡菜",
  "smallwaterbottle": "小水瓶",
  "waterjug": "水罐",
  "fun.bass": "铁铲贝斯",
  "fun.cowbell": "牛铃",
  "drumkit": "垃圾场爵士鼓",
  "fun.flute": "排萧",
  "fun.guitar": "原声吉他",
  "fun.jerrycanguitar": "电吉他",
  "piano": "独轮车钢琴",
  "fun.tambourine": "手铃",
  "fun.trumpet": "水管工的小号",
  "fun.tuba": "低音号苏沙风",
  "xylophone": "骨琴",
  "door.key": "门钥匙",
  "lock.key": "钥匙锁",
  "lock.code": "密码锁",
  "blueprintbase": "蓝图",
  "chineselantern": "中国灯笼",
  "dragondoorknocker": "龙门环",
  "hat.dragonmask": "龙面具",
  "newyeargong": "新年锣",
  "hat.oxmask": "公牛面具",
  "hat.rabbitmask": "兔面具",
  "hat.ratmask": "老鼠面具",
  "skylantern": "天灯",
  "skylantern.skylantern.green": "天灯 - 绿色",
  "skylantern.skylantern.orange": "天灯 - 橙色",
  "skylantern.skylantern.purple": "天灯 - 紫色",
  "skylantern.skylantern.red": "天灯 - 红色",
  "lunar.firecrackers": "鞭炮",
  "hat.tigermask": "老虎面具",
  "arcade.machine.chippy": "花栗鼠街機遊戲",
  "bluedogtags": "蓝色狗牌",
  "dogtagneutral": "狗牌",
  "reddogtags": "红色狗牌",
  "door.closer": "自动关门器",
  "attire.bunnyears": "兔耳朵",
  "attire.bunny.onesie": "兔子连身衣",
  "hat.bunnyhat": "兔子帽子",
  "easterdoorwreath": "复活节门花圈",
  "easterbasket": "彩蛋篮子",
  "attire.egg.suit": "鸡蛋装",
  "rustige_egg_a": "Rustige 旋转彩蛋 - 红色",
  "rustige_egg_b": "Rustige 旋转彩蛋 - 蓝色",
  "rustige_egg_c": "Rustige 旋转彩蛋 - 紫色",
  "rustige_egg_d": "Rustige 旋转彩蛋 - 象牙色\n",
  "rustige_egg_e": "Rustige 旋转彩蛋 - 绿色",
  "rustige_egg_f": "旋转彩蛋 - 白",
  "attire.nesthat": "鸟巢帽",
  "easter.bronzeegg": "铜蛋",
  "easter.goldegg": "金蛋",
  "easter.paintedeggs": "彩蛋",
  "easter.silveregg": "银蛋",
  "halloween.candy": "万圣节糖果",
  "largecandles": "大型蜡烛堆",
  "smallcandles": "小型蜡烛堆",
  "carvable.pumpkin": "可雕刻的南瓜",
  "coffin.storage": "棺材",
  "cursedcauldron": "万圣节造型营火",
  "gravestone": "墓碑",
  "woodcross": "木制十字架",
  "frankensteins.monster.01.head": "轻型科学怪人头部",
  "frankensteins.monster.01.legs": "轻型科学怪人腿部",
  "frankensteins.monster.01.torso": "轻型科学怪人身体",
  "frankensteins.monster.02.head": "中型科学怪人头部",
  "frankensteins.monster.02.legs": "中型科学怪人腿部",
  "frankensteins.monster.02.torso": "中型科学怪人身体",
  "frankensteins.monster.03.head": "重型科学怪人头部",
  "frankensteins.monster.03.legs": "重型科学怪人腿部",
  "frankensteins.monster.03.torso": "重型科学怪人身体",
  "wall.graveyard.fence": "墓地围栏",
  "halloween.lootbag.large": "大型万圣节礼袋",
  "halloween.lootbag.medium": "中型万圣节礼袋",
  "halloween.lootbag.small": "小型万圣节礼袋",
  "pumpkinbasket": "南瓜桶",
  "scarecrow": "稻草人",
  "skullspikes.candles": "骷髅尖刺",
  "skullspikes.pumpkin": "骷髅尖刺",
  "skullspikes": "骷髅尖刺",
  "skulldoorknocker": "骷髅门环",
  "skull_fire_pit": "骷髅火堆",
  "spiderweb": "蜘蛛网",
  "spookyspeaker": "诡异音响",
  "halloween.surgeonsuit": "外科医生套装",
  "skull.trophy.jar": "骷髅奖杯",
  "skull.trophy.jar2": "骷髅奖杯",
  "skull.trophy.table": "骷髅奖杯",
  "skull.trophy": "骷髅奖杯",
  "blueidtag": "蓝色ID标签",
  "grayidtag": "灰色ID标签",
  "greenidtag": "绿色ID标签",
  "orangeidtag": "橙色ID标签",
  "pinkidtag": "粉色ID标签",
  "purpleidtag": "紫色ID标签",
  "redidtag": "红色ID标签",
  "whiteidtag": "白色ID标签",
  "yellowidtag": "黄色ID标签",
  "movembermoustachecard": "Movember小鬍子",
  "movembermoustache": "Movember小鬍子",
  "note": "笔记",
  "factorydoor": "工厂门",
  "industrial.wall.light.green": "绿色工业壁灯",
  "industrial.wall.light": "工业壁灯",
  "industrial.wall.light.red": "红色工业壁灯",
  "skull.human": "人类头骨",
  "abovegroundpool": "大型游泳池",
  "beachchair": "沙滩椅",
  "beachparasol": "海滩阳伞",
  "beachtable": "沙滩桌",
  "beachtowel": "沙滩浴巾",
  "boogieboard": "冲浪板",
  "innertube": "游泳圈",
  "innertube.horse": "游泳圈",
  "innertube.unicorn": "游泳圈",
  "tool.instant_camera": "立可拍",
  "paddlingpool": "戏水池",
  "photo": "照片",
  "photoframe.landscape": "风景相框",
  "photoframe.large": "大型相框",
  "photoframe.portrait": "肖像相框",
  "sunglasses02black": "太阳眼镜",
  "sunglasses02camo": "太阳眼镜",
  "sunglasses02red": "太阳眼镜",
  "sunglasses03black": "太阳眼镜",
  "sunglasses03chrome": "太阳眼镜",
  "sunglasses03gold": "太阳眼镜",
  "sunglasses": "太阳眼镜",
  "gun.water": "水枪",
  "pistol.water": "小水枪",
  "trophy": "Twitch Rivals 奖杯",
  "twitchsunglasses": "紫色墨镜",
  "twitch.headset": "耳机",
  "hobobarrel": "流浪汉营火桶",
  "door.hinged.industrial.a": "工业用门",
  "xmas.advent": "惊喜礼包",
  "candycaneclub": "拐杖糖棍棒",
  "xmas.lightstring": "圣诞彩灯",
  "xmas.door.garland": "节庆门花环",
  "xmas.double.door.garland": "节庆双门花环",
  "candycane": "拐杖糖",
  "giantcandycanedecor": "巨型糖果装饰",
  "wall.ice.wall": "冰质矮墙",
  "wall.external.high.ice": "冰质高墙",
  "giantlollipops": "巨型棒棒糖装饰",
  "sign.neon.125x125": "小型霓虹灯招牌",
  "sign.neon.125x215.animated": "中型动画霓虹灯招牌",
  "sign.neon.125x215": "中号霓虹灯招牌",
  "sign.neon.xl.animated": "大型动画霓虹灯招牌",
  "sign.neon.xl": "大型霓虹灯招牌",
  "pookie.bear": "泰迪熊",
  "xmas.lightstring.advanced": "豪华圣诞灯",
  "coal": "煤炭:(",
  "xmas.present.large": "大型礼物",
  "xmas.present.medium": "中型礼物",
  "xmas.present.small": "小型礼物",
  "sled.xmas": "雪橇",
  "sled": "雪橇",
  "snowmachine": "造雪机",
  "snowball": "雪球",
  "snowballgun": "雪球枪",
  "snowman": "雪人",
  "stocking.large": "大圣诞袜",
  "stocking.small": "小圣诞袜",
  "gingerbreadsuit": "姜饼套装",
  "attire.reindeer.headband": "馴鹿鹿角",
  "santabeard": "圣诞老人胡子",
  "santahat": "圣诞老人帽",
  "attire.snowman.helmet": "雪人头盔",
  "xmas.window.garland": "节庆窗户花环",
  "wrappedgift": "包裝禮物",
  "wrappingpaper": "包装纸",
  "xmasdoorwreath": "圣诞节门花圈",
  "xmas.decoration.baubels": "装饰彩球",
  "xmas.decoration.candycanes": "装饰用塑胶拐杖糖",
  "xmas.decoration.gingerbreadmen": "装饰用姜饼人",
  "xmas.decoration.lights": "树灯",
  "xmas.decoration.pinecone": "装饰用松毬",
  "xmas.decoration.star": "圣诞星",
  "xmas.decoration.tinsel": "装饰用金箔",
  "xmas.tree": "Christmas Tree",
  "captainslog": "船長日誌",
  "fishing.tackle": "钓鱼工具",
  "bottle.vodka": "伏特加瓶",
  "autoturret": "自动炮塔",
  "flameturret": "火焰炮塔",
  "gloweyes": "发光的眼睛",
  "ammo.rocket.sam": "对空导弹弹药",
  "samsite": "对空导弹站",
  "black.berry": "黑莓果",
  "clone.black.berry": "黑莓殖株",
  "seed.black.berry": "黑色莓果种子",
  "blue.berry": "蓝莓",
  "clone.blue.berry": "蓝莓殖株",
  "seed.blue.berry": "蓝色莓果种子",
  "green.berry": "绿莓果",
  "clone.green.berry": "绿莓殖株",
  "seed.green.berry": "绿色莓果种子",
  "red.berry": "红莓果",
  "clone.red.berry": "红莓殖株",
  "seed.red.berry": "红色莓果种子",
  "white.berry": "白莓果",
  "clone.white.berry": "白莓殖株",
  "seed.white.berry": "白色莓果种子",
  "yellow.berry": "黄莓果",
  "clone.yellow.berry": "黄莓殖株",
  "seed.yellow.berry": "黄色莓果种子",
  "corn": "玉米",
  "clone.corn": "玉米克隆",
  "seed.corn": "玉米种子",
  "clone.hemp": "大麻克隆",
  "seed.hemp": "大麻种子",
  "potato": "土豆",
  "clone.potato": "馬鈴薯克隆",
  "seed.potato": "马铃薯种子",
  "pumpkin": "南瓜",
  "clone.pumpkin": "南瓜株克隆",
  "seed.pumpkin": "南瓜种子",
  "fat.animal": "动物脂肪",
  "battery.small": "電池(小)",
  "blood": "血液",
  "bone.fragments": "骨头碎片",
  "cctv.camera": "监视摄影机",
  "charcoal": "木炭",
  "cloth": "布",
  "crude.oil": "原油",
  "diesel_barrel": "柴油",
  "can.beans.empty": "空的豆子罐头",
  "can.tuna.empty": "空鲔鱼罐头",
  "explosives": "炸药",
  "fertilizer": "肥料",
  "gunpowder": "火药粉",
  "horsedung": "马粪",
  "hq.metal.ore": "高品质金属原矿",
  "metal.refined": "高品质金属",
  "leather": "皮革",
  "lowgradefuel": "低阶燃料",
  "metal.fragments": "金属碎片",
  "metal.ore": "金属原矿",
  "paper": "纸张",
  "plantfiber": "植物纤维",
  "researchpaper": "研究用紙",
  "water.salt": "海水",
  "scrap": "废料",
  "stones": "石头",
  "sulfur.ore": "硫黄原矿",
  "sulfur": "硫黄",
  "targeting.computer": "笔记型电脑",
  "water": "水",
  "skull.wolf": "狼头骨",
  "wood": "木头",
  "healingtea.advanced": "二级治疗茶",
  "healingtea": "一级治疗茶",
  "healingtea.pure": "三级治疗茶",
  "maxhealthtea.advanced": "二级最大生命茶",
  "maxhealthtea": "一级最大生命茶",
  "maxhealthtea.pure": "三级最大生命茶",
  "oretea.advanced": "二级矿茶",
  "oretea": "一级矿茶",
  "oretea.pure": "三级矿茶",
  "radiationremovetea.advanced": "二级去辐射茶",
  "radiationremovetea": "一级去辐射茶",
  "radiationremovetea.pure": "三级去辐射茶",
  "radiationresisttea.advanced": "二级抗辐射茶",
  "radiationresisttea": "一级抗辐射茶",
  "radiationresisttea.pure": "三级抗辐射茶",
  "scraptea.advanced": "二级废料茶",
  "scraptea": "一级废料茶",
  "scraptea.pure": "三级废料茶",
  "supertea": "超级血清",
  "woodtea.advanced": "二级木茶",
  "woodtea": "一级木茶",
  "woodtea.pure": "三级木茶",
  "antiradpills": "抗辐射药丸",
  "tool.binoculars": "双筒望远镜",
  "explosive.timed": "定时炸弹",
  "tool.camera": "照相机",
  "rf.detonator": "无线电发射器",
  "fishingrod.handmade": "手工制作钓鱼竿",
  "flare": "信号弹",
  "flashlight.held": "手电筒",
  "geiger.counter": "盖革计数器",
  "hosetool": "软管工具",
  "jackhammer": "电钻",
  "keycard_blue": "蓝色钥匙卡",
  "keycard_green": "绿色钥匙卡",
  "keycard_red": "红色钥匙卡",
  "largemedkit": "大型医疗包",
  "concretehatchet": "混凝土斧",
  "concretepickaxe": "混凝土镐",
  "lumberjack.hatchet": "原型斧",
  "lumberjack.pickaxe": "原型镐",
  "map": "地图",
  "syringe.medical": "医疗注射器",
  "rf_pager": "无线电呼叫器",
  "pipetool": "管道工具",
  "building.planner": "建筑蓝图",
  "grenade.smoke": "烟雾弹",
  "spraycan": "喷漆罐",
  "spraycandecal": "噴霧罐貼花",
  "supply.signal": "空投信号弹",
  "surveycharge": "勘探装置",
  "wiretool": "接线工具",
  "vehicle.chassis.2mod": "小機箱",
  "vehicle.chassis.3mod": "中底盤",
  "vehicle.chassis.4mod": "大底盤",
  "vehicle.chassis": "通用汽車底盤",
  "vehicle.1mod.cockpit": "驾驶舱模组",
  "vehicle.1mod.cockpit.armored": "装甲驾驶舱模组",
  "vehicle.1mod.cockpit.with.engine": "自带引擎车辆模组的驾驶舱",
  "vehicle.1mod.engine": "引擎模组",
  "vehicle.1mod.flatbed": "平板模组",
  "vehicle.1mod.passengers.armored": "装甲乘客模组",
  "vehicle.1mod.rear.seats": "后排座椅模组",
  "vehicle.1mod.storage": "仓储车辆模组",
  "vehicle.1mod.taxi": "计程车模组",
  "vehicle.2mod.camper": "露营车模组",
  "vehicle.2mod.flatbed": "大型平板模组",
  "vehicle.2mod.fuel.tank": "油罐车模组",
  "vehicle.2mod.passengers": "大型乘客模组",
  "vehicle.module": "通用車輛模塊",
  "boombox": "音响",
  "fun.boomboxportable": "手提音响",
  "cassette": "卡带 - 长",
  "cassette.medium": "卡带 - 中",
  "cassette.short": "卡带 - 短",
  "fun.casetterecorder": "卡式录音机",
  "discoball": "迪斯科球",
  "discofloor": "迪斯科地板",
  "discofloor.largetiles": "迪斯科地板",
  "connected.speaker": "喇叭",
  "laserlight": "声控雷射灯",
  "megaphone": "扩音器",
  "microphonestand": "麦克风支架",
  "mobilephone": "手机",
  "soundlight": "声控脉冲灯",
  "telephone": "电话",
  "weapon.mod.8x.scope": "16倍瞄准镜",
  "weapon.mod.burstmodule": "三连发枪机",
  "weapon.mod.extendedmags": "扩充弹夹",
  "weapon.mod.flashlight": "战术手电筒",
  "weapon.mod.holosight": "全息瞄准镜",
  "weapon.mod.lasersight": "雷射瞄准器",
  "weapon.mod.muzzleboost": "枪口推进器",
  "weapon.mod.muzzlebrake": "后座力补偿器",
  "weapon.mod.simplesight": "简易手工瞄准镜",
  "weapon.mod.silencer": "消音器",
  "weapon.mod.small.scope": "8倍瞄准镜",
  "rifle.ak": "突击步枪",
  "rifle.ak.ice": "AK-47突击步枪 - ICE",
  "bandage": "绷带",
  "grenade.beancan": "豆罐手榴弹",
  "rifle.bolt": "栓动式步枪",
  "bone.club": "骨头棍棒",
  "knife.bone": "骨制小刀",
  "bow.hunting": "猎弓",
  "cakefiveyear": "生日蛋糕",
  "chainsaw": "电锯",
  "salvaged.cleaver": "再生切肉刀",
  "bow.compound": "复合弓",
  "crossbow": "十字弓",
  "shotgun.double": "双管霰弹枪",
  "pistol.eoka": "Eoka 手枪",
  "grenade.f1": "F1手榴弹",
  "flamethrower": "火焰喷射器",
  "grenade.flashbang": "闪光弹",
  "pistol.prototype17": "原型 17",
  "multiplegrenadelauncher": "榴弹发射器",
  "mace.baseballbat": "棒球棍",
  "knife.butcher": "屠夫刀",
  "pitchfork": "乾草叉",
  "sickle": "镰刀",
  "torch.torch.skull": "邪教徒鹿火炬",
  "skull": "骷髏頭",
  "hammer": "槌子",
  "hatchet": "铁斧",
  "hmlmg": "自制轻机枪",
  "knife.combat": "战斗刀",
  "rifle.l96": "L96狙击步枪",
  "rifle.lr300": "LR-300突击步枪",
  "lmg.m249": "M249",
  "rifle.m39": "M39步枪",
  "pistol.m92": "M92 手枪",
  "mace": "流星锤",
  "machete": "开山刀",
  "grenade.molotov": "燃烧弹",
  "smg.mp5": "MP5A4",
  "pistol.nailgun": "钉枪",
  "paddle": "船桨",
  "pickaxe": "十字镐",
  "shotgun.waterpipe": "水管霰弹枪",
  "pistol.python": "蟒蛇左轮手枪",
  "pistol.revolver": "左轮手枪",
  "rock": "石头",
  "rocket.launcher": "火箭发射器",
  "axe.salvaged": "圆斧",
  "hammer.salvaged": "废料槌",
  "icepick.salvaged": "破冰镐",
  "explosive.satchel": "小包炸药",
  "shotgun.pump": "泵动式霰弹枪",
  "pistol.semiauto": "半自动手枪",
  "rifle.semiauto": "半自动步枪",
  "smg.2": "自制冲锋枪",
  "shotgun.spas12": "Spas-12霰弹枪",
  "speargun": "鱼枪",
  "stonehatchet": "石斧",
  "stone.pickaxe": "石镐",
  "spear.stone": "石矛",
  "longsword": "长剑",
  "salvaged.sword": "再生铁剑",
  "smg.thompson": "汤普森冲锋枪",
  "toolgun": "Garry's Mod工具枪",
  "torch": "火把",
  "bucket.water": "水桶",
  "spear.wooden": "木矛",
  "horse.armor.roadsign": "道路标志牌马铠甲",
  "horse.armor.wood": "木制马铠",
  "horse.saddle.double": "双人马鞍",
  "horse.saddle": "马鞍",
  "horse.saddle.single": "单人马鞍",
  "horse.saddlebag": "马鞍包",
  "horse.shoes.advanced": "高品质马蹄铁",
  "horse.shoes.basic": "马蹄铁"
}