{
  "hat.wolf": "Mască de lup",
  "fogmachine": "Fogger-3000",
  "strobelight": "Lumina stroboscopică",
  "kayak": "Caiac",
  "rhib": "RHIB",
  "rowboat": "Barcă cu vâsle",
  "locomotive": "Locomotivă",
  "minihelicopter.repair": "Reparații auto",
  "aiming.module.mlrs": "Atașament de țintit",
  "mlrs": "turela antiaeriana",
  "ammo.rocket.mlrs": "Rachetă MLRS",
  "scraptransportheli.repair": "Reparatii de elicoptere transport de resturi",
  "snowmobile": "Snowmobil",
  "snowmobiletomaha": "Snowmobil Tomaha",
  "submarineduo": "Submarin Dublu",
  "submarinesolo": "Submarin Solo",
  "wagon": "vagon",
  "workcart": "Carucior de lucru",
  "ammo.grenadelauncher.buckshot": "Gloanțe de 40mm pentru pușcă",
  "ammo.grenadelauncher.he": "Grenadă Explozivă de calibru 40mm",
  "ammo.grenadelauncher.smoke": "Grenadă Fumigenă de calibru 40mm",
  "arrow.hv": "Săgeată care ajunge repede la destinație",
  "arrow.wooden": "Săgeată de lemn",
  "arrow.bone": "Săgeată din oase",
  "arrow.fire": "Săgeată de foc",
  "ammo.handmade.shell": "Gloanțe Improvizate",
  "ammo.nailgun.nails": "Cuie pentru Armă cu cuie",
  "ammo.pistol": "Gloanțe de Pistol",
  "ammo.pistol.fire": "Gloanțe Incendiere pentru Pistol",
  "ammo.pistol.hv": "Muniţie de Pistol VM",
  "ammo.rifle": "Munţie de Carabină 5.56",
  "ammo.rifle.explosive": "Muniţie Explozivă de Carabină 5.56",
  "ammo.rifle.incendiary": "Glonț incendiar cu calibrul de 5.56 folosibil la Pușcă",
  "ammo.rifle.hv": "Muniţie de Carabină 5.56 VM",
  "ammo.rocket.basic": "Racheta",
  "ammo.rocket.fire": "Rachetă Incendiară",
  "ammo.rocket.hv": "Rachetă de mare viteză",
  "ammo.rocket.smoke": "Rachetă cu fum!!!!",
  "ammo.shotgun": "Cartuș de Shotgun cu calibrul 12",
  "ammo.shotgun.fire": "12 proiectile incendiare de ecartament",
  "ammo.shotgun.slug": "Cartuș de calibrul 12",
  "speargun.spear": "Săgeată pentru harpon",
  "submarine.torpedo.straight": "Torpilă",
  "door.double.hinged.metal": "Uşă dublă din table de metal",
  "door.double.hinged.toptier": "Uşă dublă blindată",
  "door.double.hinged.wood": "Uşă dublă din lemn",
  "door.hinged.metal": "Uşă De Tablă",
  "door.hinged.toptier": "Uşă Blindată",
  "door.hinged.wood": "Uşă De Lemn",
  "floor.grill": "Un grătar de podea",
  "floor.ladder.hatch": "Trapă pentru scară",
  "floor.triangle.grill": "Grătar triunghiular de podea",
  "floor.triangle.ladder.hatch": "Târnăcop triunghiular",
  "gates.external.high.stone": "Zid mare extern de piatră",
  "gates.external.high.wood": "Poartă mare externă din lemn",
  "ladder.wooden.wall": "Scară de Lemn",
  "wall.external.high.stone": "Zid exterior făcut din piatră",
  "wall.external.high": "Zid exterior, înalt făcut din lemn",
  "wall.frame.cell.gate": "Poartă de celulă din închisoare",
  "wall.frame.cell": "Perete de celulă",
  "wall.frame.fence.gate": "Poartă din sârmă",
  "wall.frame.fence": "Gard din sârmă",
  "wall.frame.garagedoor": "Uşa garajului",
  "wall.frame.netting": "Plasă",
  "wall.frame.shopfront": "Vitrina",
  "wall.frame.shopfront.metal": "Față Magazin de Metal",
  "wall.window.bars.metal": "Bări din metal pentru fereastră",
  "wall.window.bars.toptier": "Fereastră de sticlă armată",
  "wall.window.bars.wood": "Bări din lemn pentru fereastră",
  "shutter.metal.embrasure.a": "Deschizatura din metal pentru geamuri",
  "shutter.metal.embrasure.b": "Deschizatura din metal pentru geamuri",
  "wall.window.glass.reinforced": "Fereastră de sticlă întărită",
  "shutter.wood.a": "Portiţe de lemn pentru geamuri",
  "watchtower.wood": "Turn de paza",
  "diving.fins": "Scufundări",
  "diving.mask": "Mască de scufundare",
  "diving.tank": "Mască de scufundare",
  "diving.wetsuit": "Costum de apă",
  "boots.frog": "Bocanci militari",
  "barrelcostume": "Un costum în formă de butoi",
  "cratecostume": "Costum de lăzi",
  "hat.gas.mask": "Mască de gaze",
  "burlap.gloves.new": "Mănuși din pânză",
  "burlap.gloves": "Mănuşi din Piele",
  "roadsign.gloves": "Mănuși din semne de circulatie",
  "tactical.gloves": "Mănuși tactice",
  "ghostsheet": "Costum de Fantomă",
  "halloween.mummysuit": "Costum de mumie",
  "scarecrow.suit": "Costum de sperietoare",
  "scarecrowhead": "Înfășurare de sperietoare",
  "attire.hide.helterneck": "Helancă de piele",
  "hat.beenie": "Căciuliţă",
  "hat.boonie": "Pălărie",
  "bucket.helmet": "Cască tip Găleată",
  "burlap.headwrap": "Cagulă din Pânză Groasă",
  "hat.candle": "Pălărie cu lumânare",
  "hat.cap": "Șapcă de baseball",
  "clatter.helmet": "Casca Clatter",
  "coffeecan.helmet": "Cască din Conservă de Cafea",
  "deer.skull.mask": "Cască de os",
  "heavy.plate.helmet": "Cască de Platoșă Grea",
  "hat.miner": "Cască de Miner",
  "partyhat": "Pălărie de petrecere",
  "riot.helmet": "Casca anit-revolta",
  "wood.armor.helmet": "Cască din lemn",
  "hoodie": "Hoodie",
  "bone.armor.suit": "Amură de oase",
  "heavy.plate.jacket": "Jachetă de Platoșă Grea",
  "jacket.snow": "Jachetă de zăpadă",
  "jacket": "Jachetă",
  "wood.armor.jacket": "Armură de corp făcută din lemn",
  "lumberjack hoodie": "Hanorac de Pădurar",
  "mask.balaclava": "Cagulă Improvizată",
  "mask.bandana": "Bandană",
  "metal.facemask": "Mască din metal",
  "nightvisiongoggles": "Ochelari de vedere nocturna",
  "attire.ninja.suit": "Costum ninja",
  "burlap.trousers": "Pantaloni din pânză",
  "heavy.plate.pants": "Pantaloni de Platoșă Grea",
  "attire.hide.pants": "Pantaloni de piele",
  "roadsign.kilt": "Un chilt facut din semne rutiere",
  "pants.shorts": "Pantaloni scurţi",
  "wood.armor.pants": "Armură de lemn pentru picioare",
  "pants": "Pantaloni",
  "attire.hide.poncho": "Ascunde Poncho",
  "burlap.shirt": "Tricou din Pânză Groasă",
  "shirt.collared": "Tricou",
  "attire.hide.vest": "Vestă din piele",
  "shirt.tanktop": "Maiou",
  "shoes.boots": "Cizme",
  "burlap.shoes": "Papuci din Pânză Groasă",
  "attire.hide.boots": "Cizme de piele",
  "attire.hide.skirt": "Fustă de piele",
  "attire.banditguard": "Echipament de gardian bandit",
  "hazmatsuit.arcticsuit": "Costum Arctic",
  "hazmatsuit": "Costum anti-radiatii",
  "hazmatsuit.lumberjack": "Lumberjack Suit",
  "hazmatsuit.nomadsuit": "Costum Nomad",
  "hazmatsuit_scientist": "Costum de știință",
  "hazmatsuit_scientist_arctic": "Costumul științific arctic",
  "hazmatsuit_scientist_peacekeeper": "Costum de știință",
  "hazmatsuit.spacesuit": "Costum spațial ",
  "scientistsuit_heavy": "Costum de cercetator greu",
  "jumpsuit.suit.blue": "Salopetă albastră",
  "jumpsuit.suit": "Costum",
  "tshirt.long": "Tricou cu maneca lunga",
  "tshirt": "Tricou",
  "metal.plate.torso": "Platoşă de Metal",
  "roadsign.jacket": "Jacheta din semne rutiere",
  "bleach": "Clor",
  "ducttape": "Banda adeziva",
  "carburetor1": "Carburator de calitate scăzută",
  "carburetor2": "Carburator de calitate medie",
  "carburetor3": "Carburator de înaltă calitate",
  "crankshaft1": "Arbore cotit de calitate inferioară.",
  "crankshaft2": "Arbore cotit de calitate medie.",
  "crankshaft3": "Arbore cotit de calitate superioară.",
  "piston1": "Pistoane de calitate mică",
  "piston2": "Pistoane de calitate medie",
  "piston3": "Pistoane de înaltă calitate",
  "sparkplug1": "Bujii de calitate scăzută",
  "sparkplug2": "Bujii de calitate medie",
  "sparkplug3": "Bujii de calitate mare",
  "valve1": "Supape de calitate scăzută",
  "valve2": "Supape de calitate medie",
  "valve3": "Supape de înaltă calitate",
  "fuse": "Siguranță electrică",
  "gears": "Angrenaje",
  "glue": "Lipici",
  "metalblade": "Lama Metalica",
  "metalpipe": "Ţeavă de metal",
  "propanetank": "Rezervor de propan gol",
  "roadsigns": "Indicatoare rutiere",
  "rope": "Frânghie",
  "sewingkit": "Kit de cusut",
  "sheetmetal": "Tablă",
  "metalspring": "Arc de Metal",
  "sticks": "Bete",
  "tarp": "Prelata",
  "techparts": "Electronice reciclate",
  "riflebody": "Mecanism Puşcă",
  "semibody": "Mecanism Pusca Semi-Automatica",
  "smgbody": "Corp SMG",
  "barricade.concrete": "Baricadă de beton",
  "barricade.wood.cover": "Baricadă din lemn",
  "barricade.metal": "Baricadă de Metal",
  "barricade.sandbags": "Baricadă Saci de Nisip",
  "barricade.stone": "Baricadă de piatră",
  "barricade.wood": "Baricadă din Lemn",
  "barricade.woodwire": "Baricadă de Lemn Ghimpată",
  "bbq": "Grătar",
  "trap.bear": "Capcană de Urşi",
  "bed": "Pat",
  "campfire": "Foc de Tabără",
  "cardtable": "Tabela de carduri",
  "ceilinglight": "Plafon lumina",
  "chair": "Scaun",
  "composter": "Compostor",
  "computerstation": "Calculator",
  "drone": "Drona",
  "dropbox": "Drop Box",
  "elevator": "Lift",
  "fireplace.stone": "Șemineu de piatră",
  "firework.boomer.blue": "Artific albastru",
  "firework.boomer.champagne": "Șampanie Boomer",
  "firework.boomer.green": "Artific verde",
  "firework.boomer.orange": "Artific portocaliu",
  "firework.boomer.pattern": "Artificii cu model",
  "firework.boomer.red": "Artific roșu",
  "firework.boomer.violet": "Artific violet",
  "firework.romancandle.blue": "Lumânare romană albastră.",
  "firework.romancandle.green": "Lumânare romană de culoare verde",
  "firework.romancandle.red": "Lumânare romană de culoare roșie",
  "firework.romancandle.violet": "Lumânare romană de culoare violet",
  "firework.volcano": "Artific vulcan alb.",
  "firework.volcano.red": "Artific vulcan roșu.",
  "firework.volcano.violet": "Artific vulcan violet",
  "spikes.floor": "Țepi-Podea de Lemn",
  "frankensteintable": "masa Frankenstein",
  "fridge": "Frigider",
  "furnace.large": "Furnal larg",
  "furnace": "Cuptor",
  "hitchtroughcombo": "Stalp & jgheab",
  "habrepair": "Reparații auto",
  "jackolantern.angry": "Dovleac sculptat Nervos",
  "jackolantern.happy": "Doveal sculptat Fericit",
  "trap.landmine": "Mină făcută în casă",
  "lantern": "Lanternă",
  "box.wooden.large": "Cutie Mare de Lemn",
  "water.barrel": "Butoi pentru apă",
  "locker": "Dulap",
  "mailbox": "Cutie poștală",
  "mixingtable": "Masă de Amestecare",
  "modularcarlift": "Ridicarea modulară de automobile.",
  "mining.pumpjack": "Pompă de petrol",
  "small.oil.refinery": "O Mică Rafinărie de Petrol",
  "planter.large": "Cutie mare pentru plante",
  "planter.small": "Cutie mica pentru plante",
  "electric.audioalarm": "Alarmă audio",
  "smart.alarm": "Alarmă inteligentă",
  "smart.switch": "Întrerupător inteligent",
  "storage.monitor": "Monitor de stocare",
  "electric.battery.rechargable.large": "Baterie reîncărcabilă mare",
  "electric.battery.rechargable.medium": "Baterie reîncărcabilă medie",
  "electric.battery.rechargable.small": "Baterie reîncărcabilă mică",
  "electric.button": "Buton",
  "electric.counter": "Contor",
  "electric.hbhfsensor": "Senzor HBHF",
  "electric.laserdetector": "Detector cu laser",
  "electric.pressurepad": "Garnitura de presiune",
  "electric.doorcontroller": "Controler de uși",
  "electric.heater": "Incalzitor electric",
  "fluid.combiner": "Combinator de lichide",
  "fluid.splitter": "Divizor de lichide",
  "fluid.switch": "Întrerupător și pompă fluidă",
  "electric.andswitch": "Comutator AND",
  "electric.blocker": "Blocator",
  "electrical.branch": "Sucursala electrică",
  "electrical.combiner": "Combinator de circuite",
  "electrical.memorycell": "Celula de memorie",
  "electric.orswitch": "Comutator OR",
  "electric.random.switch": "Comutator AND",
  "electric.rf.broadcaster": "Emițător RF",
  "electric.rf.receiver": "Receptor RF",
  "electric.xorswitch": "Comutator XOR",
  "electric.fuelgenerator.small": "Generator mic",
  "electric.generator.small": "Generator de test",
  "electric.solarpanel.large": "Panou solar mare",
  "electric.igniter": "Aprinzator",
  "electric.flasherlight": "Girofar",
  "electric.simplelight": "Lumină simplă",
  "electric.sirenlight": "Girofar",
  "powered.water.purifier": "Purificator de apă alimentat",
  "electric.switch": "Întrerupător",
  "electric.splitter": "Splitter",
  "electric.sprinkler": "Stropitoare",
  "electric.teslacoil": "Bobina Tesla",
  "electric.timer": "Cronometru",
  "electric.cabletunnel": "Tunel de cablu",
  "waterpump": "Pompă de apă",
  "mining.quarry": "Carieră de piatră",
  "target.reactive": "Ţintă Reactivabilă",
  "box.repair.bench": "Bancă de Reparaţii",
  "research.table": "Masă de Cercetare",
  "rug.bear": "Transformă pielea de urs în covor",
  "rug": "Covor",
  "searchlight": "Căutați Lumină",
  "secretlabchair": "Scaunul laboratorului secret",
  "shelves": "Rafturi din resturi",
  "sign.hanging.banner.large": "Drapel mare agăţat",
  "sign.hanging": "Panou de agăţat cu două feţe",
  "sign.hanging.ornate": "Panou de agăţat cu două feţe",
  "sign.pictureframe.landscape": "Rama de tablou peisaj",
  "sign.pictureframe.portrait": "Portret Picture Frame",
  "sign.pictureframe.tall": "Ramă foto de mărime XXL",
  "sign.pictureframe.xl": "Ramă foto de mărime XL",
  "sign.pictureframe.xxl": "Ramă foto de mărime XXL",
  "sign.pole.banner.large": "Banner mare pe stâlp",
  "sign.post.double": "Dublu semn de Post",
  "sign.post.single": "Dublu semn de Post",
  "sign.post.town": "Un oraş faţă-verso semn Post",
  "sign.post.town.roof": "Un oraş faţă-verso semn Post",
  "sign.wooden.huge": "Plancardă masivă din lemn",
  "sign.wooden.large": "Plancardă mare din lemn",
  "sign.wooden.medium": "Plancardă de lemn medie",
  "sign.wooden.small": "Plancardă mică din lemn",
  "guntrap": "Capcana Shotgun",
  "sleepingbag": "Sac de dormit",
  "stash.small": "Un mic container",
  "sofa": "Canapea",
  "sofa.pattern": "Canapea - Model",
  "spinner.wheel": "Roata de tors",
  "fishtrap.small": "Capcană de pește",
  "table": "Tabel",
  "workbench1": "Nivelul 1 al bancului de lucru",
  "workbench2": "Nivelul 2 al bancului de lucru",
  "workbench3": "Nivelul 3 al bancului de lucru",
  "cupboard.tool": "Dulap de Scule",
  "tunalight": "Lampă din conservă de ton",
  "vending.machine": "Mașină de vending",
  "water.catcher.large": "Colector de apă mare",
  "water.catcher.small": "Colector de apă mic",
  "water.purifier": "Purificator de apă",
  "generator.wind.scrap": "Turbina acţionată de vânt",
  "box.wooden": "Cufăr din Lemn",
  "apple": "Măr",
  "apple.spoiled": "Mar Putred",
  "black.raspberries": "Zmeură Neagră",
  "blueberries": "Afine",
  "botabag": "Ploscă",
  "grub": "Grupă",
  "worm": "Vierme",
  "cactusflesh": "Pulpa de cactus",
  "can.beans": "Conservă de Fasole",
  "can.tuna": "Conservă de Ton",
  "chocolate": "Chocolate Bar",
  "fish.anchovy": "Anșoa",
  "fish.catfish": "Somn",
  "fish.cooked": "Peşte gătit",
  "fish.raw": "Pește crud",
  "fish.herring": "Hering",
  "fish.minnows": "Peştişori",
  "fish.orangeroughy": "Orange Roughey",
  "fish.salmon": "Somon",
  "fish.sardine": "Sardină",
  "fish.smallshark": "Rechin mic",
  "fish.troutsmall": "Păstrav mic",
  "fish.yellowperch": "Fructe galbene",
  "granolabar": "Baton granulat",
  "chicken.burned": "Pui ars",
  "chicken.cooked": "Pui gătit",
  "chicken.raw": "Piept de Pui Crud",
  "chicken.spoiled": "Pui Stricat",
  "deermeat.burned": "Carne de cerb arsa",
  "deermeat.cooked": "Carne de cerb gatita",
  "deermeat.raw": "Carne de cerb crudă",
  "horsemeat.burned": "Carne arsă de cal",
  "horsemeat.cooked": "Carne gătită de cal",
  "horsemeat.raw": "Carne crudă de cal",
  "humanmeat.burned": "Carne arsă umană",
  "humanmeat.cooked": "Carne umană gătită",
  "humanmeat.raw": "Carne crudă umana",
  "humanmeat.spoiled": "Carne umană stricată",
  "bearmeat.burned": "Carne de urs arsă",
  "bearmeat.cooked": "Carne de urs gătită",
  "bearmeat": "Carne crudă de urs",
  "wolfmeat.burned": "Carne de lup arsă",
  "wolfmeat.cooked": "Carne gătită de lup",
  "wolfmeat.raw": "Carne crudă de lup",
  "wolfmeat.spoiled": "Carne stricată de lup",
  "meat.pork.burned": "Friptura Arsa",
  "meat.pork.cooked": "Carne de porc gătită",
  "meat.boar": "Carne de porc crudă",
  "mushroom": "Ciupercă",
  "jar.pickle": "Murături",
  "smallwaterbottle": "O sticlă cu apă mica",
  "waterjug": "Canistră pentru apă",
  "fun.bass": "Lopata bas",
  "fun.cowbell": "Cowbell",
  "drumkit": "Tambur de resturi",
  "fun.flute": "Nai",
  "fun.guitar": "Chitară Acustică",
  "fun.jerrycanguitar": "Jerry Can Chitară",
  "piano": "Pian roată",
  "fun.tambourine": "Canbourine",
  "fun.trumpet": "Trompeta instalatorului",
  "fun.tuba": "Sousaphone",
  "xylophone": "Xylobone",
  "car.key": "Cheie de masina",
  "door.key": "Cheie de Uşa",
  "lock.key": "Lacăt cu Cheie",
  "lock.code": "Încuietoare cu cifru",
  "blueprintbase": "Schiță",
  "chineselantern": "Felinar Chinezesc",
  "dragondoorknocker": "Dragonul de Dărâmat Uși",
  "hat.dragonmask": "Masca de Dragon",
  "newyeargong": "Gong de Anul Nou",
  "hat.oxmask": "Masca de bou",
  "hat.ratmask": "Masca de șobolan",
  "skylantern": "Lanterna cerului",
  "skylantern.skylantern.green": "Lanterna cerului - Verde",
  "skylantern.skylantern.orange": "Lanterna cerului - Portocaliu",
  "skylantern.skylantern.purple": "Lanterna cerului - Mov",
  "skylantern.skylantern.red": "Lanterna cerului - Roșu",
  "lunar.firecrackers": "Sir de artificii",
  "hat.tigermask": "Mască de tigru",
  "arcade.machine.chippy": "Joc Chippy Arcade",
  "bluedogtags": "Placi de identificare albastre",
  "dogtagneutral": "Placă de identificare",
  "reddogtags": "Plăci de identificare roșii",
  "door.closer": "Închizător de uși",
  "attire.bunnyears": "Urechi de iepure",
  "attire.bunny.onesie": "Pijama Iepurească",
  "hat.bunnyhat": "Palarie de iepure",
  "easterdoorwreath": "Coroana de ușă de Paște",
  "easterbasket": "Coș de ouă",
  "attire.egg.suit": "Costum de ou",
  "rustige_egg_a": "Rustig? Ou - Roșu",
  "rustige_egg_b": "Rustig? Ou - Albastru",
  "rustige_egg_c": "Rusting?? Ou - mov",
  "rustige_egg_d": "Rusting? Ou - Fildeș",
  "rustige_egg_e": "Rustig? Ou - verde",
  "attire.nesthat": "Pălărie cuib",
  "easter.bronzeegg": "Ou de bronz",
  "easter.goldegg": "Ou de Aur",
  "easter.paintedeggs": "Ou pictat",
  "easter.silveregg": "Ou de argint",
  "halloween.candy": "Bomboane de Halloween",
  "largecandles": "Lumânări mari",
  "smallcandles": "Set de lumanari mici",
  "carvable.pumpkin": "dovleac pentru scobit",
  "coffin.storage": "Sicriu",
  "cursedcauldron": "Cazan blestemat",
  "gravestone": "Piatră de Mormânt",
  "woodcross": "Cruce din lemn",
  "frankensteins.monster.01.head": "aprinde capul lui Frankenstein",
  "frankensteins.monster.01.legs": "aprinde picioarele lui Frankenstein",
  "frankensteins.monster.01.torso": "aprinde trunchiul lui Frankenstein",
  "frankensteins.monster.02.head": "cap mediu de Frankenstein",
  "frankensteins.monster.02.legs": "picioare medii de Frankenstein",
  "frankensteins.monster.02.torso": "trunchi mediu de Frankenstein",
  "frankensteins.monster.03.head": "cap greu de Frankenstein",
  "frankensteins.monster.03.legs": "picioare grele de Frankenstein",
  "frankensteins.monster.03.torso": "trunchi greu de Frankenstein",
  "wall.graveyard.fence": "Gard pentru cimitir",
  "halloween.lootbag.large": "Geantă mare de Loot",
  "halloween.lootbag.medium": "Geantă medie de Loot",
  "halloween.lootbag.small": "Geanta mica de loot",
  "pumpkinbasket": "Galeata de dovleac",
  "scarecrow": "Sperietoare",
  "skullspikes.candles": "Cranii în vârf de suliță",
  "skullspikes.pumpkin": "Cranii în vârf de suliță",
  "skullspikes": "Cranii în vârf de suliță",
  "skulldoorknocker": "Craniu Ciocanitor de Usa",
  "skull_fire_pit": "Cranul de foc de craniu",
  "spiderweb": "Panze de paianjen",
  "spookyspeaker": "Spooky Înfricoșător",
  "halloween.surgeonsuit": "Uniforma de chirurg",
  "skull.trophy.jar": "Trofeul Craniului",
  "skull.trophy.jar2": "Trofeul Craniului",
  "skull.trophy.table": "Trofeul Craniului",
  "skull.trophy": "Trofeul Craniului",
  "movembermoustachecard": "Card Movember Mustache",
  "movembermoustache": "Mustață Movember",
  "note": "Notiţă",
  "factorydoor": "Ușă de Fabrică",
  "industrial.wall.light.green": "Lampă industrială verde de perete",
  "industrial.wall.light": "Lampă industrială de perete",
  "industrial.wall.light.red": "Lampă industrială de Perete Roșie",
  "skull.human": "Craniu de om",
  "abovegroundpool": "Deasupra solului",
  "beachchair": "Sezlong",
  "beachparasol": "Parasol de plajă",
  "beachtable": "Masă de plajă",
  "beachtowel": "Prosop de plajă",
  "boogieboard": "plăci boogie",
  "innertube": "Tub interior",
  "innertube.horse": "Tub interior",
  "innertube.unicorn": "Tub interior",
  "tool.instant_camera": "Camera instanta ",
  "paddlingpool": "Piscină pentru înotat",
  "photo": "Fotografie",
  "photoframe.landscape": "Ramă foto dispusă orizontal",
  "photoframe.large": "Ramă foto mare",
  "photoframe.portrait": "Ramă foto dispusă vertical",
  "sunglasses02black": "Ochelari de soare",
  "sunglasses02camo": "Ochelari de soare",
  "sunglasses02red": "Ochelari de soare",
  "sunglasses03black": "Ochelari de soare",
  "sunglasses03chrome": "Ochelari de soare",
  "sunglasses03gold": "Ochelari de soare",
  "sunglasses": "Ochelari de soare",
  "gun.water": "Pistol cu Apă",
  "pistol.water": "Pistol cu apă",
  "trophy": "Trofeul Twitch Rivals",
  "twitchsunglasses": "Ochelari de soare violet",
  "twitch.headset": "Căști",
  "hobobarrel": "Hobo Barrel",
  "door.hinged.industrial.a": "Ușă industrială",
  "xmas.advent": "Calendar Advent",
  "candycaneclub": "Bâtă de acadea",
  "xmas.lightstring": "Lumini de Craciun",
  "xmas.door.garland": "Ghirlanda festivă a ușii",
  "xmas.double.door.garland": "Ghirlandă festivă pentru uși duble",
  "candycane": "Acadea",
  "giantcandycanedecor": "Decoratiune din bomboane gigante",
  "wall.ice.wall": "Zid de gheață mic",
  "wall.external.high.ice": "Zid înalt de gheață",
  "giantlollipops": "Acadea decor giganta",
  "sign.neon.125x125": "Semn de neon mic",
  "sign.neon.125x215.animated": "Semn de neon animat de mărime medie",
  "sign.neon.125x215": "Semn de neon mediu",
  "sign.neon.xl.animated": "Semn de neon animat de mărime mare",
  "sign.neon.xl": "Semn de neon de mărime mare",
  "pookie.bear": "Ursuleţ de pluş",
  "xmas.lightstring.advanced": "Lumini de Crăciun de lux",
  "coal": "Cărbune :(",
  "xmas.present.large": "Cadou mare",
  "xmas.present.medium": "Cadou mediu",
  "xmas.present.small": "Cadou mic",
  "sled.xmas": "Sanie",
  "sled": "Sanie",
  "snowmachine": "Mașină de zăpadă",
  "snowball": "Bulgăr de Zăpadă",
  "snowballgun": "Lansator de bulgări",
  "snowman": "Om de zapada",
  "stocking.large": "Ciorap uriaș",
  "stocking.small": "Șoseta mică",
  "attire.reindeer.headband": "Coarne de ren",
  "santabeard": "Barba Moșului",
  "santahat": "Căciulă de Moș Crăciun",
  "attire.snowman.helmet": "Cap Om de Zăpadă",
  "xmas.window.garland": "Ghirlanda de ferestre festive",
  "wrappedgift": "Cadou împachetat",
  "wrappingpaper": "Hârtie de împachetat",
  "xmasdoorwreath": "Coroana ușilor de Crăciun",
  "xmas.decoration.baubels": "Bauburi decorative",
  "xmas.decoration.candycanes": "Cana de bomboane decorative din plastic",
  "xmas.decoration.gingerbreadmen": "Bărbați de turtă decorativă pentru bărbați",
  "xmas.decoration.lights": "Lumini de copac",
  "xmas.decoration.pinecone": "Pinioane decorative",
  "xmas.decoration.star": "Topul cu stele",
  "xmas.decoration.tinsel": "Tinsel decorativ",
  "xmas.tree": "Pom de Crăciun",
  "captainslog": "Jurnalul Căpitanului",
  "fishing.tackle": "Unelte de pescuit",
  "bottle.vodka": "Sticlă cu vodcă",
  "autoturret": "Turetă automată",
  "flameturret": "Auto-tureta cu flacari",
  "gloweyes": "Ochi Strălucitori",
  "ammo.rocket.sam": "Amuniție pentru SAM",
  "samsite": "Aruncator de rachete sol-aer",
  "black.berry": "Mure",
  "clone.black.berry": "plantă de mure",
  "seed.black.berry": "Sămânță de Fructe de Pădure",
  "blue.berry": "Coacăze",
  "clone.blue.berry": "plantă de coacăze\n",
  "seed.blue.berry": "Sămânță de Fructe de Pădure Albastre",
  "green.berry": "Mure Verzi",
  "clone.green.berry": "plantă de boabe verzi",
  "seed.green.berry": "Seminte de boabe verzi",
  "red.berry": "Fructe roșii",
  "clone.red.berry": "Clonă de plantă cu fructe roșii",
  "seed.red.berry": "Seminte de boabe rosii\n",
  "white.berry": "Fructe albe",
  "clone.white.berry": "Clonă de plantă cu fructe albe",
  "seed.white.berry": "Seminte de boabe albe",
  "yellow.berry": "Fructe galbene",
  "clone.yellow.berry": "Clonă de plantă cu fructe galbene.",
  "seed.yellow.berry": "Seminte de boabe galbene",
  "corn": "Porumb",
  "clone.corn": "Porumb hibrid",
  "seed.corn": "Semințe de porumb",
  "clone.hemp": "Canepa hibrid",
  "seed.hemp": "Semințe de cânepă",
  "potato": "Cartof",
  "clone.potato": "Clona de cartof",
  "seed.potato": "Sămânța de cartof",
  "pumpkin": "Dovleac",
  "clone.pumpkin": "Clona plantei de dovleac",
  "seed.pumpkin": "Semințe de dovleac",
  "fat.animal": "Grăsime Animală",
  "battery.small": "Baterie - Mică",
  "blood": "Sânge",
  "bone.fragments": "Fragmente din oase",
  "cctv.camera": "Camera CCTV",
  "charcoal": "Cărbune",
  "cloth": "Pânză",
  "crude.oil": "Ţiţei",
  "diesel_barrel": "Motorină",
  "can.beans.empty": "Conservă de Fasole Goală",
  "can.tuna.empty": "Conservă Goală de Ton",
  "explosives": "Explozibili",
  "fertilizer": "Îngrășământ",
  "gunpowder": "Praf de Puşcă",
  "horsedung": "Fecale de cal",
  "hq.metal.ore": "Minereu de metal de înalta calitate",
  "metal.refined": "Metal de Calitate Înaltă",
  "leather": "Piele",
  "lowgradefuel": "Combustibil Inferior",
  "metal.fragments": "Fragmente metalice",
  "metal.ore": "Minereu de Metal",
  "paper": "Hârtie",
  "plantfiber": "Fibră vegetală",
  "researchpaper": "Lucrare de Cercetare",
  "water.salt": "Apă sărată",
  "scrap": "Resturi metalice",
  "stones": "Pietre",
  "sulfur.ore": "Minereu de Sulf",
  "sulfur": "Sulf",
  "targeting.computer": "Computer de Direcţionare",
  "water": "Apă",
  "skull.wolf": "Craniu de lup",
  "wood": "Lemn",
  "healingtea.advanced": "Ceai avansat de vindecare",
  "healingtea": "Ceai de vindecare de bază",
  "healingtea.pure": "Ceai de vindecare pură",
  "maxhealthtea.advanced": "Ceai de sănătate avansată",
  "maxhealthtea": "Ceai de Bază Maxim de Viață",
  "maxhealthtea.pure": "Ceai Maxim Pur de Viață",
  "oretea.advanced": "Ceai avansat pentru minereuri",
  "oretea": "Ceai obișnuit pentru minereuri",
  "oretea.pure": "Ceai pur pentru minereuri",
  "radiationremovetea.advanced": "Ceai avansat pentru eliminarea radiațiilor",
  "radiationremovetea": "Ceai pentru eliminarea radiațiilor",
  "radiationremovetea.pure": "Ceai pur pentru eliminarea radiațiilor",
  "radiationresisttea.advanced": "Ceai avansat pentru prevenția iradierii",
  "radiationresisttea": "Ceai pentru prevenția iradierii",
  "radiationresisttea.pure": "Ceai pur pentru prevenția iradierii",
  "scraptea.advanced": "Ceai avansat pentru resturile metalice",
  "scraptea": "Ceai obișnuit pentru resturile metalice",
  "scraptea.pure": "Ceai de fier vechi",
  "woodtea.advanced": "Ceai de lemn avansată",
  "woodtea": "Ceai din lemn de bază",
  "woodtea.pure": "Ceai din lemn pur",
  "antiradpills": "Pastile Anti-Radiație",
  "tool.binoculars": "Binoclu",
  "explosive.timed": "Încărcătură Explozivă Temporizată",
  "tool.camera": "Cameră foto",
  "rf.detonator": "Transmițător FM",
  "fishingrod.handmade": "Undiță procurată",
  "flare": "Semnal luminos",
  "flashlight.held": "Lanternă",
  "geiger.counter": "Dozimetru",
  "hosetool": "Unealtă pentru furtun",
  "jackhammer": "Ciocan de abataj",
  "keycard_blue": "Cartelă albastră",
  "keycard_green": "Carte de acces verde",
  "keycard_red": "Cartelă roșie",
  "largemedkit": "Trusă medicală mare",
  "concretehatchet": "Concrete Hatchet",
  "concretepickaxe": "Concrete Pickaxe",
  "lumberjack.hatchet": "Prototype Hatchet",
  "lumberjack.pickaxe": "Prototype Pickaxe",
  "map": "Hartă de hârtie",
  "syringe.medical": "Seringă Medicală",
  "rf_pager": "Pager FM",
  "building.planner": "Plan de Construcții",
  "grenade.smoke": "Grenada de fum",
  "spraycan": "Pulverizator",
  "spraycandecal": "Desing folosit pentru desenare",
  "supply.signal": "Semnal pentru Provizii",
  "surveycharge": "Explozibil de Verificare",
  "wiretool": "Instrument de sârmă",
  "vehicle.chassis.2mod": "Șasiu mic",
  "vehicle.chassis.3mod": "Șasiu mediu",
  "vehicle.chassis.4mod": "Șasiu mare",
  "vehicle.chassis": "Șasiu generic al vehiculului",
  "vehicle.1mod.cockpit": "Modul carlingă de Vehicul",
  "vehicle.1mod.cockpit.armored": "Modul carlingă de Vehicul Blindat",
  "vehicle.1mod.cockpit.with.engine": "Cabina de pilotaj cu modul vehicul motor",
  "vehicle.1mod.engine": "Modulul vehiculului motor",
  "vehicle.1mod.flatbed": "Modul larg plat",
  "vehicle.1mod.passengers.armored": "Modul blindat de pasageri",
  "vehicle.1mod.rear.seats": "Modul cu scaune in spate",
  "vehicle.1mod.storage": "Modul de stocare pentru vehicule",
  "vehicle.1mod.taxi": "Modul de Taxi",
  "vehicle.2mod.camper": "Modul vehicul camper",
  "vehicle.2mod.flatbed": "Modul mare plat",
  "vehicle.2mod.fuel.tank": "Modul de cisternă pentru vehicule",
  "vehicle.2mod.passengers": "Modul pentru pasageri",
  "vehicle.module": "Modul generic vehicul",
  "boombox": "Casetă Radio",
  "fun.boomboxportable": "Casetofon",
  "cassette": "Casetă - Lungă",
  "cassette.medium": "Casetă - Medie",
  "cassette.short": "Casetă - Scurtă",
  "fun.casetterecorder": "Înregistrator de voce",
  "discoball": "Glob de discotecă",
  "discofloor": "Podea de discotecă",
  "discofloor.largetiles": "Podea de discotecă",
  "connected.speaker": "Difuzor conectat",
  "laserlight": "Lumină laser",
  "megaphone": "Megafon",
  "microphonestand": "Suport pentru microfon",
  "mobilephone": "Telefon mobil",
  "soundlight": "Lumina sunetului",
  "telephone": "Telefon",
  "weapon.mod.8x.scope": "16x Domeniu de zoom",
  "weapon.mod.extendedmags": "Încărcător extins",
  "weapon.mod.flashlight": "Lanternă militară",
  "weapon.mod.holosight": "Lunetă holografică",
  "weapon.mod.lasersight": "Tintă laser pentru armă",
  "weapon.mod.muzzleboost": "Muzzle Boost",
  "weapon.mod.muzzlebrake": "Muzzle Brake",
  "weapon.mod.simplesight": "Simplu vedere manuală",
  "weapon.mod.silencer": "Amortizor",
  "weapon.mod.small.scope": "8x Domeniul de zoom",
  "rifle.ak": "Armă de asalt",
  "rifle.ak.ice": "Pușcă de asalt - GHEAȚĂ",
  "bandage": "Bandaj",
  "grenade.beancan": "Grenadă-Conservă",
  "rifle.bolt": "Puşcă cu acţiune manuală",
  "bone.club": "Baros din oase",
  "knife.bone": "Cuţit din oase",
  "bow.hunting": "Arc de Vânătoare",
  "cakefiveyear": "Tort aniversar",
  "chainsaw": "Drujba",
  "salvaged.cleaver": "Toporul recuperat",
  "bow.compound": "Arc compus",
  "crossbow": "Arbaletă",
  "shotgun.double": "Carabina cu 2 tevi",
  "pistol.eoka": "Pistol Eoka",
  "grenade.f1": "Grenadă F1",
  "flamethrower": "Aruncător de flăcări",
  "grenade.flashbang": "Explozie de lumina",
  "multiplegrenadelauncher": "Lansator de grenade multiple",
  "knife.butcher": "Cuțit de măcelar",
  "pitchfork": "Furcă",
  "sickle": "Seceră",
  "skull": "craniu",
  "hammer": "Ciocan",
  "hatchet": "Topor",
  "hmlmg": "Mitraliera ușoară făcută acasă",
  "knife.combat": "Cuțit de luptă",
  "rifle.l96": "L96 Pusca",
  "rifle.lr300": "Arma de asalt LR-300",
  "lmg.m249": "M249",
  "rifle.m39": "M39 Pusca",
  "pistol.m92": "Pistol M92",
  "mace": "Buzdugan",
  "machete": "Macetă",
  "grenade.molotov": "Cocktailul Molotov",
  "smg.mp5": "MP5A4",
  "pistol.nailgun": "Nailgun",
  "paddle": "Vâslă",
  "pickaxe": "Târnăcop",
  "shotgun.waterpipe": "Pușcă Waterpipe",
  "pistol.python": "Python Revolver",
  "pistol.revolver": "Revolver",
  "rock": "Piatră",
  "rocket.launcher": "Lansator de rachete",
  "axe.salvaged": "Topor improvizat",
  "hammer.salvaged": "Ciocan Refăcut",
  "icepick.salvaged": "Piolet improvizat",
  "explosive.satchel": "Sac cu explozibil",
  "shotgun.pump": "Pump Shotgun",
  "pistol.semiauto": "Pistol Semi-Automat",
  "rifle.semiauto": "Pusca Semi-Automatica",
  "smg.2": "SMG Customizabil",
  "shotgun.spas12": "Spas-12 Pușcă",
  "speargun": "Harpon",
  "stonehatchet": "Topor din piatră",
  "stone.pickaxe": "Târnacop din Piatră",
  "spear.stone": "Suliță cu piatră",
  "longsword": "Sabie lunga",
  "salvaged.sword": "Sabie confectionata din resturi",
  "smg.thompson": "Thompson",
  "toolgun": "Garry's Mod Tool Gun",
  "torch": "Torță",
  "bucket.water": "Găleată de apă",
  "spear.wooden": "Suliţă de Lemn",
  "horse.armor.roadsign": "Semnalizare rutieră armură de cai",
  "horse.armor.wood": "Armură de cai din lemn",
  "horse.saddle": "Şa de cal",
  "horse.saddlebag": "Geantă de șac",
  "horse.shoes.advanced": "Încălțăminte de cal de înaltă calitate",
  "horse.shoes.basic": "Pantofi de bază de cal"
}