{
  "hat.wolf": "オオカミずきん",
  "fogmachine": "Fogger-3000",
  "strobelight": "ストロボライト",
  "kayak": "カヤック",
  "rhib": "ゴムボート",
  "rowboat": "手漕ぎボート",
  "locomotive": "Locomotive",
  "minihelicopter.repair": "ミニヘリのリペア",
  "aiming.module.mlrs": "MLRSモジュール",
  "mlrs": "MLRS",
  "ammo.rocket.mlrs": "MLRSロケット",
  "scraptransportheli.repair": "デカヘリのリペア",
  "snowmobile": "スノーモービル",
  "snowmobiletomaha": "Tomahaスノーモービル",
  "submarineduo": "デュオ潜水艦",
  "submarinesolo": "ソロ潜水艦",
  "wagon": "ワゴン",
  "workcart": "ワークカート",
  "ammo.grenadelauncher.buckshot": "40mmショットガン",
  "ammo.grenadelauncher.he": "40mm炸裂グレネード",
  "ammo.grenadelauncher.smoke": "40mmスモークグレネード",
  "arrow.hv": "木の矢（高速）",
  "arrow.wooden": "木の矢",
  "arrow.bone": "骨の矢",
  "arrow.fire": "火の矢",
  "ammo.handmade.shell": "手作りシェル",
  "ammo.nailgun.nails": "ネイルガンネイル",
  "ammo.pistol": "9mmピストル",
  "ammo.pistol.fire": "9mm火炎",
  "ammo.pistol.hv": "9mm高速",
  "ammo.rifle": "5.56mmライフル",
  "ammo.rifle.explosive": "5.56mm炸裂",
  "ammo.rifle.incendiary": "5.56mm火炎",
  "ammo.rifle.hv": "5.56mm高速",
  "ammo.rocket.basic": "ロケット",
  "ammo.rocket.fire": "ロケット火炎",
  "ammo.rocket.hv": "ロケット高速",
  "ammo.rocket.smoke": "スモークロケット",
  "ammo.shotgun": "12ゲージ・バックショット",
  "ammo.shotgun.fire": "12ゲージ火炎",
  "ammo.shotgun.slug": "12 ゲージスラグ",
  "speargun.spear": "スピアガンのヤリ",
  "submarine.torpedo.straight": "トーピード",
  "door.double.hinged.metal": "板金のダブルドア",
  "door.double.hinged.toptier": "装甲板のダブルドア",
  "door.double.hinged.wood": "木のダブルドア",
  "door.hinged.metal": "板金ドア",
  "door.hinged.toptier": "装甲板ドア",
  "door.hinged.wood": "木のドア",
  "floor.grill": "フロアグリル",
  "floor.ladder.hatch": "ハッチ",
  "floor.triangle.grill": "三角のフロアグリル",
  "floor.triangle.ladder.hatch": "三角のハッチ",
  "gates.external.high.stone": "石壁ゲート",
  "gates.external.high.wood": "木壁ゲート",
  "ladder.wooden.wall": "ハシゴ",
  "wall.external.high.stone": "石壁",
  "wall.external.high": "木壁",
  "wall.frame.cell.gate": "プリズンゲート",
  "wall.frame.cell": "プリズンフレーム",
  "wall.frame.fence.gate": "チェーンフェンス・ゲート",
  "wall.frame.fence": "チェーンフェンス",
  "wall.frame.garagedoor": "ガレージ",
  "wall.frame.netting": "ネット",
  "wall.frame.shopfront": "ショップフロント",
  "wall.frame.shopfront.metal": "メタルショップフロント",
  "wall.window.bars.metal": "金属のまど格子",
  "wall.window.bars.toptier": "装甲板まどガラス",
  "wall.window.bars.wood": "木のまど格子",
  "shutter.metal.embrasure.a": "ガンシャッター（ヨコ）",
  "shutter.metal.embrasure.b": "ガンシャッター（タテ）",
  "wall.window.glass.reinforced": "きょうかガラスまど",
  "shutter.wood.a": "木のシャッター",
  "watchtower.wood": "アーチャータワー",
  "diving.fins": "足ヒレ",
  "diving.mask": "ダイビングマスク",
  "diving.tank": "酸素ボンベ",
  "diving.wetsuit": "ウェットスーツ",
  "boots.frog": "カエルのブーツ",
  "barrelcostume": "バレルのコスチューム",
  "cratecostume": "木箱のコスチューム",
  "hat.gas.mask": "ガスマスク",
  "burlap.gloves.new": "麻の手袋",
  "burlap.gloves": "革の手袋",
  "roadsign.gloves": "道路看板グローブ",
  "tactical.gloves": "タクティカルグローブ",
  "ghostsheet": "ゴーストコスチューム",
  "halloween.mummysuit": "マミースーツ",
  "scarecrow.suit": "カカシスーツ",
  "scarecrowhead": "カカシラップ",
  "attire.hide.helterneck": "革のホルターネック",
  "hat.beenie": "ニット帽",
  "hat.boonie": "ブーニーハット",
  "bucket.helmet": "バケツヘルメット",
  "burlap.headwrap": "麻のずきん",
  "hat.candle": "ロウソク帽子",
  "hat.cap": "野球帽",
  "clatter.helmet": "Clatterヘルメット",
  "coffeecan.helmet": "コーヒー缶ヘルメット",
  "deer.skull.mask": "ボーンヘルメット",
  "heavy.plate.helmet": "ヘビープレートヘルメット",
  "hat.miner": "鉱夫向けの帽子",
  "partyhat": "パーティーハット",
  "riot.helmet": "暴徒鎮圧用ヘルメット",
  "wood.armor.helmet": "木製ヘルメット",
  "hoodie": "パーカー",
  "bone.armor.suit": "ボーンアーマー",
  "heavy.plate.jacket": "ヘビープレートジャケット",
  "jacket.snow": "スノージャケット",
  "jacket": "ジャケット",
  "wood.armor.jacket": "木のチェストプレート",
  "lumberjack hoodie": "木こりのパーカー",
  "mask.balaclava": "即席の目出し帽",
  "mask.bandana": "フェイスマスク",
  "metal.facemask": "メタルフェイスマスク",
  "nightvisiongoggles": "暗視ゴーグル",
  "attire.ninja.suit": "Ninjaスーツ",
  "burlap.trousers": "麻のズボン",
  "heavy.plate.pants": "ヘビープレートパンツ",
  "attire.hide.pants": "革のズボン",
  "roadsign.kilt": "道路看板のキルト",
  "pants.shorts": "半ズボン",
  "wood.armor.pants": "木のすね当て",
  "pants": "ズボン",
  "attire.hide.poncho": "革のポンチョ",
  "burlap.shirt": "麻のシャツ",
  "shirt.collared": "シャツ",
  "attire.hide.vest": "革のベスト",
  "shirt.tanktop": "タンクトップ",
  "shoes.boots": "ブーツ",
  "burlap.shoes": "麻の靴",
  "attire.hide.boots": "革のブーツ",
  "attire.hide.skirt": "麻のスカート",
  "attire.banditguard": "バンディットガードギア",
  "hazmatsuit.arcticsuit": "Arcticスーツ",
  "hazmatsuit": "Hazmatスーツ",
  "hazmatsuit.nomadsuit": "Nomadスーツ",
  "hazmatsuit_scientist": "サイエンティストスーツ（ブルー）",
  "hazmatsuit_scientist_arctic": "サイエンティストスーツ（ホワイト）",
  "hazmatsuit_scientist_peacekeeper": "サイエンティストスーツ（グリーン）",
  "hazmatsuit.spacesuit": "スペーススーツ",
  "scientistsuit_heavy": "重装研究者の防護スーツ",
  "jumpsuit.suit.blue": "青いジャンプスーツ",
  "jumpsuit.suit": "ジャンプスーツ",
  "tshirt.long": "長袖のTシャツ",
  "tshirt": "Tシャツ",
  "metal.plate.torso": "メタルチェストプレート",
  "roadsign.jacket": "道路看板のジャケット",
  "bleach": "漂白剤",
  "ducttape": "ダクトテープ",
  "carburetor1": "低品質のキャブレター",
  "carburetor2": "中品質のキャブレター",
  "carburetor3": "高品質のキャブレター",
  "crankshaft1": "低品質のクランク軸",
  "crankshaft2": "中品質のクランク軸",
  "crankshaft3": "高品質のクランクシャフト",
  "piston1": "低品質のピストン",
  "piston2": "中品質のピストン",
  "piston3": "高品質のピストン",
  "sparkplug1": "低品質の点火プラグ",
  "sparkplug2": "中品質の点火プラグ",
  "sparkplug3": "高品質の点火プラグ",
  "valve1": "低品質のバルブ",
  "valve2": "中品質のバルブ",
  "valve3": "高品質のバルブ",
  "fuse": "ヒューズ",
  "gears": "ギア",
  "glue": "接着剤",
  "metalblade": "金属ブレード",
  "metalpipe": "金属パイプ",
  "propanetank": "プロパンボンベ",
  "roadsigns": "道路看板",
  "rope": "ロープ",
  "sewingkit": "裁ほう道具",
  "sheetmetal": "板金",
  "metalspring": "金属バネ",
  "sticks": "棒",
  "tarp": "タープ",
  "techparts": "ジャンク部品",
  "riflebody": "ライフルボディ",
  "semibody": "セミオートボディ",
  "smgbody": "SMGボディ",
  "barricade.concrete": "コンクリートのバリケード",
  "barricade.wood.cover": "木のバリケードカバー",
  "barricade.metal": "金属バリケード",
  "barricade.sandbags": "土のうバリケード",
  "barricade.stone": "石のバリケード",
  "barricade.wood": "木のバリケード",
  "barricade.woodwire": "ゆうしてっせんバリケード",
  "bbq": "バーベキュー",
  "trap.bear": "トラバサミ",
  "bed": "ベッド",
  "campfire": "たき火",
  "cardtable": "カードテーブル",
  "ceilinglight": "シーリングライト",
  "chair": "チェア",
  "composter": "コンポスター",
  "computerstation": "コンピューターステーション",
  "drone": "ドローン",
  "dropbox": "ドロップボックス",
  "elevator": "エレベーター",
  "fireplace.stone": "石だんろ",
  "firework.boomer.blue": "ブルーブーマー",
  "firework.boomer.champagne": "シャンパンブーマー",
  "firework.boomer.green": "グリーンブーマー",
  "firework.boomer.orange": "オレンジブーマー",
  "firework.boomer.pattern": "パターンブーマー",
  "firework.boomer.red": "レッドブーマー",
  "firework.boomer.violet": "バイオレットブーマー",
  "firework.romancandle.blue": "ブルーローマンキャンドル",
  "firework.romancandle.green": "グリーンローマンキャンドル",
  "firework.romancandle.red": "赤いローマンキャンドル",
  "firework.romancandle.violet": "バイオレットローマンキャンドル",
  "firework.volcano": "白い火山の花火",
  "firework.volcano.red": "白い火山の花火",
  "firework.volcano.violet": "バイオレット火山の花火",
  "spikes.floor": "木のスパイク",
  "frankensteintable": "フランケンシュタインテーブル",
  "fridge": "冷蔵庫",
  "furnace.large": "大きなかまど",
  "furnace": "かまど",
  "hitchtroughcombo": "ヒッチ＆トラフ",
  "habrepair": "バルーンのリペア",
  "jackolantern.angry": "怒りのジャック・オー・ランタン",
  "jackolantern.happy": "喜びのジャック・オー・ランタン",
  "trap.landmine": "地雷",
  "lantern": "ランタン",
  "box.wooden.large": "大きな木箱",
  "water.barrel": "水ダル",
  "locker": "ロッカー",
  "mailbox": "メールボックス",
  "mixingtable": "ミキシングテーブル",
  "modularcarlift": "モジュラー車両押上機",
  "mining.pumpjack": "ポンプジャック",
  "small.oil.refinery": "せい油所",
  "planter.large": "大きなプランター",
  "planter.small": "小さなプランター",
  "electric.audioalarm": "アラーム",
  "smart.alarm": "スマートアラーム",
  "smart.switch": "スマートスイッチ",
  "storage.monitor": "ストレージモニター",
  "electric.battery.rechargable.large": "バッテリー（大）",
  "electric.battery.rechargable.medium": "バッテリー（中）",
  "electric.battery.rechargable.small": "バッテリー（小）",
  "electric.button": "ボタン",
  "electric.counter": "カウンター",
  "electric.hbhfsensor": "HBHFセンサー",
  "electric.laserdetector": "レーザーセンサー",
  "electric.pressurepad": "プレッシャーパッド",
  "electric.doorcontroller": "ドアコントローラー",
  "electric.heater": "ヒーター",
  "fluid.combiner": "流体コンバイナー",
  "fluid.splitter": "レールスプリッター",
  "fluid.switch": "流体スイッチ&ポンプ",
  "electric.andswitch": "AND スイッチ",
  "electric.blocker": "ブロッカー",
  "electrical.branch": "エレクトリカル・ブランチ",
  "electrical.combiner": "ルートコンバイナー",
  "electrical.memorycell": "メモリーセル",
  "electric.orswitch": "OR スイッチ",
  "electric.random.switch": "RAND スイッチ",
  "electric.rf.broadcaster": "RFブロードキャスター",
  "electric.rf.receiver": "RFレシーバー",
  "electric.xorswitch": "XOR スイッチ",
  "electric.fuelgenerator.small": "ジェネレーター",
  "electric.generator.small": "テストジェネレーター",
  "electric.solarpanel.large": "大きなソーラーパネル",
  "electric.igniter": "イグナイター",
  "electric.flasherlight": "フラッシャーライト",
  "electric.simplelight": "シンプルライト",
  "electric.sirenlight": "サイレンライト",
  "powered.water.purifier": "パワードウォータークリーナー",
  "electric.switch": "スイッチ",
  "electric.splitter": "スプリッター",
  "electric.sprinkler": "スプリンクラー",
  "electric.teslacoil": "テスラコイル",
  "electric.timer": "タイマー",
  "electric.cabletunnel": "ケーブルトンネル",
  "waterpump": "水ポンプ",
  "mining.quarry": "マイニング",
  "target.reactive": "ノックダウン標的",
  "box.repair.bench": "リペアベンチ",
  "research.table": "リサーチテーブル",
  "rug.bear": "熊皮の敷物",
  "rug": "敷物",
  "searchlight": "サーチライト",
  "secretlabchair": "シークレットラボチェア",
  "shelves": "金属の棚",
  "sign.hanging.banner.large": "垂れ幕（大）",
  "sign.hanging": "両面の吊り下げ看板",
  "sign.hanging.ornate": "両面の装飾付き吊り看板",
  "sign.pictureframe.landscape": "横長の額縁",
  "sign.pictureframe.portrait": "縦長の額縁",
  "sign.pictureframe.tall": "額縁（背高）",
  "sign.pictureframe.xl": "額縁（大）",
  "sign.pictureframe.xxl": "額縁（巨大）",
  "sign.pole.banner.large": "柱付き垂れ幕（大）",
  "sign.post.double": "方向指示の標識（2方向）",
  "sign.post.single": "方向指示の標識（1方向）",
  "sign.post.town": "領地の標識（片面）",
  "sign.post.town.roof": "領地の標識（両面）",
  "sign.wooden.huge": "巨大な看板",
  "sign.wooden.large": "大きな看板",
  "sign.wooden.medium": "中ぐらいの看板",
  "sign.wooden.small": "小さな看板",
  "guntrap": "ショットガントラップ",
  "sleepingbag": "寝袋",
  "stash.small": "かくし箱",
  "sofa": "ソファ",
  "sofa.pattern": "ソファ-パターン",
  "spinner.wheel": "スピンボード",
  "fishtrap.small": "原始的な捕魚器",
  "table": "テーブル",
  "workbench1": "ワークベンチ レベル1",
  "workbench2": "ワークベンチ レベル2",
  "workbench3": "ワークベンチ レベル3",
  "cupboard.tool": "TC",
  "tunalight": "ツナ缶ランプ",
  "vending.machine": "じはんき",
  "water.catcher.large": "大型ウォーターキャッチャー",
  "water.catcher.small": "小さなウォーターキャッチャー",
  "water.purifier": "じょう水器",
  "generator.wind.scrap": "ふうしゃ",
  "box.wooden": "小さな木箱",
  "apple": "リンゴ",
  "apple.spoiled": "腐ったリンゴ",
  "black.raspberries": "ブラックラズベリー",
  "blueberries": "ブルーベリー",
  "botabag": "革の水筒",
  "grub": "幼虫",
  "worm": "ワーム",
  "cactusflesh": "サボテン",
  "can.beans": "マメ缶",
  "can.tuna": "ツナ缶",
  "chocholate": "チョコバー",
  "fish.anchovy": "アンチョビ",
  "fish.catfish": "ナマズ",
  "fish.cooked": "やきザカナ",
  "fish.raw": "生の魚",
  "fish.herring": "ニシン",
  "fish.minnows": "小魚",
  "fish.orangeroughy": "オレンジラフィー",
  "fish.salmon": "サーモン",
  "fish.sardine": "イワシ",
  "fish.smallshark": "小さなサメ",
  "fish.troutsmall": "小さなマス",
  "fish.yellowperch": "イエローパーチ",
  "granolabar": "シリアルバー",
  "chicken.burned": "焦げたトリ肉",
  "chicken.cooked": "やきトリ肉",
  "chicken.raw": "生の鶏肉",
  "chicken.spoiled": "腐ったトリ肉",
  "deermeat.burned": "焦げたシカ肉",
  "deermeat.cooked": "やきシカ肉",
  "deermeat.raw": "生のシカ肉",
  "horsemeat.burned": "焦げたウマ肉",
  "horsemeat.cooked": "やきウマ肉",
  "horsemeat.raw": "生のウマ肉",
  "humanmeat.burned": "焦げた人肉",
  "humanmeat.cooked": "やき人肉",
  "humanmeat.raw": "生の人肉",
  "humanmeat.spoiled": "腐った人肉",
  "bearmeat.burned": "焦げたクマ肉",
  "bearmeat.cooked": "やきクマ肉",
  "bearmeat": "生のクマ肉",
  "wolfmeat.burned": "焦げたオオカミ肉",
  "wolfmeat.cooked": "やきオオカミ肉",
  "wolfmeat.raw": "生のオオカミ肉",
  "wolfmeat.spoiled": "腐ったオオカミ肉",
  "meat.pork.burned": "焦げたブタ肉",
  "meat.pork.cooked": "やきイノシシ肉",
  "meat.boar": "生のブタ肉",
  "mushroom": "キノコ",
  "jar.pickle": "ピクルス",
  "smallwaterbottle": "小さなペットボトル",
  "waterjug": "青いジェリカン",
  "fun.bass": "シャベルベース",
  "fun.cowbell": "カウベル",
  "drumkit": "ジャンクヤードドラムキット",
  "fun.flute": "パンフルート",
  "fun.guitar": "アコースティックギター",
  "fun.jerrycanguitar": "ジェリカンギター",
  "piano": "ピアノ",
  "fun.tambourine": "カンバリン",
  "fun.trumpet": "配管工のトランペット",
  "fun.tuba": "スーザフォン",
  "xylophone": "シロボーン",
  "car.key": "くるまのカギ",
  "door.key": "ドアキー",
  "lock.key": "キーロック",
  "lock.code": "コードロック",
  "blueprintbase": "ブループリント",
  "chineselantern": "中国の提灯",
  "dragondoorknocker": "ドラゴンドアノッカー",
  "hat.dragonmask": "ドラゴンマスク",
  "newyeargong": "新年のドラ",
  "hat.oxmask": "雄牛マスク",
  "hat.ratmask": "ラットマスク",
  "skylantern": "天灯",
  "skylantern.skylantern.green": "天灯-グリーン",
  "skylantern.skylantern.orange": "天灯-オレンジ",
  "skylantern.skylantern.purple": "天灯-パープル",
  "skylantern.skylantern.red": "天灯-レッド",
  "lunar.firecrackers": "ファイアクラッカーシャワー",
  "hat.tigermask": "タイガーマスク",
  "arcade.machine.chippy": "チッピーアーケードゲーム",
  "bluedogtags": "ブルードッグタグ\n",
  "dogtagneutral": "ドッグタグ",
  "reddogtags": "レッドドッグタグ",
  "door.closer": "ドアクローザー",
  "attire.bunnyears": "ウサギの付け耳",
  "attire.bunny.onesie": "馬のコスチューム",
  "hat.bunnyhat": "ウサギの帽子",
  "easterdoorwreath": "イースタードアリース",
  "easterbasket": "卵のバスケット",
  "attire.egg.suit": "エッグスーツ",
  "rustige_egg_a": "赤のRustigé Egg",
  "rustige_egg_b": "青のRustigé Egg",
  "rustige_egg_c": "紫のRustig? 卵",
  "rustige_egg_d": "象牙のRustig? 卵",
  "rustige_egg_e": "緑のRustigé Egg",
  "attire.nesthat": "ネストハット",
  "easter.bronzeegg": "銅の卵",
  "easter.goldegg": "金の卵",
  "easter.paintedeggs": "色付き卵",
  "easter.silveregg": "銀の卵",
  "halloween.candy": "ハロウィンキャンディー",
  "largecandles": "大型キャンドルセット",
  "smallcandles": "小さなキャンドルセット",
  "carvable.pumpkin": "カーバブルパンプキン",
  "coffin.storage": "コフィン",
  "cursedcauldron": "呪われた釜",
  "gravestone": "墓石",
  "woodcross": "木製の十字架",
  "frankensteins.monster.01.head": "ライトフランケンシュタイン 頭",
  "frankensteins.monster.01.legs": "ライトフランケンシュタイン 足",
  "frankensteins.monster.01.torso": "ライトフランケンシュタイン 胴体",
  "frankensteins.monster.02.head": "ミディアムフランケンシュタイン 頭",
  "frankensteins.monster.02.legs": "ミディアムフランケンシュタイン 足",
  "frankensteins.monster.02.torso": "ミディアムフランケンシュタイン 胴体",
  "frankensteins.monster.03.head": "ヘビーフランケンシュタイン 頭",
  "frankensteins.monster.03.legs": "ヘビーフランケンシュタイン 足",
  "frankensteins.monster.03.torso": "ヘビーフランケンシュタイン 胴体",
  "wall.graveyard.fence": "墓地のフェンス",
  "halloween.lootbag.large": "大きなポーションバッグ",
  "halloween.lootbag.medium": "中くらいのポーションバッグ",
  "halloween.lootbag.small": "小さなポーションバッグ",
  "pumpkinbasket": "カボチャのバケット",
  "scarecrow": "カカシ",
  "skullspikes.candles": "頭蓋骨のスパイク",
  "skullspikes.pumpkin": "頭蓋骨のスパイク",
  "skullspikes": "頭蓋骨のスパイク",
  "skulldoorknocker": "スカルドアノッカー",
  "skull_fire_pit": "スカルのたき火",
  "spiderweb": "クモの巣",
  "spookyspeaker": "不気味なスピーカー",
  "halloween.surgeonsuit": "外科医スクラブ",
  "skull.trophy.jar": "ドクロのトロフィー",
  "skull.trophy.jar2": "ドクロのトロフィー",
  "skull.trophy.table": "ドクロのトロフィー",
  "skull.trophy": "ドクロのトロフィー",
  "movembermoustachecard": "モーベンバー口ひげ",
  "movembermoustache": "モーベンバーひげ",
  "note": "メモ",
  "factorydoor": "ファクトリードア",
  "industrial.wall.light.green": "グリーンウォールライト",
  "industrial.wall.light": "ウォールライト",
  "industrial.wall.light.red": "レッドウォールライト",
  "skull.human": "スカル",
  "abovegroundpool": "地上のプール",
  "beachchair": "ビーチチェア",
  "beachparasol": "ビーチパラソル",
  "beachtable": "ビーチテーブル",
  "beachtowel": "ビーチタオル",
  "boogieboard": "ビート板",
  "innertube": "浮き輪",
  "innertube.horse": "浮き輪",
  "innertube.unicorn": "浮き輪",
  "tool.instant_camera": "インスタントカメラ",
  "paddlingpool": "子供用プール",
  "photo": "写真",
  "photoframe.landscape": "横長のフォトフレーム",
  "photoframe.large": "大きなフォトフレーム",
  "photoframe.portrait": "縦長のフォトフレーム",
  "sunglasses02black": "サングラス",
  "sunglasses02camo": "サングラス",
  "sunglasses02red": "サングラス",
  "sunglasses03black": "サングラス",
  "sunglasses03chrome": "サングラス",
  "sunglasses03gold": "サングラス",
  "sunglasses": "サングラス",
  "gun.water": "ウォーターガン",
  "pistol.water": "ウォーターピストル",
  "trophy": "Twitch Rivals Trophy",
  "twitchsunglasses": "紫のサングラス",
  "twitch.headset": "ヘッドセット",
  "hobobarrel": "錆びたドラム缶",
  "door.hinged.industrial.a": "こうぎょうドア",
  "xmas.advent": "アドベントカレンダー",
  "candycaneclub": "キャンディーのこんぼう",
  "xmas.lightstring": "クリスマスライト",
  "xmas.door.garland": "お祝いのダブルドアウェイガーランド",
  "xmas.double.door.garland": "お祝いのダブルドアウェイガーランド",
  "candycane": "キャンディーケイン",
  "giantcandycanedecor": "ジャイアントキャンディーの装飾",
  "wall.ice.wall": "低いアイスウォール",
  "wall.external.high.ice": "こおり壁",
  "giantlollipops": "巨大なロリポップの装飾",
  "sign.neon.125x125": "小さなネオン看板",
  "sign.neon.125x215.animated": "中ぐらいのアニメーションのネオン看板",
  "sign.neon.125x215": "中ぐらいのネオン看板",
  "sign.neon.xl.animated": "大きなアニメーションのネオン看板",
  "sign.neon.xl": "大きなネオン看板",
  "pookie.bear": "プーキーベア",
  "xmas.lightstring.advanced": "デラックスクリスマスライト",
  "coal": "石炭 ：(",
  "xmas.present.large": "でかいプレゼント",
  "xmas.present.medium": "そこそこのプレゼント",
  "xmas.present.small": "ささやかなプレゼント",
  "sled.xmas": "ソリ",
  "sled": "ソリ",
  "snowmachine": "人工降雪機",
  "snowball": "スノーボール",
  "snowballgun": "スノーボールガン",
  "snowman": "雪だるま",
  "stocking.large": "スーパーストッキング",
  "stocking.small": "小さなストッキング",
  "attire.reindeer.headband": "鹿の頭の剥製",
  "santabeard": "サンタのヒゲ",
  "santahat": "サンタの帽子",
  "attire.snowman.helmet": "雪だるまヘルメット",
  "xmas.window.garland": "まどのクリスマスリース",
  "wrappedgift": "包装されたギフト",
  "wrappingpaper": "ラッピングペーパー",
  "xmasdoorwreath": "クリスマスリース",
  "xmas.decoration.baubels": "クリスマスオーナメントボール",
  "xmas.decoration.candycanes": "クリスマス装飾用キャンディー",
  "xmas.decoration.gingerbreadmen": "装飾用ジンジャーブレッドマン",
  "xmas.decoration.lights": "ツリーライト",
  "xmas.decoration.pinecone": "装飾用松かさ",
  "xmas.decoration.star": "木の天辺の星",
  "xmas.decoration.tinsel": "装飾用ティンセル",
  "xmas.tree": "クリスマスツリー",
  "captainslog": "キャプテンの日誌",
  "fishing.tackle": "釣り道具",
  "bottle.vodka": "ウォッカボトル",
  "autoturret": "オートタレット",
  "flameturret": "フレイムタレット",
  "gloweyes": "光る眼",
  "ammo.rocket.sam": "SAMサイトアモ",
  "samsite": "SAMサイト",
  "black.berry": "ブラックベリー",
  "clone.black.berry": "ブラックベリーのクローン",
  "seed.black.berry": "ブラックベリーのタネ",
  "blue.berry": "ブルーベリー",
  "clone.blue.berry": "ブルーベリーのクローン",
  "seed.blue.berry": "ブルーベリーのタネ",
  "green.berry": "グリーンベリー",
  "clone.green.berry": "グリーンベリーのクローン",
  "seed.green.berry": "グリーンベリーのタネ",
  "red.berry": "レッドベリー",
  "clone.red.berry": "レッドベリーのクローン",
  "seed.red.berry": "レッドベリーのタネ",
  "white.berry": "ホワイトベリー",
  "clone.white.berry": "ホワイトベリーのクローン",
  "seed.white.berry": "ホワイトベリーのタネ",
  "yellow.berry": "イエローベリー",
  "clone.yellow.berry": "イエローベリーのクローン",
  "seed.yellow.berry": "イエローベリーのタネ",
  "corn": "コーン",
  "clone.corn": "コーンのクローン",
  "seed.corn": "コーンのタネ",
  "clone.hemp": "麻のクローン",
  "seed.hemp": "麻のタネ",
  "potato": "ジャガイモ",
  "clone.potato": "ジャガイモのクローン",
  "seed.potato": "ジャガイモのタネ",
  "pumpkin": "カボチャ",
  "clone.pumpkin": "カボチャのクローン",
  "seed.pumpkin": "カボチャのタネ",
  "fat.animal": "どうぶつの脂肪",
  "battery.small": "バッテリー（小）",
  "blood": "血液",
  "bone.fragments": "骨片",
  "cctv.camera": "CCTVカメラ",
  "charcoal": "木炭",
  "cloth": "布",
  "crude.oil": "原油",
  "diesel_barrel": "ディーゼル燃料",
  "can.beans.empty": "からっぽのマメ缶",
  "can.tuna.empty": "からっぽのツナ缶",
  "explosives": "ばくやく",
  "fertilizer": "肥料",
  "gunpowder": "かやく",
  "horsedung": "かぱおと",
  "hq.metal.ore": "こうせき（上金属）",
  "metal.refined": "上金属",
  "leather": "革",
  "lowgradefuel": "低しつ燃料",
  "metal.fragments": "金属片",
  "metal.ore": "こうせき（金属）",
  "paper": "ペーパー",
  "plantfiber": "植物せんい",
  "researchpaper": "リサーチペーパー",
  "water.salt": "海水",
  "scrap": "スクラップ",
  "stones": "石",
  "sulfur.ore": "こうせき（硫黄）",
  "sulfur": "硫黄",
  "targeting.computer": "PC部品",
  "water": "水",
  "skull.wolf": "オオカミのずがいこつ",
  "wood": "木材",
  "healingtea.advanced": "+２ヒーリングティー",
  "healingtea": "+１ヒーリングティー",
  "healingtea.pure": "+３ヒーリングティー",
  "maxhealthtea.advanced": "+２最大ヘルスティー",
  "maxhealthtea": "+１最大ヘルスティー",
  "maxhealthtea.pure": "+３最大ヘルスティー",
  "oretea.advanced": "+２こうせきティー",
  "oretea": "+１こうせきティー",
  "oretea.pure": "+３こうせきティー",
  "radiationremovetea.advanced": "+２放射線除去ティー",
  "radiationremovetea": "+１放射線除去ティー",
  "radiationremovetea.pure": "+３放射線除去ティー",
  "radiationresisttea.advanced": "+２抗放射線ティー",
  "radiationresisttea": "+１抗放射線ティー",
  "radiationresisttea.pure": "+３抗放射線ティー",
  "scraptea.advanced": "+２スクラップティー",
  "scraptea": "+１スクラップティー",
  "scraptea.pure": "+３スクラップティー",
  "woodtea.advanced": "+２ウッドティー",
  "woodtea": "+１ウッドティー",
  "woodtea.pure": "+３ウッドティー",
  "antiradpills": "RADピル",
  "tool.binoculars": "双眼鏡",
  "explosive.timed": "C4",
  "tool.camera": "カメラ",
  "rf.detonator": "FMトランスミッター",
  "fishingrod.handmade": "つりざお",
  "flare": "フレア",
  "flashlight.held": "ライトトーチ",
  "geiger.counter": "放射能測定器",
  "hosetool": "ホースツール",
  "jackhammer": "ジャックハンマー",
  "keycard_blue": "ブルーキーカード",
  "keycard_green": "グリーンキーカード",
  "keycard_red": "レッドキーカード",
  "largemedkit": "メディック・キット",
  "map": "ペーパーマップ",
  "syringe.medical": "注射器",
  "rf_pager": "ポケベル",
  "building.planner": "ビルディングプラン",
  "grenade.smoke": "スモークグレネード",
  "spraycan": "スプレー缶",
  "spraycandecal": "スプレー缶デカール",
  "supply.signal": "サプライシグナル",
  "surveycharge": "地質調査用爆薬",
  "wiretool": "ワイヤーツール",
  "vehicle.chassis.2mod": "小型のシャーシ",
  "vehicle.chassis.3mod": "中型のシャーシ",
  "vehicle.chassis.4mod": "大型のシャーシ",
  "vehicle.chassis": "一般的な車両シャシー",
  "vehicle.1mod.cockpit": "コックピット車両モジュール",
  "vehicle.1mod.cockpit.armored": "装甲コックピット車両モジュール",
  "vehicle.1mod.cockpit.with.engine": "エンジン付きコックピット車両モジュール",
  "vehicle.1mod.engine": "エンジンモジュール",
  "vehicle.1mod.flatbed": "短い平台車両モジュール",
  "vehicle.1mod.passengers.armored": "装甲乗用車モジュール",
  "vehicle.1mod.rear.seats": "後部座席車両モジュール",
  "vehicle.1mod.storage": "保管車両モジュール",
  "vehicle.1mod.taxi": "タクシー車両モジュール",
  "vehicle.2mod.camper": "キャンピング車両モジュール",
  "vehicle.2mod.flatbed": "長い平台車両モジュール",
  "vehicle.2mod.fuel.tank": "燃料タンク車両モジュール",
  "vehicle.2mod.passengers": "座席モジュール",
  "vehicle.module": "汎用車両モジュール",
  "boombox": "ラジカセ",
  "fun.boomboxportable": "ポータブルラジカセ",
  "cassette": "カセット - ロング",
  "cassette.medium": "カセット - ミディアム",
  "cassette.short": "カセット - ショート",
  "fun.casetterecorder": "カセットレコーダー",
  "discoball": "ミラーボール",
  "discofloor": "ディスコフロア",
  "discofloor.largetiles": "ディスコフロア",
  "connected.speaker": "接続スピーカー",
  "laserlight": "レーザーライト",
  "megaphone": "メガホン",
  "microphonestand": "マイクロホンスタンド",
  "mobilephone": "モバイルフォン",
  "soundlight": "サウンドライト",
  "telephone": "テレフォン",
  "weapon.mod.8x.scope": "×16スコープ",
  "weapon.mod.extendedmags": "かくちょうマガジン",
  "weapon.mod.flashlight": "フラッシュライト",
  "weapon.mod.holosight": "ホロサイト",
  "weapon.mod.lasersight": "レーザーサイト",
  "weapon.mod.muzzleboost": "マズルブースター",
  "weapon.mod.muzzlebrake": "マズルブレーキ",
  "weapon.mod.simplesight": "シンプルサイト",
  "weapon.mod.silencer": "サイレンサー",
  "weapon.mod.small.scope": "×8スコープ",
  "rifle.ak": "カパオトさんコンバットしやがれ雑魚",
  "rifle.ak.ice": "AK-47 (アイス)",
  "bandage": "ほうたい",
  "grenade.beancan": "豆缶グレネード",
  "rifle.bolt": "ボルトアクション式スナイパー",
  "bone.club": "ボーンクラブ",
  "knife.bone": "ボーンナイフ",
  "bow.hunting": "弓",
  "cakefiveyear": "バースデーケーキ",
  "chainsaw": "チェンソー",
  "salvaged.cleaver": "サルベージ・クリーバー\n",
  "bow.compound": "コンパウンド・ボウ",
  "crossbow": "クロスボウ",
  "shotgun.double": "ダブルバレルショットガン",
  "pistol.eoka": "エオカピストル",
  "grenade.f1": "F1グレネード",
  "flamethrower": "火炎放射器",
  "grenade.flashbang": "フラッシュバン",
  "multiplegrenadelauncher": "グレネードランチャー",
  "knife.butcher": "ブッチャーナイフ",
  "pitchfork": "デーモンフォーク",
  "sickle": "鎌",
  "skull": "ドクロ",
  "hammer": "ハンマー",
  "hatchet": "てつのオノ",
  "hmlmg": "HMLMG",
  "knife.combat": "コンバットナイフ",
  "rifle.l96": "L96",
  "rifle.lr300": "LR-300",
  "lmg.m249": "M249",
  "rifle.m39": "M39",
  "pistol.m92": "M92",
  "mace": "メイス",
  "machete": "ナタ",
  "grenade.molotov": "Molotov Cocktail",
  "smg.mp5": "MP5A4",
  "pistol.nailgun": "ネイルガン",
  "paddle": "パドル",
  "pickaxe": "てつピッケル",
  "shotgun.waterpipe": "ウォーターパイプショットガン",
  "pistol.python": "パイソン",
  "pistol.revolver": "リボルバー",
  "rock": "DcN on top",
  "rocket.launcher": "ロケットランチャー",
  "axe.salvaged": "サルベージ・アックス",
  "hammer.salvaged": "サルベージ・ハンマー",
  "icepick.salvaged": "アイスピック",
  "explosive.satchel": "サッチェルチャージ",
  "shotgun.pump": "ポンプショットガン",
  "pistol.semiauto": "セミオートピストル",
  "rifle.semiauto": "セミオートライフル",
  "smg.2": "カスタムSMG",
  "shotgun.spas12": "SPAS-12 ",
  "speargun": "スピアガン",
  "stonehatchet": "石のオノ",
  "stone.pickaxe": "石のピッケル",
  "spear.stone": "石ヤリ",
  "longsword": "ロングソード",
  "salvaged.sword": "サルベージ・ソード",
  "smg.thompson": "トンプソン",
  "toolgun": "Garry's Modツールガン (ハンマー)",
  "torch": "たいまつ",
  "bucket.water": "水バケツ",
  "spear.wooden": "木のヤリ",
  "horse.armor.roadsign": "道路看板ウマアーマー",
  "horse.armor.wood": "木のウマアーマー",
  "horse.saddle": "サドル",
  "horse.saddlebag": "サドルバッグ",
  "horse.shoes.advanced": "ウマの上金ていてつ",
  "horse.shoes.basic": "ウマのていてつ"
}