{
  "hat.wolf": "Head of Rabid Dog",
  "fogmachine": "Smoke machine-3000",
  "strobelight": "Strobe Light",
  "kayak": "Emergency Raft",
  "minihelicopter.repair": "MC repair",
  "scraptransportheli.repair": "ScrapTransportHeliRepair",
  "submarineduo": "Duo Submarine",
  "submarinesolo": "Solo Submarine",
  "workcart": "Work Cart",
  "ammo.grenadelauncher.buckshot": "40mm Bom Bom Pill",
  "ammo.grenadelauncher.he": "Portable hand cannon shell",
  "ammo.grenadelauncher.smoke": "Weed Booms",
  "arrow.hv": "Fast shootin' Retard Bullet",
  "arrow.wooden": "Retard Bullet",
  "arrow.bone": "Bone Retard Bullet",
  "arrow.fire": "Burning Retard Bullet",
  "ammo.handmade.shell": "Shite Shells",
  "ammo.nailgun.nails": "Metal Darts",
  "ammo.pistol": "Musket Ball",
  "ammo.pistol.fire": "Fiery Flintlock Ball",
  "ammo.pistol.hv": "Fast Flintlock Balls",
  "ammo.rifle": "Standard Musket Rounds",
  "ammo.rifle.explosive": "Boom Musket Rounds",
  "ammo.rifle.incendiary": "Faia Bullet\n",
  "ammo.rifle.hv": "Hv Musket ammo",
  "ammo.rocket.basic": "Cannonball",
  "ammo.rocket.fire": "Fiery Cannonballs",
  "ammo.rocket.hv": "Fast Shootin' cannonballs",
  "ammo.rocket.smoke": "Smoke Cannonball WIP!!!!",
  "ammo.shotgun": "shotGun pew pew",
  "ammo.shotgun.fire": "Flammin shells",
  "ammo.shotgun.slug": "Long Range Snails",
  "speargun.spear": "Speargun Spear",
  "submarine.torpedo.straight": "Direct Torpedo",
  "door.double.hinged.metal": "Sheet Metal Double Door\n",
  "door.double.hinged.toptier": "Iron Double Door",
  "door.double.hinged.wood": "Plank Double Door",
  "door.hinged.metal": "Steel cabin door",
  "door.hinged.toptier": "Somali pirate protection",
  "door.hinged.wood": "Plank Door",
  "floor.grill": "Floor grill",
  "floor.ladder.hatch": "Trapdoor",
  "floor.triangle.grill": "Floor triangle grill",
  "floor.triangle.ladder.hatch": "Triangle Trapdoor",
  "gates.external.high.stone": "Large Rock Door",
  "gates.external.high.wood": "Big Wood Door",
  "ladder.wooden.wall": "Ladder",
  "wall.external.high.stone": "Large Brick Wall",
  "wall.external.high": "Big Ass Wooden Wall",
  "wall.frame.cell.gate": "Pirate Hold Gate",
  "wall.frame.cell": "Pirate Hold Wall",
  "wall.frame.fence.gate": "Chainlink Fence Gate",
  "wall.frame.fence": "Woven Metal Wall",
  "wall.frame.garagedoor": "rolling door",
  "wall.frame.netting": "Cargo Netting",
  "wall.frame.shopfront": "Chandlery",
  "wall.frame.shopfront.metal": "Metal Shop Front",
  "wall.window.bars.metal": "Metal Window Bars",
  "wall.window.bars.toptier": "Reinforced Glass Window",
  "wall.window.bars.wood": "Wooden Window Bars",
  "shutter.metal.embrasure.a": "Metal horizontal embrasure",
  "shutter.metal.embrasure.b": "Metal Vertical embrasure",
  "wall.window.glass.reinforced": "Strengthened Glass Window",
  "shutter.wood.a": "Cannon Hatch",
  "watchtower.wood": "Watch Tower",
  "diving.fins": "Small mermaid tails",
  "diving.mask": "Strange goggles",
  "diving.tank": "Wizards barrel",
  "diving.wetsuit": "Suit For wet lads",
  "boots.frog": "Water Creature Boots",
  "barrelcostume": "A Gunpowder Barrel",
  "cratecostume": "ye sneaky box costume",
  "hat.gas.mask": "Gas Mask",
  "burlap.gloves.new": "Shite gloves",
  "burlap.gloves": "Gloves O' Cow",
  "roadsign.gloves": "Roadsign Gloves",
  "tactical.gloves": "Officers Gloves\n",
  "ghostsheet": "Ghost Costume",
  "halloween.mummysuit": "Robe of Tutankhamun",
  "scarecrow.suit": "Scarecrow Suit",
  "scarecrowhead": "Scarecrow Wrap",
  "attire.hide.helterneck": "Breastcatcher",
  "hat.beenie": "Beenie Hat",
  "hat.boonie": "Blackbeard's Cap",
  "bucket.helmet": "Retard Helmet",
  "burlap.headwrap": "Somalian Headwrap",
  "hat.candle": "Retard Hat",
  "hat.cap": "Baseball Cap",
  "clatter.helmet": "Flamin' robo noggin'",
  "coffeecan.helmet": "sped helmet",
  "deer.skull.mask": "Bone Helmet",
  "heavy.plate.helmet": "Anti-Headache Helmet",
  "hat.miner": "Miners Hat",
  "partyhat": "Party Hat",
  "riot.helmet": "Riot Helmet",
  "wood.armor.helmet": "Plank helmet",
  "hoodie": "Commander's Overcoat",
  "bone.armor.suit": "Bone Armor",
  "heavy.plate.jacket": "Heavy Plate Jacket",
  "jacket.snow": "Admiral's Overcoat",
  "jacket": "Captain's Overcoat",
  "wood.armor.jacket": "Plank Chestwear",
  "mask.balaclava": "Improvised Balaclava",
  "mask.bandana": "Bandana Mask",
  "metal.facemask": "Taliban Mask",
  "nightvisiongoggles": "Night Vision Goggles",
  "attire.ninja.suit": "Ninja cloth",
  "burlap.trousers": "Sailors pantz",
  "heavy.plate.pants": "Heavy Plate Pants",
  "attire.hide.pants": "Pants o' cow",
  "roadsign.kilt": "Shiny Met'l Booty Cov'r",
  "pants.shorts": "Shorts",
  "wood.armor.pants": "Plank Pants",
  "pants": "Panties",
  "attire.hide.poncho": "Pirate Poncho",
  "burlap.shirt": "Sailors vest",
  "shirt.collared": "Shirt O' Rags",
  "attire.hide.vest": "Poncho o' cow",
  "shirt.tanktop": "Tank Top",
  "shoes.boots": "Boots",
  "burlap.shoes": "Feet Rags",
  "attire.hide.boots": "Boots o' pig",
  "attire.hide.skirt": "Ye Ol' Booty Cover",
  "attire.banditguard": "Smuggler's Guard Attire",
  "hazmatsuit": "Bad water protection suit",
  "hazmatsuit_scientist": "Scientist Suit",
  "hazmatsuit_scientist_peacekeeper": "Scientist Suit",
  "hazmatsuit.spacesuit": "Space Suit",
  "scientistsuit_heavy": "Heavy Scientist Suit",
  "jumpsuit.suit.blue": "Blue Jumpsuit",
  "jumpsuit.suit": "Jumpsuit",
  "tshirt.long": "Longsleeve T-Shirt",
  "tshirt": "T-Shirt",
  "metal.plate.torso": "Metal Chest Plate",
  "roadsign.jacket": "Shiny Metal Jacket",
  "bleach": "Fool's Rum",
  "ducttape": "glue tape",
  "carburetor1": "Low Quality Carburetor",
  "carburetor2": "Medium Quality Carburetor",
  "carburetor3": "Very Good Mixer",
  "crankshaft1": "Mechanical horse shaft",
  "crankshaft2": "Decent mechanical horse shaft",
  "crankshaft3": "Nice metal\nmechanical horse shaft",
  "piston1": "Low Quality Pistons",
  "piston2": "Medium Quality Pistons",
  "piston3": "High Quality Pistons",
  "sparkplug1": "Low Quality Spark Plugs",
  "sparkplug2": "Medium Quality Spark Plugs",
  "sparkplug3": "High Quality Spark Plugs",
  "valve1": "Low Quality Valves",
  "valve2": "Medium Quality Valves",
  "valve3": "High Quality Valves",
  "fuse": "AA Battery",
  "gears": "Cogs",
  "glue": "Glue",
  "metalblade": "Metal Blade",
  "metalpipe": "Iron Pipe\n",
  "propanetank": "Empty Propane Tank",
  "roadsigns": "Road Signs",
  "rope": "Rope",
  "sewingkit": "Sail Patcher",
  "sheetmetal": "Sheet Metal",
  "metalspring": "Steel Coil",
  "sticks": "Sticks",
  "tarp": "Tarp",
  "techparts": "Witches trash",
  "riflebody": "Rifle Body",
  "semibody": "Semi Automatic Body",
  "smgbody": "SMG Body",
  "barricade.concrete": "Stone Slab",
  "barricade.wood.cover": "Plank o' Shieding",
  "barricade.metal": "Metal people stopper",
  "barricade.sandbags": "Wall o' Sandsacks",
  "barricade.stone": "Wall o' Sandy Rocks",
  "barricade.wood": "Spikey Barrier",
  "barricade.woodwire": "Very Spikey Barrier",
  "bbq": "Cooker",
  "trap.bear": "Bear Trapp'a",
  "bed": "Sleepin' Quarters",
  "campfire": "Wood on fire",
  "cardtable": "Card Table",
  "ceilinglight": "Ceiling Bright",
  "chair": "Le` Chair",
  "composter": "Crap compressor",
  "computerstation": "Alienware Setup",
  "drone": "Flying Dutchman",
  "dropbox": "Drop Box",
  "elevator": "Hoister",
  "fireplace.stone": "House Oven",
  "firework.boomer.blue": "Blue Boomer",
  "firework.boomer.champagne": "Champagne Boomer",
  "firework.boomer.green": "Green Boomer",
  "firework.boomer.orange": "Orange Boomer",
  "firework.boomer.red": "Red Boomer",
  "firework.boomer.violet": "Violet Boomer",
  "firework.romancandle.blue": "Blue Roman Candle",
  "firework.romancandle.green": "Green Roman Candle",
  "firework.romancandle.red": "Red Roman Candle",
  "firework.romancandle.violet": "Violet Roman Candle",
  "firework.volcano": "White Volcano Firework",
  "firework.volcano.red": "Red Volcano Firework",
  "firework.volcano.violet": "Violet Volcano Firework",
  "spikes.floor": "Wooden Floor Spikes",
  "fridge": "frige",
  "furnace.large": "Large Smeltin' Grill",
  "furnace": "Smeltin' Grill",
  "hitchtroughcombo": "Hitch & Trough",
  "habrepair": "Hab Repair",
  "jackolantern.angry": "Jack O Lantern Angry",
  "jackolantern.happy": "Jack O Lantern Happy",
  "trap.landmine": "Explosive trap",
  "lantern": "Lantern",
  "box.wooden.large": "Cannonball Storage",
  "water.barrel": "Water Barrel",
  "locker": "Locker",
  "mailbox": "Letter hole",
  "mixingtable": "Mixing Table",
  "modularcarlift": "Modular Car Lift",
  "mining.pumpjack": "Pump Jack",
  "small.oil.refinery": "Small Oil Refinery",
  "planter.large": "Big Weed Box",
  "planter.small": "Small weed farming box",
  "electric.audioalarm": "Parrot in a box",
  "smart.alarm": "Sorcerer's Parrot",
  "smart.switch": "Smart Switch",
  "storage.monitor": "Storage Monitor",
  "electric.battery.rechargable.large": "Large Rechargeable Battery",
  "electric.battery.rechargable.medium": "Medium Rechargeable Battery",
  "electric.battery.rechargable.small": "Small Rechargeable Battery",
  "electric.button": "Pressy ",
  "electric.counter": "Electrical abacus",
  "electric.hbhfsensor": "HBHF Sensor",
  "electric.laserdetector": "Laser Detector",
  "electric.pressurepad": "Pressure Pad",
  "electric.doorcontroller": "Jer door picker",
  "electric.heater": "Electric Blanket",
  "fluid.combiner": "Fluid Combiner",
  "fluid.splitter": "Fluid Splitter",
  "fluid.switch": "Fluid Switch & Pump",
  "electric.andswitch": "AND Switch",
  "electric.blocker": "Stopper",
  "electrical.branch": "Magic cutter",
  "electrical.combiner": "magical connecting energy",
  "electrical.memorycell": "lighting remembering  box",
  "electric.orswitch": "OR Switch",
  "electric.random.switch": "RAND Switch",
  "electric.rf.broadcaster": "RF Broadcaster",
  "electric.rf.receiver": "RF Receiver",
  "electric.xorswitch": "XOR Switch",
  "electric.fuelgenerator.small": "bruh",
  "electric.generator.small": "Test Generator",
  "electric.solarpanel.large": "Large Solar Panel",
  "electric.igniter": "fire starter",
  "electric.flasherlight": "Flasher Light",
  "electric.simplelight": "Simple Light",
  "electric.sirenlight": "Portable Lighthouse",
  "powered.water.purifier": "Pixie Powerd Water Purifier",
  "electric.switch": "Switch",
  "electric.splitter": "Splitter",
  "electric.sprinkler": "Sprinkler",
  "electric.teslacoil": "something electrifying",
  "electric.timer": "Timer",
  "electric.cabletunnel": "Rope Tunnel\n",
  "waterpump": "Water Pump",
  "mining.quarry": "Mining Quarry",
  "target.reactive": "Bullseye",
  "box.repair.bench": "Fixer upper bench",
  "research.table": "Research Table",
  "rug.bear": "Rug Bear Skin",
  "rug": "Rug",
  "searchlight": "Search Light",
  "secretlabchair": "Secret Lab Chair",
  "shelves": "Salvaged Shelves",
  "sign.hanging.banner.large": "Large hangin' Jolly Roger",
  "sign.hanging": "A pair sided hangin' sign",
  "sign.hanging.ornate": "Two Sided Ornate Hanging Sign",
  "sign.pictureframe.landscape": "Landscape Picture Frame",
  "sign.pictureframe.portrait": "Portrait Picture Frame",
  "sign.pictureframe.tall": "Tall Canvas",
  "sign.pictureframe.xl": "XL Canvas",
  "sign.pictureframe.xxl": "XXL Canvas",
  "sign.pole.banner.large": "Large Pirate Flag",
  "sign.post.double": "Double Plank Post",
  "sign.post.single": "Landlubber's Markin' Post",
  "sign.post.town": "One Sided Town Sign Post",
  "sign.post.town.roof": "Two Sided Town Sign Post",
  "sign.wooden.huge": "Whale of a Plank",
  "sign.wooden.large": "Big Ol' Artist's Plank",
  "sign.wooden.medium": "Medium Wooden Sign",
  "sign.wooden.small": "Lil' Artist's Plank",
  "guntrap": "Blunderbuss Snare",
  "sleepingbag": "Small sleeping quarters",
  "stash.small": "Wee Booty Holder",
  "sofa": "Sofa",
  "spinner.wheel": "Spinning wheel",
  "fishtrap.small": "Timber Fish Net",
  "table": "Drinktable",
  "workbench1": "Work Bench Level 1",
  "workbench2": "Work Bench Level 2",
  "workbench3": "Work Bench Level 3",
  "cupboard.tool": "Captain's Locker",
  "tunalight": "Tuna Can Lamp",
  "vending.machine": "Metal Merchant",
  "water.catcher.large": "Large Rum Distillery",
  "water.catcher.small": "Small Rum Distillery",
  "water.purifier": "Water Cleaner",
  "generator.wind.scrap": "Spinny thing",
  "box.wooden": "Deckhand's Footlocker",
  "apple": "Green Fruit",
  "apple.spoiled": "Spoiled Fruit",
  "black.raspberries": "Black Fruit",
  "blueberries": "Sea Berries",
  "botabag": "Handmade Beer Holder",
  "grub": "Grub",
  "worm": "Worm",
  "cactusflesh": "Spikey Green Flesh",
  "can.beans": "Iron with beans",
  "can.tuna": "Can o' Tuna",
  "chocholate": "Wizard Candy",
  "fish.anchovy": "Anchovy",
  "fish.catfish": "Catfish",
  "fish.cooked": "Cooked Fish",
  "fish.raw": "Scurvy riddled food",
  "fish.herring": "Herring",
  "fish.minnows": "Minnows",
  "fish.orangeroughy": "Orange Roughy",
  "fish.salmon": "Salmon",
  "fish.sardine": "Sardine",
  "fish.smallshark": "Small Shark",
  "fish.troutsmall": "Tiny Fish",
  "fish.yellowperch": "Yellow Perch",
  "granolabar": "Weetabix",
  "chicken.burned": "Bad bird meat",
  "chicken.cooked": "Good bird meat",
  "chicken.raw": "Scurvy Riddled Bird",
  "chicken.spoiled": "Dead Weight",
  "deermeat.burned": "Black tar heroin",
  "deermeat.cooked": "Tasty Deer Meat",
  "deermeat.raw": "Flesh o' Stag",
  "horsemeat.burned": "Burnt Steed Meat",
  "horsemeat.cooked": "Cooked Horse Meat",
  "horsemeat.raw": "Raw Horse Meat",
  "humanmeat.burned": "Charred Pirate Flesh",
  "humanmeat.cooked": "Cooked Pirate Flesh",
  "humanmeat.raw": "Raw Pirate Flesh",
  "humanmeat.spoiled": "Spoiled Pirate Flesh",
  "bearmeat.burned": "Charred Murder Meat",
  "bearmeat.cooked": "Hot grizzly meat",
  "bearmeat": "Raw Murder Meat",
  "wolfmeat.burned": "Burnt Wolf Meat",
  "wolfmeat.cooked": "Cooked Wolf Meat",
  "wolfmeat.raw": "Raw Wolf Meat",
  "wolfmeat.spoiled": "Spoiled Wolf Meat",
  "meat.pork.burned": "Burnt Pork",
  "meat.pork.cooked": "Cooked Pork",
  "meat.boar": "Raw Pork",
  "mushroom": "Big Fungus",
  "jar.pickle": "Pickles",
  "smallwaterbottle": "Small Water Bottle",
  "waterjug": "Water Jug",
  "fun.bass": "Shovel Bass",
  "fun.cowbell": "Cowbell",
  "drumkit": "pots and pans",
  "fun.flute": "Pan Flute",
  "fun.guitar": "Lute",
  "fun.jerrycanguitar": "Jerry Can Guitar",
  "piano": "Wheelbarrow Piano",
  "fun.tambourine": "Canbourine",
  "fun.trumpet": "Plumber's Trumpet",
  "fun.tuba": "Tsungi Horn",
  "xylophone": "Music Bones ",
  "car.key": "Ship key",
  "door.key": "Door Key",
  "lock.key": "Key Lock",
  "lock.code": "Beepy Bootyblocker",
  "blueprintbase": "Ye Craftin' Map",
  "chineselantern": "Oriental Lamp",
  "dragondoorknocker": "Dragon Door Knocker",
  "hat.dragonmask": "Dragon Mask",
  "newyeargong": "New Year Gong",
  "hat.oxmask": "Ox Mask",
  "hat.ratmask": "Rat Mask",
  "lunar.firecrackers": "Firecracker String",
  "arcade.machine.chippy": "Chippy Pirate Game",
  "door.closer": "Closer o' doors",
  "attire.bunnyears": "Rabbit Earsie",
  "attire.bunny.onesie": "Hare Onesie",
  "hat.bunnyhat": "Bunny Hat",
  "easterdoorwreath": "Easter Door Wreath",
  "easterbasket": "Egg Basket",
  "rustige_egg_a": "Rustig? Egg - Red",
  "rustige_egg_b": "Rustig? Egg - Blue",
  "rustige_egg_c": "Rustig? Egg - Purple",
  "rustige_egg_d": "Rustig? Egg - Ivory",
  "rustige_egg_e": "Rustig? Egg - Green",
  "attire.nesthat": "Birdie Hat",
  "easter.bronzeegg": "Bronze Egg",
  "easter.goldegg": "Gold Egg",
  "easter.paintedeggs": "a coloered chicken egg",
  "easter.silveregg": "Silver Egg",
  "halloween.candy": "Halloween Candy",
  "largecandles": "Large Candle Set",
  "smallcandles": "Small Firestick Thingy's",
  "coffin.storage": "Dead man's box",
  "cursedcauldron": "Witch's Cauldron\n",
  "gravestone": "Gravestone",
  "woodcross": "Wooden Cross",
  "wall.graveyard.fence": "Graveyard Fence",
  "halloween.lootbag.large": "Large Loot Bag",
  "halloween.lootbag.medium": "Medium Loot Bag",
  "halloween.lootbag.small": "Small Loot Bag",
  "pumpkinbasket": "Pumpkin Bucket",
  "scarecrow": "Scarecrow",
  "skullspikes.candles": "Skull Spikes",
  "skullspikes.pumpkin": "Skull Spikes",
  "skullspikes": "Skull Spikes",
  "skulldoorknocker": "Skull Door Knocker",
  "skull_fire_pit": "Skull Fire Pit",
  "spiderweb": "Spider Webs",
  "spookyspeaker": "Spooky Speaker",
  "halloween.surgeonsuit": "Johnny Sins' Robe",
  "skull.trophy.jar": "Skull Trophy",
  "skull.trophy.jar2": "Skull Trophy",
  "skull.trophy.table": "Skull Trophy",
  "skull.trophy": "Skull Trophy",
  "movembermoustachecard": "Card Movember Moustache",
  "movembermoustache": "Movember Moustache",
  "note": "Diary",
  "skull.human": "Pirate Skull",
  "abovegroundpool": "Open air rum distillery",
  "beachchair": "Captain's Chair",
  "beachparasol": "Cover o' Rain n' Sunshine",
  "beachtable": "War Planning Table",
  "beachtowel": "Dirty Towel",
  "boogieboard": "Retard Vessel",
  "innertube": "Inner Tube",
  "innertube.horse": "Inner Tube",
  "innertube.unicorn": "Inner Tube",
  "tool.instant_camera": "Instant Camera",
  "paddlingpool": "Paddling Pool",
  "photo": "Realistic Artwork",
  "photoframe.landscape": "Landscape Photo Frame",
  "photoframe.large": "Large Photo Frame",
  "photoframe.portrait": "Portrait Photo Frame",
  "sunglasses02black": "Sunglasses",
  "sunglasses02camo": "Sunglasses",
  "sunglasses02red": "Sunglasses",
  "sunglasses03black": "Sunglasses",
  "sunglasses03chrome": "Sunglasses",
  "sunglasses03gold": "Sunglasses",
  "sunglasses": "Sunglasses",
  "gun.water": "Ye Water Cannon",
  "pistol.water": "Water Pistol",
  "twitchsunglasses": "Purple Sunglasses",
  "twitch.headset": "Headset",
  "hobobarrel": "Hobo Barrel",
  "door.hinged.industrial.a": "Portholed Door",
  "candycaneclub": "Candy Cane Club",
  "xmas.lightstring": "Christmas Lights",
  "xmas.door.garland": "Festive Doorway Garland",
  "candycane": "Stale Stick",
  "giantcandycanedecor": "Giant Candy Decor",
  "wall.ice.wall": "Short Ice Wall",
  "wall.external.high.ice": "large frozen water wall",
  "giantlollipops": "Giant Lollipop Decor",
  "sign.neon.125x125": "Small Neon Sign",
  "sign.neon.125x215.animated": "Medium Animated Neon Sign",
  "sign.neon.125x215": "Medium Neon Sign",
  "sign.neon.xl.animated": "Large Animated Neon Sign",
  "sign.neon.xl": "Large Neon Sign",
  "pookie.bear": "Pookie Bear",
  "xmas.lightstring.advanced": "Deluxe Christmas Lights",
  "coal": "Black rock :/",
  "xmas.present.large": "Large Present",
  "xmas.present.medium": "Medium Present",
  "xmas.present.small": "Small Present",
  "sled.xmas": "Sled",
  "sled": "Sled",
  "snowmachine": "Snow Machine",
  "snowball": "Snowball",
  "snowballgun": "Snowball Gun",
  "snowman": "Cold Pirate",
  "stocking.large": "SUPER Stocking",
  "stocking.small": "Small Stocking",
  "attire.reindeer.headband": "Christmas creature horns",
  "santabeard": "Santa Beard",
  "santahat": "Santa Hat",
  "xmas.window.garland": "Festive Window Garland",
  "wrappedgift": "Wrapped Gift",
  "wrappingpaper": "Wrapping Paper",
  "xmasdoorwreath": "Christmas Door Wreath",
  "xmas.decoration.baubels": "Decorative Baubels",
  "xmas.decoration.candycanes": "Decorative Plastic Candy Canes",
  "xmas.decoration.gingerbreadmen": "Decorative Gingerbread Men",
  "xmas.decoration.lights": "Tree Lights",
  "xmas.decoration.pinecone": "Decorative Pinecones",
  "xmas.decoration.star": "Star Tree Topper",
  "xmas.decoration.tinsel": "Decorative Tinsel",
  "xmas.tree": "Christmas Tree",
  "autoturret": "Automatic Cannon",
  "flameturret": "Brimstone Trap",
  "gloweyes": "Glowing Eyes",
  "ammo.rocket.sam": "Auto-Cannon Ammo",
  "samsite": "Auto Air-Cannon",
  "black.berry": "Berries o' Black",
  "clone.black.berry": "Black Berry Cut",
  "seed.black.berry": "Black Berry Seed",
  "blue.berry": "Berries o' Blue",
  "clone.blue.berry": "Blue Berry Cut",
  "seed.blue.berry": "Blue Berry Seed",
  "green.berry": "Berries o' Green",
  "clone.green.berry": "Green Berry Cut",
  "seed.green.berry": "Green Berry Seed",
  "red.berry": "Berries o' Red",
  "clone.red.berry": "Red Berry Cut",
  "seed.red.berry": "Red Berry Seed",
  "white.berry": "White Berry's",
  "clone.white.berry": "White Berry Cut",
  "seed.white.berry": "White Berry Seed",
  "yellow.berry": "Yello' berry's",
  "clone.yellow.berry": "Yello' Berry Cut",
  "seed.yellow.berry": "Yellow Berry Seed",
  "corn": "Maize",
  "clone.corn": "Corn Clone",
  "seed.corn": "Maize Seed",
  "clone.hemp": "Marijawana Clone",
  "seed.hemp": "Marijuana Seed",
  "potato": "Potato",
  "clone.potato": "a spud copy",
  "seed.potato": "Potato Seed",
  "pumpkin": "Large Orange Vegetable",
  "clone.pumpkin": "Large Orange Vegetable Plant Clone",
  "seed.pumpkin": "Large Orange Vegetable Seed",
  "fat.animal": "Rudder Grease",
  "battery.small": "Storm container - small",
  "blood": "Muse of soul",
  "bone.fragments": "Pieces o' skelet",
  "cctv.camera": "Auto-spyglass",
  "charcoal": "Timber Scraps",
  "cloth": "Ye' Old Rag",
  "crude.oil": "Black water",
  "diesel_barrel": "Barrel o' black water",
  "can.beans.empty": "Can O' Beanies",
  "can.tuna.empty": "Empty",
  "explosives": "Boom",
  "fertilizer": "Fertilizer",
  "gunpowder": "Black powder",
  "horsedung": "Shit",
  "hq.metal.ore": "Very Shiny Rock",
  "metal.refined": "High Quality Metal",
  "leather": "Skin o' cow",
  "lowgradefuel": "Bad blubber",
  "metal.fragments": "Fragments o' shiny stuf'",
  "metal.ore": "Shiny Rock",
  "paper": "Map fiber",
  "plantfiber": "Plant Fiber",
  "researchpaper": "Research Paper",
  "water.salt": "The Sea",
  "scrap": "Doubloons",
  "stones": "Rocks",
  "sulfur.ore": "Raw Boom Dust",
  "sulfur": "Boom Rock\n",
  "targeting.computer": "Gaming computer",
  "water": "Rum",
  "skull.wolf": "Wolf Skull",
  "wood": "Timber",
  "healingtea.advanced": "Advanced Healing Tea",
  "healingtea": "Basic Healing Tea",
  "healingtea.pure": "Pure Healing Tea",
  "maxhealthtea.advanced": "Advanced Max Health Tea",
  "maxhealthtea": "Basic Max Health Tea",
  "maxhealthtea.pure": "Pure Max Health Tea",
  "oretea.advanced": "Advanced Ore Tea",
  "oretea": "Basic Ore Tea",
  "oretea.pure": "Pure Ore Tea",
  "radiationremovetea.advanced": "Advanced Rad. Removal Tea",
  "radiationremovetea": "Seasickness Remover",
  "radiationremovetea.pure": "Pure Rad. Removal Tea",
  "radiationresisttea.advanced": "Mediocre Seasickness Protector",
  "radiationresisttea": "Weak Seasickness Protector",
  "radiationresisttea.pure": "STRONG Seasickness Protector",
  "scraptea.advanced": "Advanced Scrap Tea",
  "scraptea": "Basic Scrap Tea",
  "scraptea.pure": "Pure Scrap Tea",
  "woodtea.advanced": "Advanced Wood Tea",
  "woodtea": "Basic Wood Tea",
  "woodtea.pure": "Pure Wood Tea",
  "antiradpills": "Anti-Scurvy Pills",
  "tool.binoculars": "Binoculars",
  "explosive.timed": "Chrono Boompack",
  "tool.camera": "Camera",
  "rf.detonator": "RF Transmitter",
  "fishingrod.handmade": "Handmade Fishing Rod",
  "flare": "Magic Burnin' Stick",
  "flashlight.held": "Flashlight",
  "geiger.counter": "Ticky Thing",
  "hosetool": "Water line for wizards",
  "jackhammer": "Automatic Hammer",
  "keycard_blue": "Captain's Key",
  "keycard_green": "Commanders key",
  "keycard_red": "Admiral's key",
  "largemedkit": "Rum box",
  "map": "Paper Map",
  "syringe.medical": "Stick o' Fat Injection",
  "rf_pager": "RF Pager",
  "building.planner": "Craftin' Map",
  "grenade.smoke": "Weed Canister",
  "supply.signal": "Supply Signal",
  "surveycharge": "Survey Charge",
  "wiretool": "Wire Tool",
  "vehicle.chassis.2mod": "Small Chassis",
  "vehicle.chassis.3mod": "Medium Chassis",
  "vehicle.chassis.4mod": "Large Chassis",
  "vehicle.chassis": "Generic vehicle chassis",
  "vehicle.1mod.cockpit": "Cockpit Vehicle Module",
  "vehicle.1mod.cockpit.armored": "Armored Cockpit Vehicle Module",
  "vehicle.1mod.cockpit.with.engine": "Cockpit With Engine Vehicle Module",
  "vehicle.1mod.engine": "Engine Vehicle Module",
  "vehicle.1mod.flatbed": "Flatbed Vehicle Module",
  "vehicle.1mod.passengers.armored": "Armored Passenger Vehicle Module",
  "vehicle.1mod.rear.seats": "Rear Seats Vehicle Module",
  "vehicle.1mod.storage": "Storage Vehicle Module",
  "vehicle.1mod.taxi": "Taxi Vehicle Module",
  "vehicle.2mod.flatbed": "Large Flatbed Vehicle Module",
  "vehicle.2mod.fuel.tank": "Fuel Tank Vehicle Module",
  "vehicle.2mod.passengers": "Passenger Vehicle Module",
  "vehicle.module": "Generic vehicle module",
  "boombox": "Boom Box",
  "fun.boomboxportable": "Portable Boom Box",
  "cassette": "Cassette - Long",
  "cassette.medium": "Cassette - Medium",
  "cassette.short": "Cassette - Short",
  "fun.casetterecorder": "Cassette Recorder",
  "discoball": "Disco Ball",
  "discofloor": "Party Planks",
  "discofloor.largetiles": "Party Planks",
  "connected.speaker": "Connected Speaker",
  "laserlight": "Laser Light",
  "megaphone": "Megaphone",
  "microphonestand": "Microphone Stand",
  "mobilephone": "Mobile Phone",
  "soundlight": "Sound Light",
  "telephone": "Talkin' box",
  "weapon.mod.8x.scope": "16x Gun Telescope",
  "weapon.mod.flashlight": "Musket Lantern",
  "weapon.mod.holosight": "Black Magic Telescope",
  "weapon.mod.lasersight": "Weapon Lasersight",
  "weapon.mod.muzzleboost": "Muzzle Boost",
  "weapon.mod.muzzlebrake": "Muzzle Brake",
  "weapon.mod.simplesight": "Simple Handmade Sight",
  "weapon.mod.silencer": "Silencer",
  "weapon.mod.small.scope": "8x Gun Telescope",
  "rifle.ak": "Auto Musket",
  "bandage": "Blood Patcher",
  "grenade.beancan": "Wee powder keg",
  "rifle.bolt": "Black Beards Musket",
  "bone.club": "Landlubber's Leg",
  "knife.bone": "Bone Shank",
  "bow.hunting": "Arrow Shooter",
  "cakefiveyear": "Sweet Pie ",
  "chainsaw": "Motorized Tree Murderer",
  "salvaged.cleaver": "Salvaged Cleaver",
  "bow.compound": "Metal Arrow Shooter",
  "crossbow": "Cannon Bow",
  "shotgun.double": "Double Blunderbuss",
  "pistol.eoka": "Flintlock pistol",
  "grenade.f1": "Suicide Bomb",
  "flamethrower": "Launcher o' brimstone",
  "multiplegrenadelauncher": "Multiple Grenade Launcher",
  "knife.butcher": "Fillet knife",
  "pitchfork": "Pitchfork",
  "sickle": "Sickle",
  "hammer": "Timber hammer",
  "hatchet": "Tree Murderer",
  "knife.combat": "Pirate Hook",
  "rifle.l96": "L69 Musket",
  "rifle.lr300": "Assault Musket",
  "lmg.m249": "Auto Cannon",
  "rifle.m39": "M39 Musket",
  "pistol.m92": "Automatic Flintlock\n",
  "mace": "Spiked Metal Stick",
  "machete": "Long Knife",
  "smg.mp5": "Auto Flintlock",
  "pistol.nailgun": "Dart Thrower",
  "paddle": "Poor man's sail",
  "pickaxe": "Pickaxe",
  "shotgun.waterpipe": "Blunderbuss",
  "pistol.python": "High Powered Flintlock",
  "pistol.revolver": "Semi-automatic flintlock\n",
  "rock": "Rock",
  "rocket.launcher": "Cannon",
  "axe.salvaged": "Salvaged timber cutter",
  "hammer.salvaged": "Salvaged Hammer",
  "icepick.salvaged": "Adm'rals toothpick",
  "explosive.satchel": "Unsafe Boompack",
  "shotgun.pump": "Pump Shotgun",
  "pistol.semiauto": "Semi-Auto Flintlock",
  "rifle.semiauto": "Semi-Automatic Musket",
  "smg.2": "Custom SMG",
  "shotgun.spas12": "Semi-automatic Blunderbuss",
  "speargun": "Speargun",
  "stonehatchet": "Shitty Tree Murderer",
  "stone.pickaxe": "Shitty Rock Smacker",
  "spear.stone": "Big stone-tipped stabby stick",
  "longsword": "Shortsword",
  "salvaged.sword": "Cutlass",
  "smg.thompson": "Thompson",
  "toolgun": "Garry's Mod Tool Gun",
  "torch": "Burnin' Stick",
  "bucket.water": "Water Storer",
  "spear.wooden": "Big stabby stick",
  "horse.armor.roadsign": "Roadsign Horse Armor",
  "horse.armor.wood": "Wooden Horse Armor",
  "horse.saddle": "Saddle",
  "horse.saddlebag": "Saddle bag",
  "horse.shoes.advanced": "High Quality Horse Shoes",
  "horse.shoes.basic": "Basic Horse Shoes"
}