{
  "hat.wolf": "狼頭飾",
  "fogmachine": "Fogger-3000",
  "strobelight": "閃光燈",
  "kayak": "皮艇",
  "minihelicopter.repair": "MC修復",
  "scraptransportheli.repair": "廢料直升機",
  "submarineduo": "Duo Submarine",
  "submarinesolo": "Solo Submarine",
  "workcart": "工作車",
  "ammo.grenadelauncher.buckshot": "40毫米霰彈槍",
  "ammo.grenadelauncher.he": "40毫米HE手榴彈",
  "ammo.grenadelauncher.smoke": "40毫米煙霧彈",
  "arrow.hv": "高速箭矢",
  "arrow.wooden": "木箭",
  "arrow.bone": "骨頭箭",
  "arrow.fire": "火焰箭",
  "ammo.handmade.shell": "手工子彈",
  "ammo.nailgun.nails": "釘槍釘子",
  "ammo.pistol": "手槍子彈",
  "ammo.pistol.fire": "燃燒手槍子彈",
  "ammo.pistol.hv": "高速手槍子彈",
  "ammo.rifle": "5.56步槍子彈",
  "ammo.rifle.explosive": "5.56爆炸步槍子彈",
  "ammo.rifle.incendiary": "5.56燃燒步槍子彈",
  "ammo.rifle.hv": "5.56高速步槍子彈",
  "ammo.rocket.basic": "火箭彈",
  "ammo.rocket.fire": "燃燒火箭彈",
  "ammo.rocket.hv": "高速火箭彈",
  "ammo.rocket.smoke": "正在開發的煙霧火箭彈!!!!",
  "ammo.shotgun": "12號霰彈",
  "ammo.shotgun.fire": "12號燃燒霰彈",
  "ammo.shotgun.slug": "12號霰彈塊",
  "speargun.spear": "Speargun Spear",
  "submarine.torpedo.straight": "Direct Torpedo",
  "door.double.hinged.metal": "板金雙扇門",
  "door.double.hinged.toptier": "裝甲雙扇門",
  "door.double.hinged.wood": "木製雙扇門",
  "door.hinged.metal": "板金門",
  "door.hinged.toptier": "裝甲門",
  "door.hinged.wood": "木門",
  "floor.grill": "地板烤架",
  "floor.ladder.hatch": "梯子逃生口",
  "floor.triangle.grill": "地板三角烤架",
  "floor.triangle.ladder.hatch": "三角階梯艙口",
  "gates.external.high.stone": "外部石頭大門",
  "gates.external.high.wood": "外部木頭大門",
  "ladder.wooden.wall": "木製梯子",
  "wall.external.high.stone": "外部石頭高牆",
  "wall.external.high": "外部木頭高牆",
  "wall.frame.cell.gate": "監獄牢房門",
  "wall.frame.cell": "監獄牢房牆",
  "wall.frame.fence.gate": "鐵網門",
  "wall.frame.fence": "鐵絲網柵欄",
  "wall.frame.garagedoor": "車庫大門",
  "wall.frame.netting": "網子",
  "wall.frame.shopfront": "店面",
  "wall.frame.shopfront.metal": "金屬店面",
  "wall.window.bars.metal": "金屬防盜窗框",
  "wall.window.bars.toptier": "強化玻璃窗",
  "wall.window.bars.wood": "木製防盜窗框",
  "shutter.metal.embrasure.a": "水平金屬炮口",
  "shutter.metal.embrasure.b": "垂直金屬炮口",
  "wall.window.glass.reinforced": "強化玻璃窗",
  "shutter.wood.a": "木製窗板",
  "watchtower.wood": "瞭望塔",
  "diving.fins": "蛙鞋",
  "diving.mask": "潛水面具",
  "diving.tank": "氧氣瓶",
  "diving.wetsuit": "潛水衣",
  "boots.frog": "青蛙靴子",
  "barrelcostume": "一件桶子裝",
  "cratecostume": "板條箱服裝",
  "hat.gas.mask": "防毒面具",
  "burlap.gloves.new": "麻布製手套",
  "burlap.gloves": "皮革手套",
  "roadsign.gloves": "道路標誌手套",
  "tactical.gloves": "戰術手套",
  "ghostsheet": "幽靈裝\n",
  "halloween.mummysuit": "木乃伊套裝",
  "scarecrow.suit": "稻草人套裝",
  "scarecrowhead": "稻草人包裹",
  "attire.hide.helterneck": "獸皮露背裝",
  "hat.beenie": "毛帽",
  "hat.boonie": "圓邊帽",
  "bucket.helmet": "水桶頭盔",
  "burlap.headwrap": "麻布頭套",
  "hat.candle": "蠟燭帽",
  "hat.cap": "棒球帽",
  "clatter.helmet": "克拉特頭盔",
  "coffeecan.helmet": "咖啡罐頭盔",
  "deer.skull.mask": "骨製頭盔",
  "heavy.plate.helmet": "厚鋼板頭盔",
  "hat.miner": "礦工帽",
  "partyhat": "派對帽",
  "riot.helmet": "鎮暴頭盔",
  "wood.armor.helmet": "木護甲頭盔",
  "hoodie": "連帽衫",
  "bone.armor.suit": "骨頭護甲",
  "heavy.plate.jacket": "厚鋼板夾克",
  "jacket.snow": "雪夾克",
  "jacket": "夾克",
  "wood.armor.jacket": "木胸甲",
  "mask.balaclava": "簡易蒙面面罩",
  "mask.bandana": "圍巾面罩",
  "metal.facemask": "金屬面罩",
  "nightvisiongoggles": "夜視鏡",
  "attire.ninja.suit": "忍者套裝",
  "burlap.trousers": "麻布褲子",
  "heavy.plate.pants": "厚鋼板長褲",
  "attire.hide.pants": "獸皮褲",
  "roadsign.kilt": "道路標誌短裙",
  "pants.shorts": "短褲",
  "wood.armor.pants": "木護甲褲",
  "pants": "褲子",
  "attire.hide.poncho": "獸皮披肩",
  "burlap.shirt": "麻布襯衫",
  "shirt.collared": "襯衫",
  "attire.hide.vest": "獸皮背心",
  "shirt.tanktop": "背心",
  "shoes.boots": "靴子",
  "burlap.shoes": "麻布鞋",
  "attire.hide.boots": "獸皮靴",
  "attire.hide.skirt": "獸皮裙",
  "attire.banditguard": "徒匪守衛裝備",
  "hazmatsuit": "生化防護套裝",
  "hazmatsuit_scientist": "科學家套裝",
  "hazmatsuit_scientist_peacekeeper": "科學家套裝",
  "hazmatsuit.spacesuit": "太空服",
  "scientistsuit_heavy": "重科學家的西裝",
  "jumpsuit.suit.blue": "Blue Jumpsuit",
  "jumpsuit.suit": "連身褲",
  "tshirt.long": "長袖T卹",
  "tshirt": "T卹",
  "metal.plate.torso": "金屬胸甲",
  "roadsign.jacket": "道路標誌夾克",
  "bleach": "漂白水",
  "ducttape": "膠帶",
  "carburetor1": "劣質化油器",
  "carburetor2": "劣質化油器",
  "carburetor3": "劣質化油器",
  "crankshaft1": "低質量曲軸",
  "crankshaft2": "低質量曲軸",
  "crankshaft3": "高品質曲軸",
  "piston1": "低質量活塞",
  "piston2": "中品質活塞",
  "piston3": "高品質活塞",
  "sparkplug1": "低質量火花塞",
  "sparkplug2": "中等品質的火星塞",
  "sparkplug3": "高品質火星塞",
  "valve1": "低品質氣閥 ",
  "valve2": "中等品質氣閥",
  "valve3": "高品質氣閥 ",
  "fuse": "保險絲",
  "gears": "齒輪",
  "glue": "膠水",
  "metalblade": "金屬刀片",
  "metalpipe": "金屬管",
  "propanetank": "空的瓦斯桶",
  "roadsigns": "路標",
  "rope": "繩索",
  "sewingkit": "針線包",
  "sheetmetal": "板金",
  "metalspring": "金屬彈簧",
  "sticks": "枝條",
  "tarp": "帆布",
  "techparts": "科技垃圾",
  "riflebody": "步槍槍身",
  "semibody": "半自動槍身",
  "smgbody": "衝鋒槍槍身",
  "barricade.concrete": "水泥路障",
  "barricade.wood.cover": "木製立障",
  "barricade.metal": "金屬路障",
  "barricade.sandbags": "沙包路障",
  "barricade.stone": "石頭路障",
  "barricade.wood": "木製路障",
  "barricade.woodwire": "帶刺木製路障",
  "bbq": "烤肉架",
  "trap.bear": "捕獸夾",
  "bed": "床",
  "campfire": "營火",
  "cardtable": "紙牌遊戲桌",
  "ceilinglight": "日光燈",
  "chair": "椅子",
  "composter": "堆肥",
  "computerstation": "電腦站",
  "drone": "無人駕駛飛機",
  "dropbox": "投物箱",
  "elevator": "電梯",
  "fireplace.stone": "石頭壁爐",
  "firework.boomer.blue": "藍色煙火",
  "firework.boomer.champagne": "香檳色煙火",
  "firework.boomer.green": "綠色煙火",
  "firework.boomer.orange": "橘色煙火",
  "firework.boomer.red": "紅色煙火",
  "firework.boomer.violet": "紫色煙火",
  "firework.romancandle.blue": "藍色羅馬煙火",
  "firework.romancandle.green": "綠色羅馬煙火",
  "firework.romancandle.red": "重複向空中發射的小型綠色煙火",
  "firework.romancandle.violet": "紫色羅馬煙火",
  "firework.volcano": "地面煙火(白色)",
  "firework.volcano.red": "地面煙火(紅色)",
  "firework.volcano.violet": "地面煙火(紫色)",
  "spikes.floor": "木頭地刺",
  "fridge": "冰箱",
  "furnace.large": "大型熔爐",
  "furnace": "熔爐",
  "hitchtroughcombo": "搭便車",
  "habrepair": "哈布修復",
  "jackolantern.angry": "憤怒南瓜燈",
  "jackolantern.happy": "快樂南瓜燈",
  "trap.landmine": "地雷",
  "lantern": "提燈",
  "box.wooden.large": "大型木箱",
  "water.barrel": "儲水桶",
  "locker": "衣櫃",
  "mailbox": "信箱",
  "mixingtable": "混和台",
  "modularcarlift": "模塊化汽車升降機",
  "mining.pumpjack": "抽油泵",
  "small.oil.refinery": "小型煉油機",
  "planter.large": "大型種植箱",
  "planter.small": "小型種植箱",
  "electric.audioalarm": "聲音警告",
  "smart.alarm": "智能鬧鐘",
  "smart.switch": "電動開關",
  "storage.monitor": "儲存監控器",
  "electric.battery.rechargable.large": "大型蓄電池",
  "electric.battery.rechargable.medium": "中型蓄電池",
  "electric.battery.rechargable.small": "小型蓄電池",
  "electric.button": "按鈕",
  "electric.counter": "計數器",
  "electric.hbhfsensor": "HBHF傳感器",
  "electric.laserdetector": "激光探測器",
  "electric.pressurepad": "壓力墊",
  "electric.doorcontroller": "門控制器",
  "electric.heater": "電暖器",
  "fluid.combiner": "流體合路器",
  "fluid.splitter": "流體分配器",
  "fluid.switch": "流體開關和泵",
  "electric.andswitch": "AND開關",
  "electric.blocker": "阻擋者",
  "electrical.branch": "電氣分公司",
  "electrical.combiner": "根合併器",
  "electrical.memorycell": "記憶細胞",
  "electric.orswitch": "或開關",
  "electric.random.switch": "RAND開關",
  "electric.rf.broadcaster": "RF主持人",
  "electric.rf.receiver": "RF接收器",
  "electric.xorswitch": "互斥或閘",
  "electric.fuelgenerator.small": "小發電機",
  "electric.generator.small": "測試生成器",
  "electric.solarpanel.large": "大型太陽能電池板",
  "electric.igniter": "點火裝置",
  "electric.flasherlight": "閃光燈",
  "electric.simplelight": "簡單的光",
  "electric.sirenlight": "警笛燈",
  "powered.water.purifier": "電動淨水器",
  "electric.switch": "切換",
  "electric.splitter": "分離器",
  "electric.sprinkler": "灑水器",
  "electric.teslacoil": "特斯拉線圈",
  "electric.timer": "計時器",
  "electric.cabletunnel": "電纜隧道",
  "waterpump": "水泵",
  "mining.quarry": "採礦機",
  "target.reactive": "箭靶",
  "box.repair.bench": "維修台",
  "research.table": "研究台",
  "rug.bear": "熊皮地毯",
  "rug": "地毯",
  "searchlight": "探照燈",
  "secretlabchair": "秘密實驗室椅子",
  "shelves": "再生置物架",
  "sign.hanging.banner.large": "大型旗幟",
  "sign.hanging": "雙面掛牌",
  "sign.hanging.ornate": "華麗的雙面掛牌",
  "sign.pictureframe.landscape": "景觀畫框",
  "sign.pictureframe.portrait": "肖像畫框",
  "sign.pictureframe.tall": "高大的畫框",
  "sign.pictureframe.xl": "XL畫框",
  "sign.pictureframe.xxl": "XXL畫框",
  "sign.pole.banner.large": "桿上大型旗幟",
  "sign.post.double": "雙向路標",
  "sign.post.single": "單向路標",
  "sign.post.town": "單面城鎮路標",
  "sign.post.town.roof": "雙面城鎮路標",
  "sign.wooden.huge": "巨型木牌",
  "sign.wooden.large": "大型木牌",
  "sign.wooden.medium": "中型木牌",
  "sign.wooden.small": "小木牌",
  "guntrap": "霰彈槍陷阱",
  "sleepingbag": "睡袋",
  "stash.small": "小型藏匿盒",
  "sofa": "沙發",
  "spinner.wheel": "轉盤",
  "fishtrap.small": "魚墚式陷阱",
  "table": "桌子",
  "workbench1": "1級工作台",
  "workbench2": "2級工作台",
  "workbench3": "3級工作台",
  "cupboard.tool": "工具櫃",
  "tunalight": "魚罐頭燈具",
  "vending.machine": "販賣機",
  "water.catcher.large": "大型集水器",
  "water.catcher.small": "小型集水器",
  "water.purifier": "淨水器",
  "generator.wind.scrap": "風力發電機",
  "box.wooden": "木儲藏箱",
  "apple": "蘋果",
  "apple.spoiled": "腐爛的蘋果",
  "black.raspberries": "黑色覆盆子",
  "blueberries": "藍莓",
  "botabag": "水囊",
  "grub": "Grub",
  "worm": "Worm",
  "cactusflesh": "仙人掌果肉",
  "can.beans": "豆子罐頭",
  "can.tuna": "鮪魚罐頭",
  "chocholate": "巧克力條",
  "fish.anchovy": "鯷",
  "fish.catfish": "Catfish",
  "fish.cooked": "煮熟的魚肉",
  "fish.raw": "生魚肉",
  "fish.herring": "Herring",
  "fish.minnows": "吻仔魚",
  "fish.orangeroughy": "Orange Roughy",
  "fish.salmon": "Salmon",
  "fish.sardine": "Sardine",
  "fish.smallshark": "Small Shark",
  "fish.troutsmall": "小鮭魚",
  "fish.yellowperch": "Yellow Perch",
  "granolabar": "雜糧棒",
  "chicken.burned": "燒焦的雞肉",
  "chicken.cooked": "煮熟的雞肉",
  "chicken.raw": "生雞胸肉",
  "chicken.spoiled": "腐爛的雞肉",
  "deermeat.burned": "燒焦的鹿肉",
  "deermeat.cooked": "煮熟的鹿肉",
  "deermeat.raw": "生鹿肉",
  "horsemeat.burned": "燒焦的馬肉",
  "horsemeat.cooked": "煮熟的馬肉",
  "horsemeat.raw": "生馬肉",
  "humanmeat.burned": "燒焦的人肉",
  "humanmeat.cooked": "煮熟的人肉",
  "humanmeat.raw": "生人肉",
  "humanmeat.spoiled": "腐爛的人肉",
  "bearmeat.burned": "燒焦的熊肉",
  "bearmeat.cooked": "煮熟的熊肉",
  "bearmeat": "生熊肉",
  "wolfmeat.burned": "燒焦的狼肉",
  "wolfmeat.cooked": "煮熟的狼肉",
  "wolfmeat.raw": "生狼肉",
  "wolfmeat.spoiled": "腐爛的狼肉",
  "meat.pork.burned": "燒焦的豬肉",
  "meat.pork.cooked": "煮熟的豬肉",
  "meat.boar": "生豬肉",
  "mushroom": "蘑菇",
  "jar.pickle": "泡菜",
  "smallwaterbottle": "小水瓶",
  "waterjug": "水罐",
  "fun.bass": "鐵鏟貝斯",
  "fun.cowbell": "牛鈴",
  "drumkit": "垃圾場鼓套件",
  "fun.flute": "排簫",
  "fun.guitar": "原聲吉他",
  "fun.jerrycanguitar": "電吉他",
  "piano": "移動電話",
  "fun.tambourine": "鋼琴",
  "fun.trumpet": "水管工的喇叭",
  "fun.tuba": "蘇薩電話",
  "xylophone": "骨琴",
  "car.key": "攝影機按鍵",
  "door.key": "門鑰匙",
  "lock.key": "鑰匙鎖",
  "lock.code": "密碼鎖",
  "blueprintbase": "藍圖",
  "chineselantern": "中國燈籠",
  "dragondoorknocker": "龍門環",
  "hat.dragonmask": "龍面具",
  "newyeargong": "新年鑼",
  "hat.oxmask": "公牛面具",
  "hat.ratmask": "老鼠面具",
  "lunar.firecrackers": "鞭炮",
  "arcade.machine.chippy": "花栗鼠街機遊戲",
  "door.closer": "關門器",
  "attire.bunnyears": "兔耳朵",
  "attire.bunny.onesie": "兔子連身衣",
  "hat.bunnyhat": "兔子帽子",
  "easterdoorwreath": "復活節門花圈",
  "easterbasket": "彩蛋籃子",
  "rustige_egg_a": "Rustig？蛋 - 紅色",
  "rustige_egg_b": "Rustig？蛋 - 藍色",
  "rustige_egg_c": "Rustig？雞蛋-紫色",
  "rustige_egg_d": "Rustig？蛋-象牙",
  "rustige_egg_e": "Rustig？雞蛋-綠色",
  "attire.nesthat": "鳥窩帽",
  "easter.bronzeegg": "銅蛋",
  "easter.goldegg": "金蛋",
  "easter.paintedeggs": "彩蛋",
  "easter.silveregg": "銀蛋",
  "halloween.candy": "萬聖節糖果",
  "largecandles": "大蠟燭套",
  "smallcandles": "小蠟燭套",
  "coffin.storage": "棺材",
  "cursedcauldron": "被詛咒的大鍋",
  "gravestone": "墓碑",
  "woodcross": "木製十字架",
  "wall.graveyard.fence": "墓地圍欄",
  "halloween.lootbag.large": "大型萬聖節禮袋",
  "halloween.lootbag.medium": "中型萬聖節禮袋",
  "halloween.lootbag.small": "小型萬聖節禮袋",
  "pumpkinbasket": "南瓜桶",
  "scarecrow": "稻草人",
  "skullspikes.candles": "骷髏尖刺",
  "skullspikes.pumpkin": "骷髏尖刺",
  "skullspikes": "骷髏尖刺",
  "skulldoorknocker": "骷髏門環",
  "skull_fire_pit": "頭骨火坑",
  "spiderweb": "蜘蛛網",
  "spookyspeaker": "幽靈般的音響",
  "halloween.surgeonsuit": "外科醫生套裝",
  "skull.trophy.jar": "骷髏獎杯",
  "skull.trophy.jar2": "骷髏獎杯",
  "skull.trophy.table": "骷髏獎杯",
  "skull.trophy": "骷髏獎杯",
  "movembermoustachecard": "Movember小鬍子",
  "movembermoustache": "Movember小鬍子",
  "note": "筆記",
  "skull.human": "人類頭骨",
  "abovegroundpool": "大型游泳池",
  "beachchair": "沙灘椅",
  "beachparasol": "海灘陽傘",
  "beachtable": "沙灘桌",
  "beachtowel": "沙灘巾",
  "boogieboard": "衝浪板",
  "innertube": "游泳圈",
  "innertube.horse": "游泳圈",
  "innertube.unicorn": "游泳圈",
  "tool.instant_camera": "即時相機",
  "paddlingpool": "戲水池",
  "photo": "照片",
  "photoframe.landscape": "風景相框",
  "photoframe.large": "大型相框",
  "photoframe.portrait": "肖像相框",
  "sunglasses02black": "太陽眼鏡",
  "sunglasses02camo": "太陽眼鏡",
  "sunglasses02red": "太陽眼鏡",
  "sunglasses03black": "太陽眼鏡",
  "sunglasses03chrome": "太陽眼鏡",
  "sunglasses03gold": "太陽眼鏡",
  "sunglasses": "太陽眼鏡",
  "gun.water": "水槍",
  "pistol.water": "水槍",
  "twitchsunglasses": "紫色墨鏡",
  "twitch.headset": "耳機",
  "hobobarrel": "流浪漢營火桶",
  "door.hinged.industrial.a": "工業用門",
  "candycaneclub": "拐杖糖棍棒",
  "xmas.lightstring": "聖誕彩燈",
  "xmas.door.garland": "節慶門花環",
  "candycane": "拐杖糖",
  "giantcandycanedecor": "巨型糖果裝飾",
  "wall.ice.wall": "矮冰牆",
  "wall.external.high.ice": "高冰牆",
  "giantlollipops": "巨型棒棒糖裝飾",
  "sign.neon.125x125": "小霓虹燈",
  "sign.neon.125x215.animated": "中型動畫霓虹燈牌\n",
  "sign.neon.125x215": "中號霓虹燈",
  "sign.neon.xl.animated": "大型動畫霓虹燈",
  "sign.neon.xl": "大霓虹燈",
  "pookie.bear": "泰迪熊",
  "xmas.lightstring.advanced": "豪華聖誕燈",
  "coal": "煤炭:(",
  "xmas.present.large": "大型禮物",
  "xmas.present.medium": "中型禮物",
  "xmas.present.small": "小禮物",
  "sled.xmas": "雪橇",
  "sled": "雪橇",
  "snowmachine": "雪機",
  "snowball": "雪球",
  "snowballgun": "雪球槍",
  "snowman": "雪人",
  "stocking.large": "大聖誕襪",
  "stocking.small": "小聖誕襪",
  "attire.reindeer.headband": "馴鹿鹿角",
  "santabeard": "聖誕老人鬍子",
  "santahat": "聖誕老人帽",
  "xmas.window.garland": "節慶窗戶花環",
  "wrappedgift": "包裝禮物",
  "wrappingpaper": "包裝紙",
  "xmasdoorwreath": "聖誕節門花圈",
  "xmas.decoration.baubels": "裝飾球",
  "xmas.decoration.candycanes": "裝飾用塑膠拐杖糖",
  "xmas.decoration.gingerbreadmen": "裝飾用薑餅人",
  "xmas.decoration.lights": "樹燈",
  "xmas.decoration.pinecone": "裝飾用松毬",
  "xmas.decoration.star": "星樹禮帽",
  "xmas.decoration.tinsel": "裝飾用金箔",
  "xmas.tree": "聖誕樹",
  "autoturret": "自動砲塔",
  "flameturret": "火焰砲塔",
  "gloweyes": "發光的眼睛",
  "ammo.rocket.sam": "對空導彈彈藥",
  "samsite": "對空導彈站",
  "black.berry": "黑莓果",
  "clone.black.berry": "黑莓殖株",
  "seed.black.berry": "黑色漿果種子",
  "blue.berry": "藍莓",
  "clone.blue.berry": "藍莓殖株",
  "seed.blue.berry": "藍色漿果種子",
  "green.berry": "綠漿果",
  "clone.green.berry": "綠漿果殖株",
  "seed.green.berry": "綠色漿果種子",
  "red.berry": "紅漿果",
  "clone.red.berry": "紅漿果殖株",
  "seed.red.berry": "紅色漿果種子",
  "white.berry": "白漿果",
  "clone.white.berry": "白漿果殖株",
  "seed.white.berry": "白色漿果種子",
  "yellow.berry": "黃漿果",
  "clone.yellow.berry": "黃漿果殖株",
  "seed.yellow.berry": "黃色漿果種子",
  "corn": "玉米",
  "clone.corn": "玉米克隆",
  "seed.corn": "玉米種子",
  "clone.hemp": "大麻克隆",
  "seed.hemp": "大麻種子",
  "potato": "土豆",
  "clone.potato": "馬鈴薯克隆",
  "seed.potato": "馬鈴薯種子",
  "pumpkin": "南瓜",
  "clone.pumpkin": "南瓜株克隆",
  "seed.pumpkin": "南瓜種子",
  "fat.animal": "動物脂肪",
  "battery.small": "電池(小)",
  "blood": "血液",
  "bone.fragments": "骨頭碎片",
  "cctv.camera": "監視攝影機",
  "charcoal": "木炭",
  "cloth": "布",
  "crude.oil": "原油",
  "diesel_barrel": "柴油染料",
  "can.beans.empty": "空的豆子罐頭",
  "can.tuna.empty": "空鮪魚罐頭",
  "explosives": "炸藥",
  "fertilizer": "肥料",
  "gunpowder": "火藥粉",
  "horsedung": "馬糞",
  "hq.metal.ore": "高品質金屬原礦",
  "metal.refined": "高品質金屬",
  "leather": "皮革",
  "lowgradefuel": "低階燃料",
  "metal.fragments": "金屬碎片",
  "metal.ore": "金屬原礦",
  "paper": "紙張",
  "plantfiber": "植物纖維",
  "researchpaper": "研究用紙",
  "water.salt": "海水",
  "scrap": "廢料",
  "stones": "石頭",
  "sulfur.ore": "硫磺原礦",
  "sulfur": "硫磺",
  "targeting.computer": "目標電腦",
  "water": "水",
  "skull.wolf": "狼頭骨",
  "wood": "木頭",
  "healingtea.advanced": "高級治療茶",
  "healingtea": "基礎治療茶",
  "healingtea.pure": "純淨治療茶",
  "maxhealthtea.advanced": "高級最大生命茶",
  "maxhealthtea": "基礎最大生命茶",
  "maxhealthtea.pure": "純淨最大生命茶",
  "oretea.advanced": "高級礦石茶",
  "oretea": "基礎礦石茶",
  "oretea.pure": "純淨礦石茶",
  "radiationremovetea.advanced": "高級輻射去除茶",
  "radiationremovetea": "輻射去除茶",
  "radiationremovetea.pure": "純淨輻射去除茶",
  "radiationresisttea.advanced": "高級防輻射茶",
  "radiationresisttea": "防輻射茶",
  "radiationresisttea.pure": "純淨防輻射茶",
  "scraptea.advanced": "高級廢料茶",
  "scraptea": "基礎廢料茶",
  "scraptea.pure": "純廢料茶",
  "woodtea.advanced": "高級木茶",
  "woodtea": "基礎木茶",
  "woodtea.pure": "純木茶",
  "antiradpills": "抗輻射藥丸",
  "tool.binoculars": "雙筒望遠鏡",
  "explosive.timed": "定時炸藥",
  "tool.camera": "攝影機",
  "rf.detonator": "RF 發射器",
  "fishingrod.handmade": "手工製作釣魚竿",
  "flare": "信號彈",
  "flashlight.held": "手電筒",
  "geiger.counter": "蓋革計數器",
  "hosetool": "軟管工具",
  "jackhammer": "手提電鑽",
  "keycard_blue": "藍色鑰匙卡",
  "keycard_green": "綠色鑰匙卡",
  "keycard_red": "紅色鑰匙卡",
  "largemedkit": "大型醫藥包",
  "map": "紙地圖",
  "syringe.medical": "醫療注射器",
  "rf_pager": "RF尋呼機",
  "building.planner": "建築藍圖",
  "grenade.smoke": "煙霧彈",
  "supply.signal": "信號彈",
  "surveycharge": "勘探裝置",
  "wiretool": "線工具",
  "vehicle.chassis.2mod": "小機箱",
  "vehicle.chassis.3mod": "中底盤",
  "vehicle.chassis.4mod": "大底盤",
  "vehicle.chassis": "通用汽車底盤",
  "vehicle.1mod.cockpit": "駕駛艙模組",
  "vehicle.1mod.cockpit.armored": "裝甲駕駛艙模組",
  "vehicle.1mod.cockpit.with.engine": "自帶引擎車輛模組的駕駛艙",
  "vehicle.1mod.engine": "引擎模組",
  "vehicle.1mod.flatbed": "拖板車模組",
  "vehicle.1mod.passengers.armored": "裝甲駕駛艙模組",
  "vehicle.1mod.rear.seats": "後排座椅模塊",
  "vehicle.1mod.storage": "倉儲車輛模塊",
  "vehicle.1mod.taxi": "計程車模組",
  "vehicle.2mod.flatbed": "大型平板車模塊",
  "vehicle.2mod.fuel.tank": "油箱車輛模塊",
  "vehicle.2mod.passengers": "乘用車模塊",
  "vehicle.module": "通用車輛模塊",
  "boombox": "吊桿箱",
  "fun.boomboxportable": "便攜式音響",
  "cassette": "卡帶 - 長",
  "cassette.medium": "卡带 - 中",
  "cassette.short": "卡带 - 短",
  "fun.casetterecorder": "卡式錄音機",
  "discoball": "迪斯科球",
  "discofloor": "迪斯科地板",
  "discofloor.largetiles": "迪斯科地板",
  "connected.speaker": "喇叭",
  "laserlight": "聲控激光燈",
  "megaphone": "電吉他",
  "microphonestand": "麥克風支架",
  "mobilephone": "擴音器",
  "soundlight": "聲控脈衝燈",
  "telephone": "電話",
  "weapon.mod.8x.scope": "16倍瞄準鏡",
  "weapon.mod.flashlight": "武器照明燈",
  "weapon.mod.holosight": "全像瞄準鏡",
  "weapon.mod.lasersight": "武器雷射瞄準器",
  "weapon.mod.muzzleboost": "槍口推進器",
  "weapon.mod.muzzlebrake": "後座力補償器",
  "weapon.mod.simplesight": "簡易手工瞄準鏡",
  "weapon.mod.silencer": "消音器",
  "weapon.mod.small.scope": "8倍瞄準鏡",
  "rifle.ak": "突擊步槍",
  "bandage": "繃帶",
  "grenade.beancan": "豆罐手榴彈",
  "rifle.bolt": "栓動式步槍",
  "bone.club": "骨頭棍棒",
  "knife.bone": "骨製小刀",
  "bow.hunting": "獵弓",
  "cakefiveyear": "生日蛋糕",
  "chainsaw": "電鋸",
  "salvaged.cleaver": "再生切肉刀",
  "bow.compound": "複合弓",
  "crossbow": "十字弓",
  "shotgun.double": "雙管霰彈槍",
  "pistol.eoka": "Eoka 手槍",
  "grenade.f1": "F1手榴彈",
  "flamethrower": "火焰噴射器",
  "multiplegrenadelauncher": "多個榴彈發射器",
  "knife.butcher": "屠夫刀",
  "pitchfork": "乾草叉",
  "sickle": "鐮刀",
  "hammer": "槌子",
  "hatchet": "鐵斧",
  "knife.combat": "戰鬥刀",
  "rifle.l96": "L96步槍",
  "rifle.lr300": "LR-300突擊步槍",
  "lmg.m249": "M249",
  "rifle.m39": "M39步槍",
  "pistol.m92": "M92 手槍",
  "mace": "流星錘",
  "machete": "開山刀",
  "smg.mp5": "MP5A4",
  "pistol.nailgun": "釘槍",
  "paddle": "槳",
  "pickaxe": "十字鎬",
  "shotgun.waterpipe": "水管霰彈槍",
  "pistol.python": "蟒蛇左輪手槍",
  "pistol.revolver": "左輪手槍",
  "rock": "石塊",
  "rocket.launcher": "火箭發射器",
  "axe.salvaged": "再生斧頭",
  "hammer.salvaged": "再生槌子",
  "icepick.salvaged": "再生冰錐",
  "explosive.satchel": "小包炸藥",
  "shotgun.pump": "泵動式霰彈槍",
  "pistol.semiauto": "半自動手槍",
  "rifle.semiauto": "半自動步槍",
  "smg.2": "自製衝鋒槍",
  "shotgun.spas12": "Spas-12霰彈槍",
  "speargun": "Speargun",
  "stonehatchet": "石斧",
  "stone.pickaxe": "石鎬",
  "spear.stone": "石矛",
  "longsword": "長劍",
  "salvaged.sword": "再生鐵劍",
  "smg.thompson": "湯普森衝鋒槍",
  "toolgun": "加里的Mod工具槍",
  "torch": "火把",
  "bucket.water": "水桶",
  "spear.wooden": "木矛",
  "horse.armor.roadsign": "道路標誌牌馬鎧甲",
  "horse.armor.wood": "木頭馬鎧",
  "horse.saddle": "馬鞍",
  "horse.saddlebag": "馬鞍包",
  "horse.shoes.advanced": "優質馬蹄鐵",
  "horse.shoes.basic": "基本馬鞋"
}