{
  "hat.wolf": "Vlčí maska",
  "fogmachine": "Fogger-3000",
  "strobelight": "Stroboskopické světlo",
  "kayak": "Kajak",
  "minihelicopter.repair": "MC oprava",
  "scraptransportheli.repair": "ScrapTransportHeliRepair",
  "workcart": "Pracovní vozík",
  "ammo.grenadelauncher.buckshot": "40mm brokovnicová střela",
  "ammo.grenadelauncher.he": "40mm výbušný granát",
  "ammo.grenadelauncher.smoke": "40mm kouřový granát",
  "arrow.hv": "Vysokorychlostní šíp",
  "arrow.wooden": "Dřevěný šíp",
  "arrow.bone": "Šíp z kosti",
  "arrow.fire": "Ohnivý Šíp",
  "ammo.handmade.shell": "Ručně vyrobené náboje",
  "ammo.nailgun.nails": "Hřebíky do nastřelovací pistole",
  "ammo.pistol": "Náboj do pistole",
  "ammo.pistol.fire": "Zápalné náboje do pistole",
  "ammo.pistol.hv": "Vysokorychlostní munice do pistole",
  "ammo.rifle": "Náboje ráže 5.56",
  "ammo.rifle.explosive": "Výbušná munice do pušky ráže 5.56",
  "ammo.rifle.incendiary": "Zápalné náboje do pušky ráže 5.56",
  "ammo.rifle.hv": "Vysokorychlostní náboje ráže 5.56",
  "ammo.rocket.basic": "Raketa",
  "ammo.rocket.fire": "Zápalná raketa",
  "ammo.rocket.hv": "Vysokorychlostní raketa",
  "ammo.rocket.smoke": "Kouřová raketa (Stále ve vývoji)!!!!",
  "ammo.shotgun": "Brokový náboj s hromadnou střelou ráže 12",
  "ammo.shotgun.fire": "Brokový náboj zápalný ráže 12",
  "ammo.shotgun.slug": "Brokový náboj s jednotnou střelou ráže 12",
  "door.double.hinged.metal": "Dvojité plechové dveře",
  "door.double.hinged.toptier": "Obrněné dvojité dveře",
  "door.double.hinged.wood": "Dřevěné dvojité dveře",
  "door.hinged.metal": "Plechové dveře",
  "door.hinged.toptier": "Obrněné dveře",
  "door.hinged.wood": "Dřevěné dveře",
  "floor.grill": "Děrovaná podlaha",
  "floor.ladder.hatch": "Poklop s žebříkem",
  "floor.triangle.grill": "Děrovaná podlaha trojúhelníková",
  "floor.triangle.ladder.hatch": "Poklop s žebříkem trojúhelníkový",
  "gates.external.high.stone": "Vysoká vnější kamenná brána",
  "gates.external.high.wood": "Vysoká venkovní dřevěná brána",
  "ladder.wooden.wall": "Dřevěný žebřík",
  "wall.external.high.stone": "Vysoká venkovní kamenná zeď",
  "wall.external.high": "Vysoká venkovní dřevěná zeď",
  "wall.frame.cell.gate": "Dveře vězeňské cely",
  "wall.frame.cell": "Zeď vězeňské cely",
  "wall.frame.fence.gate": "Drátěné dveře",
  "wall.frame.fence": "Drátěný plot",
  "wall.frame.garagedoor": "Garážová vrata",
  "wall.frame.netting": "Síť",
  "wall.frame.shopfront": "Dveře do obchodu",
  "wall.frame.shopfront.metal": "Kovová stěna obchodu",
  "wall.window.bars.metal": "Kovové okenní mříže",
  "wall.window.bars.toptier": "Zpevněné skleněné okno",
  "wall.window.bars.wood": "Dřevěné okenní mříže",
  "shutter.metal.embrasure.a": "Kovová horizontální střílna",
  "shutter.metal.embrasure.b": "Kovová vertikální střílna",
  "wall.window.glass.reinforced": "Posílené skleněné okno",
  "shutter.wood.a": "Dřevěné žaluzie",
  "watchtower.wood": "Strážní věž",
  "diving.fins": "Potápěčské ploutve",
  "diving.mask": "Potápěčská maska",
  "diving.tank": "Nádrž s kyslíkem",
  "diving.wetsuit": "Potápěčský oblek",
  "boots.frog": "Žabáky",
  "barrelcostume": "Kostým barelu",
  "cratecostume": "Kostým bedny",
  "hat.gas.mask": "Plynová maska",
  "burlap.gloves.new": "Rukavice z pytloviny",
  "burlap.gloves": "Kožené rukavice",
  "roadsign.gloves": "Rukavice ze značek",
  "tactical.gloves": "Taktické rukavice",
  "ghostsheet": "Kostým ducha",
  "halloween.mummysuit": "Oblek mumie",
  "scarecrow.suit": "Oblek strašáka",
  "scarecrowhead": "Maska strašáka",
  "attire.hide.helterneck": "Kožené šaty s ramínkem kolem krku",
  "hat.beenie": "Vlněná čepice",
  "hat.boonie": "Klobouk",
  "bucket.helmet": "Helma z kýblu",
  "burlap.headwrap": "Kukla z pytloviny",
  "hat.candle": "Čepice se svíčkou",
  "hat.cap": "Baseballová čepice",
  "clatter.helmet": "Clatter helma",
  "coffeecan.helmet": "Helma z plechovky od kávy",
  "deer.skull.mask": "Kostěná helma",
  "heavy.plate.helmet": "Těžká helma",
  "hat.miner": "Důlní helma",
  "partyhat": "Párty klobouk",
  "riot.helmet": "Helma těžkooděnce",
  "wood.armor.helmet": "Dřevěná helma",
  "hoodie": "Mikina s kapucí",
  "bone.armor.suit": "Kostěné brnění",
  "heavy.plate.jacket": "Těžká zbroj na tělo",
  "jacket.snow": "Zimní bunda",
  "jacket": "Bunda",
  "wood.armor.jacket": "Dřevěný hrudní plát",
  "mask.balaclava": "Improvizovaná Kukla",
  "mask.bandana": "Maska z bandany",
  "metal.facemask": "Kovová maska",
  "nightvisiongoggles": "Brýle na noční vidění",
  "burlap.trousers": "Kalhoty z pytloviny",
  "heavy.plate.pants": "Těžká zbroj na nohy",
  "attire.hide.pants": "Kožené kalhoty",
  "roadsign.kilt": "Kilt z dopravních značek",
  "pants.shorts": "Šortky",
  "wood.armor.pants": "Dřevěné brnění na nohy",
  "pants": "Kalhoty",
  "attire.hide.poncho": "Kožené pončo",
  "burlap.shirt": "Triko z pytloviny",
  "shirt.collared": "Košile",
  "attire.hide.vest": "Kožená vesta",
  "shirt.tanktop": "Tílko",
  "shoes.boots": "Boty",
  "burlap.shoes": "Boty z pytloviny",
  "attire.hide.boots": "Kožené boty",
  "attire.hide.skirt": "Kožená sukně",
  "attire.banditguard": "Výstroj strážného bandity.",
  "hazmatsuit": "Protichemický oblek",
  "hazmatsuit_scientist": "Vědecký oblek",
  "hazmatsuit_scientist_peacekeeper": "Vědecký oblek",
  "hazmatsuit.spacesuit": "Vesmírný oblek",
  "scientistsuit_heavy": "Těžký vědecký oblek",
  "jumpsuit.suit": "Kombinéza",
  "tshirt.long": "Triko s dlouhým rukávem",
  "tshirt": "Triko",
  "metal.plate.torso": "Kovový hrudní plát",
  "roadsign.jacket": "Bunda z dopravních značek",
  "bleach": "Bělidlo",
  "ducttape": "Lepící páska",
  "carburetor1": "Karburátor nízké kvality.",
  "carburetor2": "Karburátor střední kvality.",
  "carburetor3": "Karburátor vysoké kvality.",
  "crankshaft1": "Kliková hřídel nízké kvality",
  "crankshaft2": "Kliková hřídel střední kvality",
  "crankshaft3": "Kliková hřídel vysoké kvality",
  "piston1": "Písty nízké kvality",
  "piston2": "Písty střední kvality",
  "piston3": "Písty vysoké kvality",
  "sparkplug1": "Zapalovací svíčky nízké kvality",
  "sparkplug2": "Zapalovací svíčky střední kvality",
  "sparkplug3": "Zapalovací svíčky vysoké kvality",
  "valve1": "Ventily nízké kvality",
  "valve2": "Ventily střední kvality",
  "valve3": "Ventily vysoké kvality",
  "fuse": "Elektrická pojistka",
  "gears": "Ozubená kola",
  "glue": "Lepidlo",
  "metalblade": "Kovová čepel",
  "metalpipe": "Kovová trubka",
  "propanetank": "Prázdná propanová nádrž",
  "roadsigns": "Dopravní značky",
  "rope": "Lano",
  "sewingkit": "Šicí souprava",
  "sheetmetal": "Plech",
  "metalspring": "Kovová pružina",
  "sticks": "Tyčky",
  "tarp": "Plachta",
  "techparts": "Technologický odpad",
  "riflebody": "Tělo pušky",
  "semibody": "Tělo poloautomatické pušky",
  "smgbody": "Tělo SMG",
  "barricade.concrete": "Betonová barikáda",
  "barricade.wood.cover": "Dřevěná barikáda",
  "barricade.metal": "Kovová barikáda",
  "barricade.sandbags": "Barikáda z pytlů s pískem",
  "barricade.stone": "Kamenná barikáda",
  "barricade.wood": "Dřevěná barikáda",
  "barricade.woodwire": "Dřevěná barikáda s ostnatým drátem",
  "bbq": "Grilování",
  "trap.bear": "Past",
  "bed": "Postel",
  "campfire": "Táborák",
  "ceilinglight": "Lustr",
  "chair": "Židle",
  "composter": "Komposter",
  "computerstation": "Počítačová stanice",
  "drone": "Dron",
  "dropbox": "Schránka",
  "elevator": "Výtah",
  "fireplace.stone": "Kamenný krb",
  "firework.boomer.blue": "Modrý boomer",
  "firework.boomer.champagne": "Šampaňský boomer",
  "firework.boomer.green": "Zelený boomer",
  "firework.boomer.orange": "Oranžový boomer",
  "firework.boomer.red": "Červený boomer",
  "firework.boomer.violet": "Fialový boomer",
  "firework.romancandle.blue": "Modrá rachejtle",
  "firework.romancandle.green": "Zelená rachejtle",
  "firework.romancandle.red": "Červená rachejtle",
  "firework.romancandle.violet": "Fialová rachejtle",
  "firework.volcano": "Bílý vulkán ohňostroj",
  "firework.volcano.red": "Červený vulkán ohňostroj",
  "firework.volcano.violet": "Fialový vulkán ohňostroj",
  "spikes.floor": "Dřevěná podlaha s hroty",
  "fridge": "Lednice",
  "furnace.large": "Velká pec",
  "furnace": "Pec",
  "hitchtroughcombo": "Úvaz a koryto",
  "habrepair": "Oprava",
  "jackolantern.angry": "Vyřezaná dýňě Zlá",
  "jackolantern.happy": "Vyřezaná dýňě Šťastná",
  "trap.landmine": "Pozemní mina",
  "lantern": "Lucerna",
  "box.wooden.large": "Velká dřevěná bedna",
  "water.barrel": "Barel na vodu",
  "locker": "Skříňka",
  "mailbox": "Poštovní schránka",
  "mixingtable": "Stůl na směsi",
  "modularcarlift": "Autozvedák",
  "mining.pumpjack": "Ropná pumpa",
  "small.oil.refinery": "Malá ropná rafinerie",
  "planter.large": "Velký květinový záhon",
  "planter.small": "Malý květinový záhon",
  "electric.audioalarm": "Zvukový alarm",
  "smart.alarm": "Chytrý alarm",
  "smart.switch": "Chytrý přepínač",
  "storage.monitor": "Prohlížeč úložišť",
  "electric.battery.rechargable.large": "Velká dobíjecí baterie",
  "electric.battery.rechargable.medium": "Střední dobíjecí baterie",
  "electric.battery.rechargable.small": "Malá dobíjecí baterie",
  "electric.button": "Tlačítko",
  "electric.counter": "Počítadlo",
  "electric.hbhfsensor": "HBHF Senzor",
  "electric.laserdetector": "Laserový detektor",
  "electric.pressurepad": "Tlaková podložka",
  "electric.doorcontroller": "Ovladač dveří",
  "electric.heater": "Elektrické topení",
  "fluid.combiner": "Kombinátor tekutin",
  "fluid.splitter": "Vodní rozdvojka",
  "fluid.switch": "Jednoduché čerpadlo",
  "electric.andswitch": "AND spínač",
  "electric.blocker": "Blokátor",
  "electrical.branch": "Elektrický rozdělovač",
  "electrical.combiner": "Slučovač zdrojů",
  "electrical.memorycell": "Paměťová buňka",
  "electric.orswitch": "OR spínač",
  "electric.random.switch": "RAND spínač",
  "electric.rf.broadcaster": "RF vysílač",
  "electric.rf.receiver": "RF Přijímač",
  "electric.xorswitch": "XOR spínač",
  "electric.fuelgenerator.small": "Malý generátor",
  "electric.generator.small": "Generátor",
  "electric.solarpanel.large": "Velký solární panel",
  "electric.igniter": "Zapalovač",
  "electric.flasherlight": "Blikací Světlo",
  "electric.simplelight": "Jednoduché světlo",
  "electric.sirenlight": "Majáček",
  "powered.water.purifier": "Elektrická čistička vody",
  "electric.switch": "Spínač",
  "electric.splitter": "Rozvaděč",
  "electric.sprinkler": "Postřikovač",
  "electric.teslacoil": "Teslův transformátor",
  "electric.timer": "Časovač",
  "electric.cabletunnel": "Kabelový tunel",
  "waterpump": "Vodní čerpadlo",
  "mining.quarry": "Těžební lom",
  "target.reactive": "Terč",
  "box.repair.bench": "Opravárenský stůl",
  "research.table": "Výzkumný stůl",
  "rug.bear": "Koberec z medvědí kůže",
  "rug": "Koberec",
  "searchlight": "Reflektor",
  "secretlabchair": "Tajná laboratorní židle",
  "shelves": "Police ze šrotu",
  "sign.hanging.banner.large": "Velký zavěšený transparent",
  "sign.hanging": "Oboustranná zavěšená cedule",
  "sign.hanging.ornate": "Oboustranná ozdobná zavěšená cedule",
  "sign.pictureframe.landscape": "Rám na šířku",
  "sign.pictureframe.portrait": "Rám na výšku",
  "sign.pictureframe.tall": "Vysoký rám obrazu",
  "sign.pictureframe.xl": "XL rám obrazu",
  "sign.pictureframe.xxl": "XL rám obrazu",
  "sign.pole.banner.large": "Velký transparent na tyči",
  "sign.post.double": "Obusměrná tabule",
  "sign.post.single": "Směrová tabule",
  "sign.post.town": "Jednostranná městská tabule",
  "sign.post.town.roof": "Oboustranná městská tabule",
  "sign.wooden.huge": "Obrovská dřevěná tabule",
  "sign.wooden.large": "Velká dřevěná tabule",
  "sign.wooden.medium": "Střední Dřevěná Cedule",
  "sign.wooden.small": "Malá dřevěná tabule",
  "guntrap": "Past s brokovnicí",
  "sleepingbag": "Spací pytel",
  "stash.small": "Malá skrýš",
  "sofa": "Pohovka",
  "spinner.wheel": "Kolo štěstí",
  "fishtrap.small": "Past na ryby",
  "table": "Stůl",
  "workbench1": "Pracovní Stůl Úroveň 1",
  "workbench2": "Pracovní Stůl Úroveň 2",
  "workbench3": "Pracovní Stůl Úroveň 3",
  "cupboard.tool": "Bedna s nářadím",
  "tunalight": "Svíčka z tuňákové konzervy",
  "vending.machine": "Prodejní automat",
  "water.catcher.large": "Velký vodní zachytávač",
  "water.catcher.small": "Malý vodní zachytávač",
  "water.purifier": "Čistička vody",
  "generator.wind.scrap": "Větrná elektrárna",
  "box.wooden": "Dřevěná bedna",
  "apple": "Jablko",
  "apple.spoiled": "Shnilé Jablko",
  "black.raspberries": "Ostružiny",
  "blueberries": "Borůvky",
  "botabag": "Čutora",
  "cactusflesh": "Kaktusová dužina",
  "can.beans": "Plechovka s fazolemi",
  "can.tuna": "Plechovka s tuňákem",
  "chocholate": "Čokoládová tyčinka",
  "fish.cooked": "Vařená ryba",
  "fish.raw": "Syrová ryba",
  "fish.minnows": "Plotice",
  "fish.troutsmall": "Malý pstruh",
  "granolabar": "Müsli tyčinka",
  "chicken.burned": "Spálené kuře",
  "chicken.cooked": "Opečené kuřecí maso",
  "chicken.raw": "Syrové kuřecí prsa",
  "chicken.spoiled": "Zkažené kuřecí maso",
  "deermeat.burned": "Spálené jelení maso",
  "deermeat.cooked": "Vařené jelení maso",
  "deermeat.raw": "Syrové jelení maso",
  "horsemeat.burned": "Spálené koňské maso",
  "horsemeat.cooked": "Vařené koňské maso",
  "horsemeat.raw": "Syrové koňské maso",
  "humanmeat.burned": "Spálené lidské maso",
  "humanmeat.cooked": "Opečené lidské maso",
  "humanmeat.raw": "Syrové lidské maso",
  "humanmeat.spoiled": "Zkažené lidské maso",
  "bearmeat.burned": "Spálené medvědí maso",
  "bearmeat.cooked": "Opečené medvědí maso",
  "bearmeat": "Syrové Medvědí Maso",
  "wolfmeat.burned": "Spálené Vlčí maso",
  "wolfmeat.cooked": "Uvařené Vlčí maso",
  "wolfmeat.raw": "Syrové Vlčí maso",
  "wolfmeat.spoiled": "Zkažené Vlčí maso",
  "meat.pork.burned": "Spálené vepřové maso",
  "meat.pork.cooked": "Vařené vepřové",
  "meat.boar": "Syrové vepřové",
  "mushroom": "Houba",
  "jar.pickle": "Kyselé okurky",
  "smallwaterbottle": "Malá láhev na vodu",
  "waterjug": "Kanystr na vodu",
  "fun.bass": "Basa z lopaty",
  "fun.cowbell": "Kraví zvon",
  "drumkit": "Bicí z harampádí",
  "fun.flute": "Panova flétna",
  "fun.guitar": "Akustická kytara",
  "fun.jerrycanguitar": "Jerryho kytara z kanystru",
  "piano": "Piáno na kolečku",
  "fun.tambourine": "Tamburína",
  "fun.trumpet": "Trumpeta z vodovodních trubek",
  "fun.tuba": "Suzafon",
  "xylophone": "Kostěný xylofon",
  "car.key": "Klíč od auta",
  "door.key": "Klíč od dveří",
  "lock.key": "Zámek",
  "lock.code": "Kódový zámek",
  "blueprintbase": "Návod",
  "chineselantern": "Čínská lucerna",
  "dragondoorknocker": "Dračí dveřní klepadlo",
  "hat.dragonmask": "Dračí maska",
  "newyeargong": "Novoroční gong",
  "hat.oxmask": "Ox Maska",
  "hat.ratmask": "Maska krysy",
  "lunar.firecrackers": "Šňůra z petardy",
  "arcade.machine.chippy": "Chippy Arkádová hra",
  "door.closer": "Zavírač dveří",
  "attire.bunnyears": "Zaječí uši",
  "attire.bunny.onesie": "Zaječí oneie",
  "easterdoorwreath": "Velikonoční věnec na dveře",
  "easterbasket": "Košík na vejce",
  "rustige_egg_a": "Rustig? Vejce - červené",
  "rustige_egg_b": "Rustig? Vejce - modré",
  "rustige_egg_c": "Rustig? Fialové Vejce",
  "rustige_egg_d": "Rustig? Slonovina - Vejce",
  "attire.nesthat": "Hnízdo klobouk",
  "easter.bronzeegg": "Bronzové vejce",
  "easter.goldegg": "Zlaté vejce",
  "easter.paintedeggs": "Malovaná vejce",
  "easter.silveregg": "Stříbrné vejce",
  "halloween.candy": "Halloween cukroví",
  "largecandles": "Velká sada svíček",
  "smallcandles": "Malá sada svíček",
  "coffin.storage": "Rakev",
  "cursedcauldron": "Zakletý kotel",
  "gravestone": "Náhrobek",
  "woodcross": "Dřevěný kříž",
  "wall.graveyard.fence": "Hřbitovní plot",
  "halloween.lootbag.large": "Velký sáček na kořist",
  "halloween.lootbag.medium": "Střední sáček na kořist",
  "halloween.lootbag.small": "Malý sáček na kořist",
  "pumpkinbasket": "Košík z dýně",
  "scarecrow": "Strašák",
  "skullspikes.candles": "Bodec s lebkami",
  "skullspikes.pumpkin": "Bodec s lebkami",
  "skullspikes": "Bodec s lebkami",
  "skulldoorknocker": "Dveřní klepadlo s lebkou",
  "skull_fire_pit": "Ohniště s lebkami",
  "spiderweb": "Pavučiny",
  "spookyspeaker": "Strašidelný reproduktor",
  "halloween.surgeonsuit": "Chirurgické oblečení",
  "skull.trophy.jar": "Trofej s lebkou",
  "skull.trophy.jar2": "Trofej s lebkou",
  "skull.trophy.table": "Trofej s lebkou",
  "skull.trophy": "Trofej s lebkou",
  "movembermoustachecard": "Karta Movember knír",
  "movembermoustache": "Movember knír",
  "note": "Poznámka",
  "skull.human": "Lidská lebka",
  "abovegroundpool": "Nadzemní bazén",
  "beachchair": "Plážové lehátko",
  "beachparasol": "Plážový slunečník",
  "beachtable": "Plážový stolek",
  "beachtowel": "Plážová osuška",
  "boogieboard": "Boogie Board",
  "innertube": "Duše",
  "innertube.horse": "Duše",
  "innertube.unicorn": "Duše",
  "tool.instant_camera": "Instantní fotoaparát",
  "paddlingpool": "Brouzdaliště",
  "photo": "Fotografie",
  "photoframe.landscape": "Foto rámeček pro krajinu.",
  "photoframe.large": "Velký foto rámeček",
  "photoframe.portrait": "Foto rámeček pro portrét",
  "sunglasses02black": "Sluneční brýle",
  "sunglasses02camo": "Sluneční brýle",
  "sunglasses02red": "Sluneční brýle",
  "sunglasses03black": "Sluneční brýle",
  "sunglasses03chrome": "Sluneční brýle",
  "sunglasses03gold": "Sluneční brýle",
  "sunglasses": "Sluneční brýle",
  "gun.water": "Vodní pistole s pumpičkou",
  "pistol.water": "Vodní pistole",
  "twitchsunglasses": "Fialové sluneční brýle",
  "twitch.headset": "Sluchátka",
  "hobobarrel": "Bezdomovecký barel",
  "door.hinged.industrial.a": "Průmyslové dveře",
  "candycaneclub": "Cukrátko",
  "xmas.lightstring": "Vánoční osvětlení",
  "xmas.door.garland": "Slavnostní věnec na dveře",
  "candycane": "Cukroví",
  "giantcandycanedecor": "Obří bonbónová ozdoba",
  "wall.ice.wall": "Krátká ledová zeď",
  "wall.external.high.ice": "Vysoká ledová zeď",
  "giantlollipops": "Obří lízátková dekorace",
  "sign.neon.125x125": "Malá neonová tabule",
  "sign.neon.125x215.animated": "Střední animovaná neonová cedule",
  "sign.neon.125x215": "Středná neonová tabule",
  "sign.neon.xl.animated": "Velká animovaná neonová cedule",
  "sign.neon.xl": "Velká neonová tabule",
  "pookie.bear": "Medvídek pookie",
  "xmas.lightstring.advanced": "Luxusní osvětlení na stromeček",
  "coal": "Uhlí :(",
  "xmas.present.large": "Velký dárek",
  "xmas.present.medium": "Střední dárek",
  "xmas.present.small": "Malý dárek",
  "sled.xmas": "Sáně",
  "sled": "Sáně",
  "snowmachine": "Stroj na sníh",
  "snowball": "Sněhová koule",
  "snowballgun": "Zbraň na sněhove koule",
  "snowman": "Sněhulák",
  "stocking.large": "SUPER punčocha",
  "stocking.small": "Malá punčocha",
  "attire.reindeer.headband": "Sobí parohy",
  "santabeard": "Santovy vousy",
  "santahat": "Santův klobouk",
  "xmas.window.garland": "Vánoční girlanda na okno",
  "wrappedgift": "Zabalený dárek",
  "wrappingpaper": "Balící papír",
  "xmasdoorwreath": "Vánoční věnec na dveře",
  "xmas.decoration.baubels": "Ozdobné cetky",
  "xmas.decoration.candycanes": "Dekorativní plastové cukrové hůlky",
  "xmas.decoration.gingerbreadmen": "Dekorativní perníkoví mužíčci",
  "xmas.decoration.lights": "Osvětlení na strom",
  "xmas.decoration.pinecone": "Dekorativní šišky",
  "xmas.decoration.star": "Hvězda na špičku stromu",
  "xmas.decoration.tinsel": "Dekorativní pozlátko",
  "xmas.tree": "Vánoční strom",
  "autoturret": "Automatická Palebná Věž",
  "flameturret": "Plamenometná věž",
  "gloweyes": "Zářící oči",
  "ammo.rocket.sam": "Střely pro raketové silo",
  "samsite": "Protivzdušné raketové silo",
  "black.berry": "Černé bobule",
  "clone.black.berry": "Klon černé bobule",
  "seed.black.berry": "Semínko černé bobule",
  "blue.berry": "Modré bobule",
  "clone.blue.berry": "Klon modré bobule",
  "seed.blue.berry": "Semínko Modré bobule",
  "green.berry": "Zelené bobule",
  "clone.green.berry": "Klon zelené bobule",
  "seed.green.berry": "Semínko Zelené bobule",
  "red.berry": "Červené bobule",
  "clone.red.berry": "Klon červené bobule",
  "seed.red.berry": "Semínko Červené bobule",
  "white.berry": "Bílé bobule",
  "clone.white.berry": "Klon bílé bobule",
  "seed.white.berry": "Semínko Bílé bobule",
  "yellow.berry": "Žluté bobule",
  "clone.yellow.berry": "Klon žluté bobule",
  "seed.yellow.berry": "Semínko Žluté bobule",
  "corn": "Kukuřice",
  "clone.corn": "Klon kukuřice",
  "seed.corn": "Semínko kukuřice",
  "clone.hemp": "Klon konopí",
  "seed.hemp": "Semínko konopí",
  "potato": "Brambora",
  "clone.potato": "klon brambory",
  "seed.potato": "Sadbové brambory",
  "pumpkin": "Dýně",
  "clone.pumpkin": "Klon dýně",
  "seed.pumpkin": "Semínko dýně",
  "fat.animal": "Zvířecí tuk",
  "battery.small": "Baterie - malá",
  "blood": "Krev",
  "bone.fragments": "Úlomky kostí",
  "cctv.camera": "CCTV kamera",
  "charcoal": "Dřevěné uhlí",
  "cloth": "Látka",
  "crude.oil": "Surová ropa",
  "diesel_barrel": "Nafta",
  "can.beans.empty": "Prázná plechovka fazolí",
  "can.tuna.empty": "Prázná plechovka od tuňáka",
  "explosives": "Výbušnina",
  "fertilizer": "Hnojivo",
  "gunpowder": "Střelný prach",
  "horsedung": "Konský hnůj ",
  "hq.metal.ore": "Vysoce kvalitní železná ruda",
  "metal.refined": "Vysoce kvalitní kov",
  "leather": "Kůže",
  "lowgradefuel": "Nekvalitní palivo",
  "metal.fragments": "Kovové úlomky",
  "metal.ore": "Železná ruda",
  "paper": "Papír",
  "plantfiber": "Rostlinné vlákno",
  "researchpaper": "Výzkumný papír",
  "water.salt": "Slaná voda",
  "scrap": "Šrot",
  "stones": "Kameny",
  "sulfur.ore": "Ruda síry",
  "sulfur": "Síra",
  "targeting.computer": "Naváděcí počítač",
  "water": "Voda",
  "skull.wolf": "Vlčí lebka",
  "wood": "Dřevo",
  "healingtea.advanced": "Pokročilý léčivý čaj",
  "healingtea": "Základní léčivý čaj",
  "healingtea.pure": "Čistý léčivý čaj",
  "maxhealthtea.advanced": "Pokročilý čaj pro max zdraví",
  "maxhealthtea": "Základní čaj pro max zdraví",
  "maxhealthtea.pure": "Čistý čaj pro max zdraví",
  "oretea.advanced": "Pokročilý čaj na rudu",
  "oretea": "Základní pro rudu",
  "oretea.pure": "Čistý čaj na rudu",
  "radiationremovetea.advanced": "Pokročilý čaj odstraňující radiaci",
  "radiationremovetea": "Čaj odstraňující radiaci",
  "radiationremovetea.pure": "Čistý čaj odstraňující radiaci",
  "radiationresisttea.advanced": "Pokročilý anti-Rad čaj",
  "radiationresisttea": "Anti-Rad čaj",
  "radiationresisttea.pure": "Čistý anti-rad čaj",
  "scraptea.advanced": "Pokročilý čaj na šrot",
  "scraptea": "Základní čaj na šrot",
  "scraptea.pure": "Čistý čaj na šrot",
  "woodtea.advanced": "Vylepšený čaj na dřevo",
  "woodtea": "Základní čaj na dřevo",
  "woodtea.pure": "Čistý čaj na dřevo",
  "antiradpills": "Antiradiační pilulky",
  "tool.binoculars": "Dalekohled",
  "explosive.timed": "Časovaná výbušnina",
  "tool.camera": "Kamera",
  "rf.detonator": "RF kapesní vysílač",
  "fishingrod.handmade": "Ručně vyrobený rybářský prut",
  "flare": "Světlice",
  "flashlight.held": "Svítilna",
  "geiger.counter": "Geigerův čítač",
  "hosetool": "Propojovací hadice",
  "jackhammer": "Sbíječka",
  "keycard_blue": "Modrá přístupová karta",
  "keycard_green": "Zelená přístupová karta",
  "keycard_red": "Červená přístupová karta",
  "largemedkit": "Velká lékárnička",
  "map": "Papírová mapa",
  "syringe.medical": "Lékařská stříkačka",
  "rf_pager": "RF Pager",
  "building.planner": "Stavební plán",
  "grenade.smoke": "Dýmovnice",
  "supply.signal": "Zásobovací granát",
  "surveycharge": "Průzkumný vrt",
  "wiretool": "Elektrický kabel",
  "vehicle.chassis.2mod": "Malý podvozek",
  "vehicle.chassis.3mod": "Střední podvozek",
  "vehicle.chassis.4mod": "Velký podvozek",
  "vehicle.chassis": "Základní podvozek",
  "vehicle.1mod.cockpit": "Modul s kabinou pro řidiče",
  "vehicle.1mod.cockpit.armored": "Modul s obrněnou kabinou pro řidiče",
  "vehicle.1mod.cockpit.with.engine": "Modul s motorem a kabinou pro řidiče",
  "vehicle.1mod.engine": "Modul s motorem",
  "vehicle.1mod.flatbed": "Modul pro vozidlo s korbou",
  "vehicle.1mod.passengers.armored": "Obrněný modul pro spolujezdce",
  "vehicle.1mod.rear.seats": "Modul vozidla se zadními sedadly",
  "vehicle.1mod.storage": "Modul pro vozidlo s úložným prostorem",
  "vehicle.1mod.taxi": "Modul pro Taxi",
  "vehicle.2mod.flatbed": "Modul velký pro vozidlo s korbou",
  "vehicle.2mod.fuel.tank": "Modul vozidla s nádrží",
  "vehicle.2mod.passengers": "Modul pro spolujezdce",
  "vehicle.module": "Základní modul",
  "telephone": "Telefon",
  "weapon.mod.8x.scope": "Optika s 16-násobným přiblížením",
  "weapon.mod.flashlight": "Svítilna pro zbraň",
  "weapon.mod.holosight": "Kolimátor",
  "weapon.mod.lasersight": "Laserový zaměřovač",
  "weapon.mod.muzzleboost": "Úsťový akcelerátor",
  "weapon.mod.muzzlebrake": "Úsťová brzda",
  "weapon.mod.simplesight": "Ručně vyrobený Kolimátor",
  "weapon.mod.silencer": "Tlumič",
  "weapon.mod.small.scope": "Optika s 8-násobným přiblížením",
  "rifle.ak": "AK47",
  "bandage": "Obvaz",
  "grenade.beancan": "Granát z fazolové konzervy",
  "rifle.bolt": "Opakovací puška",
  "bone.club": "Kostěná palice",
  "knife.bone": "Kostěný nůž",
  "bow.hunting": "Lovecký luk",
  "cakefiveyear": "Narozeninový dort",
  "chainsaw": "Motorová Pila",
  "salvaged.cleaver": "Sekáček ze šrotu",
  "bow.compound": "Kladkový luk",
  "crossbow": "Kuše",
  "shotgun.double": "Dvouhlavňová brokovnice",
  "pistol.eoka": "Jednoranná pistole",
  "grenade.f1": "Granát F1",
  "flamethrower": "Plamenomet",
  "multiplegrenadelauncher": "Vícenásobný granátomet",
  "knife.butcher": "Řeznický nůž",
  "pitchfork": "Vidle",
  "sickle": "Srp",
  "hammer": "Kladivo",
  "hatchet": "Sekera",
  "knife.combat": "Bojový nůž",
  "rifle.l96": "L96",
  "rifle.lr300": "Útočná puška LR-300",
  "lmg.m249": "M249",
  "rifle.m39": "M39 puška",
  "pistol.m92": "M92 pistole",
  "mace": "Palcát",
  "machete": "Mačeta",
  "smg.mp5": "MP5A4",
  "pistol.nailgun": "Nastřelovací pistole",
  "paddle": "Pádlo",
  "pickaxe": "Krumpáč",
  "shotgun.waterpipe": "Brokovnice z trubky",
  "pistol.python": "Python Revolver",
  "pistol.revolver": "Revolver",
  "rock": "Kámen",
  "rocket.launcher": "Raketomet",
  "axe.salvaged": "Sekera ze šrotu",
  "hammer.salvaged": "Zachráněné kladivo",
  "icepick.salvaged": "Cepín ze šrotu",
  "explosive.satchel": "Brašna s vybušninami",
  "shotgun.pump": "Pumpovací brokovnice",
  "pistol.semiauto": "Poloautomatická pistole",
  "rifle.semiauto": "Poloautomatická puška",
  "smg.2": "Přizpůsobené SMG",
  "shotgun.spas12": "Spas-12 Brokovnice",
  "stonehatchet": "Sekera z kamene",
  "stone.pickaxe": "Kamenný krumpáč",
  "spear.stone": "Kamenný oštěp",
  "longsword": "Dlouhý meč",
  "salvaged.sword": "Meč ze šrotu",
  "smg.thompson": "Thompson",
  "toolgun": "Garry's Mod Tool Gun",
  "torch": "Pochodeň",
  "bucket.water": "Kyblík na vodu",
  "spear.wooden": "Dřevěný oštěp",
  "horse.armor.roadsign": "Zbroj na koně z dopravních značek",
  "horse.armor.wood": "Zbroj na koně ze dřeva",
  "horse.saddle": "Koňské sedlo",
  "horse.saddlebag": "Sedlová brašna",
  "horse.shoes.advanced": "Vysoce kvalitní podkova.",
  "horse.shoes.basic": "Základní podkova."
}