{
  "hat.wolf": "オオカミずきん",
  "fogmachine": "Fogger - 3000",
  "strobelight": "ストロボライト",
  "kayak": "カヤック",
  "rhib": "ゴムボート",
  "rowboat": "ボート",
  "minihelicopter.repair": "ミニヘリのリペア",
  "aiming.module.mlrs": "MLRSエイムモジュール",
  "mlrs": "MLRS",
  "ammo.rocket.mlrs": "MLRSロケット",
  "scraptransportheli.repair": "デカヘリのリペア",
  "snowmobile": "スノー モービル",
  "snowmobiletomaha": "スノーモービル",
  "submarineduo": "デュオサブマリン",
  "submarinesolo": "サブマリン",
  "locomotive": "きかんしゃ",
  "wagon": "ワゴン",
  "workcart": "ワークカート",
  "ammo.grenadelauncher.buckshot": "40mmショットガンアモ",
  "ammo.grenadelauncher.he": "40mm炸裂グレネードアモ",
  "ammo.grenadelauncher.smoke": "40mmスモークグレネードアモ",
  "arrow.hv": "木の矢（高速） ",
  "arrow.wooden": "木の矢 ",
  "arrow.bone": "骨の矢",
  "arrow.fire": "火の矢 ",
  "ammo.handmade.shell": "ハンドメイドシェル",
  "ammo.nailgun.nails": "ネイルガンネイル ",
  "ammo.pistol": "9mmピストルアモ",
  "ammo.pistol.fire": "9mmピストルアモ(火炎)",
  "ammo.pistol.hv": "9mmピストルアモ(高速)",
  "ammo.rifle": "5.56mmライフルアモ",
  "ammo.rifle.explosive": "5.56ライフルアモ(炸裂)",
  "ammo.rifle.incendiary": "5.56mmライフルアモ(火炎)",
  "ammo.rifle.hv": "5.56mmライフルアモ(高速)",
  "ammo.rocket.basic": "ロケット ",
  "ammo.rocket.fire": "ロケット火炎アモ",
  "ammo.rocket.hv": "ロケット(高速)",
  "ammo.rocket.smoke": "スモークロケット",
  "ammo.shotgun": "12ゲージ",
  "ammo.shotgun.fire": "12ゲージ (火炎)",
  "ammo.shotgun.slug": "12 ゲージスラグアモ",
  "speargun.spear": "スピアガンのヤリ",
  "submarine.torpedo.straight": "トーピード",
  "door.double.hinged.metal": "板金のダブルドア",
  "door.double.hinged.toptier": "装甲板のダブルドア",
  "door.double.hinged.wood": "木のダブルドア",
  "door.hinged.metal": "板金ドア",
  "door.hinged.toptier": "装甲板ドア",
  "door.hinged.wood": "木ドア",
  "floor.grill": "フロアグリル",
  "floor.ladder.hatch": "ハッチ",
  "floor.triangle.grill": "三角のフロアグリル",
  "floor.triangle.ladder.hatch": "三角のハッチ",
  "gates.external.high.stone": "石壁ゲート",
  "gates.external.high.wood": "木壁ゲート",
  "ladder.wooden.wall": "ハシゴ",
  "wall.external.high.stone": "石壁",
  "wall.external.high": "木壁",
  "wall.frame.cell.gate": "プリズンゲート",
  "wall.frame.cell": "プリズンフレーム",
  "wall.frame.fence.gate": "チェーンフェンス・ゲート",
  "wall.frame.fence": "チェーンフェンス",
  "wall.frame.garagedoor": "ガレージ",
  "wall.frame.netting": "ネット ",
  "wall.frame.shopfront": "ショップフロント",
  "wall.frame.shopfront.metal": "メタルショップフロント",
  "wall.window.bars.metal": "金属のウィンドウバー",
  "wall.window.bars.toptier": "装甲板ウィンドウガラス",
  "wall.window.bars.wood": "木のウィンドウバー",
  "shutter.metal.embrasure.a": "水平ガンシャッター",
  "shutter.metal.embrasure.b": "垂直ガンシャッター\n",
  "wall.window.glass.reinforced": "ガラスウィンドウ",
  "shutter.wood.a": "ウッドシャッター",
  "watchtower.wood": "アーチャータワー",
  "diving.fins": "ダイビングフィン",
  "diving.mask": "ダイビングマスク ",
  "diving.tank": "酸素ボンベ",
  "diving.wetsuit": "ウェットスーツ ",
  "boots.frog": "カエルブーツ ",
  "barrelcostume": "バレルのコスチューム",
  "cratecostume": "藁箱コスチューム",
  "hat.gas.mask": "ガスマスク",
  "burlap.gloves.new": "麻布グローブ",
  "burlap.gloves": "革の手袋",
  "roadsign.gloves": "道路看板グローブ",
  "tactical.gloves": "タクティカル グローブ",
  "ghostsheet": "ゴーストのコスチューム",
  "halloween.mummysuit": "マミースーツ",
  "scarecrow.suit": "カカシスーツ",
  "scarecrowhead": "カカシラップ",
  "metal.facemask.hockey": "ホッケーのマスク",
  "attire.hide.helterneck": "革ホルターネック",
  "hat.beenie": "ブーニーハット",
  "hat.boonie": "ブーニーハット",
  "bucket.helmet": "バケツのヘルメット",
  "burlap.headwrap": "麻布ずきん",
  "hat.candle": "キャンドルハット",
  "hat.cap": "ベースボールキャップ",
  "clatter.helmet": "Clatterのヘルメット",
  "coffeecan.helmet": "コーヒー缶のヘルメット",
  "deer.skull.mask": "ボーンのヘルメット",
  "heavy.plate.helmet": "ヘビープレートヘルメット",
  "hat.miner": "マイナーハット",
  "partyhat": "パーティーハット",
  "riot.helmet": "ライオット・ヘルメット",
  "wood.armor.helmet": "ウッドアーマーヘルメット",
  "hoodie": "パーカー",
  "bone.armor.suit": "ボーンのアーマー",
  "heavy.plate.jacket": "ヘビープレートジャケット",
  "jacket.snow": "スノー ジャケット",
  "jacket": "ジャケット",
  "wood.armor.jacket": "木のチェストプレート",
  "lumberjack hoodie": "木こりパーカー",
  "mask.balaclava": "目出し帽",
  "mask.bandana": "バンダナ",
  "metal.facemask": "メタルフェイスマスク",
  "metal.facemask.icemask": "アイスメタルフェイスマスク",
  "nightvisiongoggles": "ナイトビジョン",
  "attire.ninja.suit": "Ninjaスーツ",
  "burlap.trousers": "麻布ズボン",
  "heavy.plate.pants": "ヘビープレートパンツ",
  "attire.hide.pants": "革パンツ",
  "roadsign.kilt": "道路看板のキルト",
  "pants.shorts": "半ズボン",
  "wood.armor.pants": "木のアーマーパンツ",
  "pants": "ズボン",
  "attire.hide.poncho": "革ポンチョ",
  "burlap.shirt": "麻布シャツ",
  "shirt.collared": "Tシャツ",
  "attire.hide.vest": "革ベスト",
  "shirt.tanktop": "タンクトップ",
  "shoes.boots": "ブーツ",
  "burlap.shoes": "麻布シューズ",
  "attire.hide.boots": "革ブーツ",
  "attire.hide.skirt": "革スカート",
  "attire.banditguard": "バンディット ガードギア",
  "hazmatsuit.arcticsuit": "アークティック スーツ",
  "hazmatsuit": "Hazmatスーツ",
  "hazmatsuit.lumberjack": "Lumberjackスーツ",
  "hazmatsuit.nomadsuit": "Nomadスーツ",
  "hazmatsuit_scientist": "サイエンティストスーツ（ブルー）",
  "hazmatsuit_scientist_arctic": "サイエンティストスーツ（ホワイト）",
  "hazmatsuit_scientist_nvgm": "NVGMサイエンティストスーツ",
  "hazmatsuit_scientist_peacekeeper": "サイエンティストスーツ（グリーン）",
  "hazmatsuit.spacesuit": "スペーススーツ",
  "scientistsuit_heavy": "ヘビーサイエンティストスーツ",
  "jumpsuit.suit.blue": "ブルーのジャンプスーツ",
  "jumpsuit.suit": "ジャンプ スーツ ",
  "tshirt.long": "ながそでのＴシャツ",
  "tshirt": "Tシャツ",
  "metal.plate.torso": "メタルチェストプレート",
  "metal.plate.torso.icevest": "アイスメタルチェストプレート",
  "roadsign.jacket": "道路看板のジャケット",
  "bleach": "ブリーチ ",
  "ducttape": "粘着テープ",
  "carburetor1": "さびたキャブレター",
  "carburetor2": "ふつうのキャブレター",
  "carburetor3": "新品のキャブレター",
  "crankshaft1": "さびたクランクシャフト",
  "crankshaft2": "ふつうのクランクシャフト",
  "crankshaft3": "新品のクランクシャフト",
  "piston1": "さびたピストン",
  "piston2": "ふつうのピストン",
  "piston3": "新品のピストン",
  "sparkplug1": "さびた点火プラグ",
  "sparkplug2": "ふつうの点火プラグ",
  "sparkplug3": "新品の点火プラグ",
  "valve1": "さびたバルブ",
  "valve2": "ふつうのバルブ",
  "valve3": "新品のバルブ",
  "fuse": "ヒューズ",
  "gears": "ギア",
  "glue": "グルー",
  "metalblade": "金属ブレード",
  "metalpipe": "金属のパイプ",
  "propanetank": "プロパンボンベ",
  "roadsigns": "道路看板",
  "rope": "ロープ",
  "sewingkit": "裁ほう道具",
  "sheetmetal": "板金",
  "metalspring": "金属のバネ",
  "sticks": "棒",
  "tarp": "タープ",
  "techparts": "ジャンク部品",
  "riflebody": "ライフルボディ",
  "semibody": "セミオートボディ",
  "smgbody": "SMGボディ",
  "barricade.concrete": "コンクリートバリケード",
  "barricade.wood.cover": "木のバリケードカバー ",
  "barricade.metal": "金属バリケード",
  "barricade.sandbags": "土のうバリケード ",
  "barricade.stone": "石バリケード",
  "barricade.wood": "木のバリケード ",
  "barricade.woodwire": "ゆうしてっせんの木バリケード",
  "bbq": "バーベキューグリル",
  "trap.bear": "トラバサミ",
  "bed": "ベッド ",
  "campfire": "キャンプファイヤー",
  "cardtable": "カードテーブル",
  "ceilinglight": "シーリングライト",
  "chair": "チェア",
  "chair.icethrone": "こおりの王座",
  "composter": "コンポスター ",
  "computerstation": "コンピュータステーション",
  "drone": "ドローン",
  "dropbox": "ドロップボックス",
  "elevator": "エレベーター",
  "fireplace.stone": "石だんろ",
  "firework.boomer.blue": "ブルーのブーマー",
  "firework.boomer.champagne": "シャンパンのブーマー",
  "firework.boomer.green": "グリーンのブーマー",
  "firework.boomer.orange": "オレンジのブーマー",
  "firework.boomer.pattern": "パターンのブーマー",
  "firework.boomer.red": "レッドのブーマー",
  "firework.boomer.violet": "バイオレットのブーマー",
  "firework.romancandle.blue": "ブルーローマンキャンドル",
  "firework.romancandle.green": "グリーンローマンのキャンドル",
  "firework.romancandle.red": "レッドローマンのキャンドル",
  "firework.romancandle.violet": "バイオレットローマンのキャンドル",
  "firework.volcano": "ホワイトボルケーノの花火",
  "firework.volcano.red": "レッドボルケーノの花火",
  "firework.volcano.violet": "バイオレットボルケーノの花火",
  "spikes.floor": "木のトゲトゲ",
  "frankensteintable": "フランケンシュタインテーブル",
  "fridge": "冷ぞうこ",
  "furnace.large": "大きなかまど",
  "furnace": "小さなかまど ",
  "hitchtroughcombo": "ヒッチトラフ",
  "habrepair": "バルーンのリペア",
  "jackolantern.angry": "アングリージャック・オー・ランタン",
  "jackolantern.happy": "ハッピージャック・オー・ランタン",
  "trap.landmine": "地雷",
  "lantern": "ランプ",
  "box.wooden.large": "大きい木箱",
  "water.barrel": "水ダル",
  "locker": "ロッカー",
  "mailbox": "メール ボックス",
  "mixingtable": "ミキシングテーブル",
  "modularcarlift": "モジュラーリフト",
  "mining.pumpjack": "ポンプジャック",
  "small.oil.refinery": "せい油所",
  "planter.large": "プランター（大）",
  "planter.small": "プランター（小）",
  "electric.audioalarm": "オーディオアラーム",
  "smart.alarm": "スマートアラーム",
  "smart.switch": "スマートスイッチ",
  "storage.monitor": "ストレージのモニター",
  "electric.battery.rechargable.large": "バッテリー（大）",
  "electric.battery.rechargable.medium": "バッテリー（中）",
  "electric.battery.rechargable.small": "バッテリー（小）",
  "electric.button": "ボタン ",
  "electric.counter": "Counter",
  "electric.hbhfsensor": "HBHFセンサー",
  "electric.laserdetector": "レーザー センサー",
  "electric.pressurepad": "感圧板",
  "electric.doorcontroller": "ドア コントローラー",
  "electric.furnace": "でんきかまど",
  "electric.heater": "ヒーター",
  "fluid.combiner": "流体コンバイナー",
  "fluid.splitter": "レールスプリッター",
  "fluid.switch": "流体スイッチ & ポンプ",
  "electric.andswitch": "ANDスイッチ",
  "electric.blocker": "ブロッカー",
  "electrical.branch": "エレクトリカル・ブランチ",
  "electrical.combiner": "ルートコンバイナー",
  "electrical.memorycell": "メモリーセル ",
  "electric.orswitch": "ORスイッチ",
  "electric.random.switch": "RANDスイッチ",
  "electric.rf.broadcaster": "RFブロードキャスター",
  "electric.rf.receiver": "RFレシーバー",
  "electric.xorswitch": "XORスイッチ",
  "electric.fuelgenerator.small": "小型ジェネレーター",
  "electric.generator.small": "テスト・ジェネレーター",
  "electric.solarpanel.large": "大きなソーラーパネル",
  "electric.igniter": "イグナイター",
  "storageadaptor": "ストレージのアダプター",
  "industrial.combiner": "こうぎょう用コンバイナー",
  "industrial.conveyor": "こうぎょう用コンベアー",
  "industrial.crafter": "こうぎょう用クラフター",
  "industrial.splitter": "こうぎょう用スプリッター",
  "electric.flasherlight": "フラッシャーライト",
  "electric.simplelight": "シンプルライト",
  "electric.sirenlight": "サイレンライト",
  "powered.water.purifier": "パワードウォータークリーナー",
  "electric.switch": "エレキスイッチ",
  "electric.splitter": "スプリッター",
  "electric.sprinkler": "スプリンクラー ",
  "electric.teslacoil": "テスラ・コイル",
  "electric.timer": "タイマー",
  "electric.cabletunnel": "ケーブルのトンネル",
  "waterpump": "水ポンプ",
  "ptz.cctv.camera": "かどう式防犯カメラ",
  "mining.quarry": "マイニング",
  "target.reactive": "リアクティブターゲット",
  "box.repair.bench": "リペアベンチ",
  "research.table": "リサーチ テーブル",
  "rug.bear": "クマのラグマット",
  "rug": "ラグ",
  "searchlight": "サーチ ライト",
  "secretlabchair": "シークレットラボ チェア",
  "shelves": "金属の棚 ",
  "sign.hanging.banner.large": "たれまく（大）",
  "sign.hanging": "りょう面吊り下げ看板",
  "sign.hanging.ornate": "りょう面吊り看板",
  "sign.pictureframe.landscape": "横ながフォトフレーム",
  "sign.pictureframe.portrait": "がくぶち(たてなが)",
  "sign.pictureframe.tall": "がくぶち (背高)",
  "sign.pictureframe.xl": "がくぶち(大)",
  "sign.pictureframe.xxl": "がくぶち（巨大）",
  "sign.pole.banner.large": "柱付き垂れ幕（大）",
  "sign.post.double": "方向指示のひょうしき（2方向）",
  "sign.post.single": "方向指示のひょうしき（1方向）",
  "sign.post.town": "ナワバリのひょうしき（片面）",
  "sign.post.town.roof": "ナワバリのダブルひょうしき",
  "sign.wooden.huge": "巨大な看板",
  "sign.wooden.large": "大きな木の看板",
  "sign.wooden.medium": "中ぐらいの木の看板",
  "sign.wooden.small": "小さな看板",
  "guntrap": "ショットガン トラップ",
  "sleepingbag": "寝袋",
  "stash.small": "かくし箱",
  "sofa": "ソファ",
  "sofa.pattern": "ソファ-パターン",
  "spinner.wheel": "スピンボード",
  "fishtrap.small": "原始的なサバイバルフィッシュトラップ",
  "table": "テーブル",
  "workbench1": "ワークベンチ Lv.1",
  "workbench2": "ワークベンチ Lv.2",
  "workbench3": "ワークベンチ Lv.3",
  "cupboard.tool": "工具棚（TC）",
  "tunalight": "ツナ缶ランプ",
  "vending.machine": "じはんき",
  "water.catcher.large": "大型ウォーターキャッチャー",
  "water.catcher.small": "小さなウォーターキャッチャー",
  "water.purifier": "じょう水器",
  "generator.wind.scrap": "ふうしゃ",
  "box.wooden": "小さい木箱",
  "apple": "アップル",
  "apple.spoiled": "腐ったアップル",
  "black.raspberries": "ブラックラズベリー",
  "blueberries": "ブルー ベリーをたべる",
  "botabag": "革バッグ",
  "grub": "小さな幼虫",
  "worm": "ワーム",
  "cactusflesh": "サボテンの肉",
  "can.beans": "マメ缶づめ",
  "can.tuna": "ツナ缶",
  "chocolate": "チョコバー",
  "fish.anchovy": "アンチョビ",
  "fish.catfish": "ナマズ",
  "fish.cooked": "やきザカナ",
  "fish.raw": "生のサカナ",
  "fish.herring": "ニシン",
  "fish.minnows": "小ザカナ",
  "fish.orangeroughy": "オレンジラフィー",
  "fish.salmon": "サーモン",
  "fish.sardine": "サーディン",
  "fish.smallshark": "小さなサメ",
  "fish.troutsmall": "小さなマス",
  "fish.yellowperch": "イエローパーチ",
  "granolabar": "シリアルバー",
  "chicken.burned": "焦げトリ肉",
  "chicken.cooked": "やきトリ肉",
  "chicken.raw": "生トリ肉",
  "chicken.spoiled": "腐った トリ肉",
  "deermeat.burned": "焦げシカ肉",
  "deermeat.cooked": "やきシカ肉",
  "deermeat.raw": "生シカ肉",
  "horsemeat.burned": "焦げウマ肉",
  "horsemeat.cooked": "やきウマ肉",
  "horsemeat.raw": "生ウマ肉",
  "humanmeat.burned": "焦げ人肉",
  "humanmeat.cooked": "やき人肉",
  "humanmeat.raw": "生人肉",
  "humanmeat.spoiled": "腐った 人肉",
  "bearmeat.burned": "焦げクマ肉",
  "bearmeat.cooked": "やきクマ肉",
  "bearmeat": "生のクマ肉",
  "wolfmeat.burned": "焦げオオカミ肉",
  "wolfmeat.cooked": "やきオオカミ肉",
  "wolfmeat.raw": "生オオカミ肉",
  "wolfmeat.spoiled": "腐った オオカミ肉",
  "meat.pork.burned": "焦げブタ肉",
  "meat.pork.cooked": "やきイノシシ肉",
  "meat.boar": "生ブタ肉",
  "mushroom": "赤キノコ",
  "jar.pickle": "ピクルスのビン",
  "smallwaterbottle": "ペットボトル",
  "waterjug": "青いジェリカン",
  "fun.bass": "シャベルベース",
  "fun.cowbell": "ベル",
  "drumkit": "ジャンクヤードドラムキット",
  "fun.flute": "フルート",
  "fun.guitar": "ギター",
  "fun.jerrycanguitar": "ジェリカンのギター",
  "piano": "ピアノ",
  "fun.tambourine": "缶のタンバリン",
  "fun.trumpet": "トランペット",
  "fun.tuba": "チューバ",
  "xylophone": "骨琴",
  "door.key": "ドアキー",
  "lock.key": "キーロック",
  "lock.code": "コード ロック",
  "blueprintbase": "ブループリント",
  "chineselantern": "中国のランタン",
  "dragondoorknocker": "ドラゴンドアノッカー",
  "hat.dragonmask": "ドラゴンマスク",
  "newyeargong": "新年のドラ",
  "hat.oxmask": "オックスマスク",
  "hat.rabbitmask": "ラビットマスク",
  "hat.ratmask": "ラットマスク",
  "skylantern": "天灯",
  "skylantern.skylantern.green": "天灯-グリーン",
  "skylantern.skylantern.orange": "天灯-オレンジ",
  "skylantern.skylantern.purple": "天灯-パープル",
  "skylantern.skylantern.red": "天灯-レッド",
  "lunar.firecrackers": "ファイアクラッカーシャワー",
  "hat.tigermask": "タイガーマスク",
  "arcade.machine.chippy": "Chippy  Arcade ゲーム",
  "bluedogtags": "ブルーのドッグタグ\n",
  "dogtagneutral": "ドッグ タグ",
  "reddogtags": "レッドドッグ タグ",
  "door.closer": "ドアクローザー ",
  "attire.bunnyears": "バニーの耳 ",
  "attire.bunny.onesie": "バニーコスチューム",
  "hat.bunnyhat": "バニーハット",
  "easterdoorwreath": "イースターのドアリース",
  "easterbasket": "エッグバスケット",
  "attire.egg.suit": "エッグスーツ ",
  "rustige_egg_a": "レッドエッグ",
  "rustige_egg_b": "ブルーエッグ",
  "rustige_egg_c": "パープルエッグ",
  "rustige_egg_d": "アイボリーエッグ",
  "rustige_egg_e": "グリーンエッグ",
  "rustige_egg_f": "ホワイトエッグ",
  "attire.nesthat": "イースターハット",
  "easter.bronzeegg": "ブロンズエッグ",
  "easter.goldegg": "ゴールドエッグ",
  "easter.paintedeggs": "ペイントエッグ",
  "easter.silveregg": "シルバーエッグ",
  "halloween.candy": "ハロウィンのキャンディー",
  "largecandles": "大きいキャンドルセット",
  "smallcandles": "小さなキャンドルセット",
  "carvable.pumpkin": "カーバブルパンプキン",
  "coffin.storage": "コフィン",
  "cursedcauldron": "呪われた釜",
  "gravestone": "墓の石",
  "woodcross": "木の十字架",
  "frankensteins.monster.01.head": "ライトフランケンシュタイン 頭",
  "frankensteins.monster.01.legs": "ライトフランケンシュタイン 足",
  "frankensteins.monster.01.torso": "ライトフランケンシュタイン 胴体",
  "frankensteins.monster.02.head": "ミディアムフランケンシュタイン 頭",
  "frankensteins.monster.02.legs": "ミディアムフランケンシュタイン 足",
  "frankensteins.monster.02.torso": "ミディアムフランケンシュタイン 胴体",
  "frankensteins.monster.03.head": "ヘビーフランケンシュタイン 頭",
  "frankensteins.monster.03.legs": "ヘビーフランケンシュタイン 足",
  "frankensteins.monster.03.torso": "ヘビーフランケンシュタイン 胴体",
  "wall.graveyard.fence": "墓地フェンス",
  "halloween.lootbag.large": "大きなポーションバッグ",
  "halloween.lootbag.medium": "中くらいのポーションバッグ",
  "halloween.lootbag.small": "小さなポーションバッグ",
  "pumpkinbasket": "カボチャのバケット",
  "scarecrow": "カカシ",
  "skullspikes.candles": "スカルスパイク",
  "skullspikes.pumpkin": "スカルスパイク",
  "skullspikes": "スカルスパイク",
  "skulldoorknocker": "骸骨のドアノッカー",
  "skull_fire_pit": "骸骨の焚き火",
  "spiderweb": "クモのス",
  "spookyspeaker": "ぶきみなスピーカー",
  "halloween.surgeonsuit": "外科医スクラブ",
  "skull.trophy.jar": "スカルトロフィー",
  "skull.trophy.jar2": "スカルトロフィー",
  "skull.trophy.table": "スカルトロフィー",
  "skull.trophy": "スカルトロフィー",
  "blueidtag": "ブルーIDタグ",
  "grayidtag": "グレーIDタグ",
  "greenidtag": "グリーンIDタグ",
  "orangeidtag": "オレンジIDタグ",
  "pinkidtag": "ピンクIDタグ",
  "purpleidtag": "パープルIDタグ",
  "redidtag": "レッドIDタグ",
  "whiteidtag": "ホワイトIDタグ",
  "yellowidtag": "イエローIDタグ\n",
  "movembermoustachecard": "モーベンバー口ひげ",
  "movembermoustache": "モーベンバーひげ",
  "note": "メモ",
  "factorydoor": "ファクトリードア ",
  "industrial.wall.light.green": "グリーンウォールライト",
  "industrial.wall.light": "ウォールライト",
  "industrial.wall.light.red": "レッドウォールライト",
  "skull.human": "スカル",
  "abovegroundpool": "おくがい用の大きなプール。 ",
  "beachchair": "ビーチ チェア",
  "beachparasol": "ビーチパラソル",
  "beachtable": "ビーチ テーブル",
  "beachtowel": "ビーチタオル",
  "boogieboard": "ビート板 ",
  "innertube": "浮きわ",
  "innertube.horse": "浮きわ",
  "innertube.unicorn": "浮きわ",
  "tool.instant_camera": "インスタントなカメラ",
  "paddlingpool": "子供用プール",
  "photo": "フォト",
  "photoframe.landscape": "横ながフォトフレーム",
  "photoframe.large": "大きいフォトフレーム",
  "photoframe.portrait": "ポートレートのフォトフレーム",
  "sunglasses02black": "サングラス",
  "sunglasses02camo": "サングラス",
  "sunglasses02red": "サングラス",
  "sunglasses03black": "サングラス",
  "sunglasses03chrome": "サングラス",
  "sunglasses03gold": "サングラス",
  "sunglasses": "サングラス",
  "gun.water": "ウォーター ガン",
  "pistol.water": "ウォーターピストル",
  "trophy": "Twitchライバルトロフィー",
  "twitchsunglasses": "紫のサングラス",
  "twitch.headset": "Twitchヘッドセット",
  "hobobarrel": "ホーボーバレル",
  "door.hinged.industrial.a": "こうぎょうドア",
  "xmas.advent": "アドベントカレンダー",
  "candycaneclub": "キャンディケインクラブ",
  "xmas.lightstring": "クリスマスライト",
  "xmas.door.garland": "お祝いのダブルドアウェイガーランド",
  "xmas.double.door.garland": "ダブルドア用お祭りかざり",
  "candycane": "キャンディーケイン",
  "giantcandycanedecor": "ジャイアントキャンディーデコレーション",
  "wall.ice.wall": "低いアイスウォール",
  "wall.external.high.ice": "アイス・ウォール",
  "giantlollipops": "巨大なロリポップデコレーション",
  "sign.neon.125x125": "小さなネオンサイン",
  "sign.neon.125x215.animated": "中ぐらいのアニメーションネオンサイン",
  "sign.neon.125x215": "中ぐらいのネオンサイン",
  "sign.neon.xl.animated": "大きなアニメーションネオンサイン",
  "sign.neon.xl": "大きなネオンサイン",
  "pookie.bear": "クマたん",
  "xmas.lightstring.advanced": "デラックスクリスマスライト",
  "coal": "石炭",
  "xmas.present.large": "でかいプレゼント",
  "xmas.present.medium": "ミディアムプレゼント",
  "xmas.present.small": "ささやかなプレゼント",
  "sled.xmas": "ソリ",
  "sled": "ソリ",
  "snowmachine": "スノーマシン",
  "snowball": "スノーボール ",
  "snowballgun": "スノーボールランチャー",
  "snowman": "スノーマン",
  "stocking.large": "スーパーストッキング",
  "stocking.small": "スモール ストッキング",
  "gingerbreadsuit": "ジンジャーブレッドのスーツ",
  "attire.reindeer.headband": "トナカイのツノ",
  "santabeard": "サンタのヒゲ",
  "santahat": "サンタハット",
  "attire.snowman.helmet": "スノーマンヘルメット",
  "xmas.window.garland": "まどのクリスマスリース",
  "wrappedgift": "ラッピングギフト",
  "wrappingpaper": "ラッピングペーパー",
  "xmasdoorwreath": "クリスマスドアリース",
  "xmas.decoration.baubels": "クリスマスオーナメントボール",
  "xmas.decoration.candycanes": "クリスマス装しょく用キャンディー",
  "xmas.decoration.gingerbreadmen": "ジンジャーブレッドマン",
  "xmas.decoration.lights": "ツリーライト",
  "xmas.decoration.pinecone": "クリスマスツリーのマツボックリ",
  "xmas.decoration.star": "スターツリー",
  "xmas.decoration.tinsel": "デコレーション用のティンセル",
  "xmas.tree": "クリスマスツリー",
  "captainslog": "キャプテンのログ",
  "fishing.tackle": "つり用タックル",
  "bottle.vodka": "ウォッカのボトル",
  "autoturret": "ターレット",
  "flameturret": "ファイア タレット",
  "gloweyes": "グロウイング アイ",
  "ammo.rocket.sam": "SAMサイト用のアモ",
  "samsite": "SAMサイト",
  "black.berry": "ブラックベリー ",
  "clone.black.berry": "ブラックベリークローン",
  "seed.black.berry": "ブラックベリーのタネ",
  "blue.berry": "ブルーベリー ",
  "clone.blue.berry": "ブルーベリークローン",
  "seed.blue.berry": "ブルーベリーのタネ",
  "green.berry": "グリーン ベリー",
  "clone.green.berry": "グリーンベリークローン",
  "seed.green.berry": "グリーンベリーのタネ",
  "red.berry": "レッドベリーをとる",
  "clone.red.berry": "レッドベリークローン",
  "seed.red.berry": "レッドベリーのタネ",
  "white.berry": "ホワイトベリー ",
  "clone.white.berry": "ホワイトベリークローン",
  "seed.white.berry": "ホワイトベリーのタネ",
  "yellow.berry": "イエローベリー ",
  "clone.yellow.berry": "イエローベリークローン",
  "seed.yellow.berry": "イエローベリーのタネ",
  "corn": "コーン",
  "clone.corn": "コーンのクローン",
  "seed.corn": "コーンのタネ",
  "clone.hemp": "麻クローン",
  "seed.hemp": "麻のタネ",
  "potato": "ポテト",
  "clone.potato": "ポテトクローン",
  "seed.potato": "ポテトのタネ",
  "pumpkin": "カボチャ ",
  "clone.pumpkin": "カボチャクローン",
  "seed.pumpkin": "カボチャのタネ",
  "fat.animal": "どうぶつの脂肪",
  "battery.small": "バッテリー（小） ",
  "blood": "血液",
  "bone.fragments": "骨の破片 ",
  "cctv.camera": "CCTVカメラ",
  "charcoal": "木炭",
  "cloth": "布",
  "crude.oil": "原油",
  "diesel_barrel": "ディーゼル 燃料",
  "can.beans.empty": "からっぽのマメ缶",
  "can.tuna.empty": "からっぽのツナ缶",
  "explosives": "ばくやく",
  "fertilizer": "肥料",
  "gunpowder": "かやく",
  "horsedung": "ウマのふん",
  "hq.metal.ore": "こうせき（上金属）",
  "metal.refined": "上金属",
  "leather": "毛皮",
  "lowgradefuel": "低しつ燃料",
  "metal.fragments": "金属片",
  "metal.ore": "こうせき（金属）",
  "paper": "ペーパー",
  "plantfiber": "植物せんい",
  "researchpaper": "研究用ペーパー",
  "water.salt": "海水",
  "scrap": "スクラップ",
  "stones": "石",
  "sulfur.ore": "こうせき（硫黄）",
  "sulfur": "硫黄",
  "targeting.computer": "コンピューター部品",
  "water": "ウォーター",
  "skull.wolf": "オオカミのずがいこつ",
  "wood": "木材",
  "healingtea.advanced": "+２ヒーリングティー",
  "healingtea": "+１ヒーリングティー",
  "healingtea.pure": "+３ヒーリングティー",
  "maxhealthtea.advanced": "+２MAXヘルスティー",
  "maxhealthtea": "+１MAXヘルスティー",
  "maxhealthtea.pure": "+３MAXヘルスティー",
  "oretea.advanced": "+２こうせきティー",
  "oretea": "+２こうせきティー",
  "oretea.pure": "+３こうせきティー",
  "radiationremovetea.advanced": "+２RADティー",
  "radiationremovetea": "+１RADティー",
  "radiationremovetea.pure": "+３RADティー",
  "radiationresisttea.advanced": "+２RADティー",
  "radiationresisttea": "+１RADティー",
  "radiationresisttea.pure": "+３RADティー",
  "scraptea.advanced": "+２スクラップティー",
  "scraptea": "+１スクラップティー",
  "scraptea.pure": "+３スクラップティー",
  "supertea": "スーパーティー",
  "woodtea.advanced": "+２ウッドティー",
  "woodtea": "+１ ウッドティー",
  "woodtea.pure": "+３ウッドティー",
  "antiradpills": "RADピル",
  "tool.binoculars": "そうがんきょう",
  "explosive.timed": "C4",
  "tool.camera": "一眼レフ",
  "rf.detonator": "RFトランスミッター ",
  "fishingrod.handmade": "つりざお",
  "flare": "フレアー",
  "flashlight.held": "ライトトーチ",
  "geiger.counter": "ガイガーカウンター",
  "hosetool": "ホースツール",
  "jackhammer": "ジャックハンマー",
  "keycard_blue": "ブルーキーカード",
  "keycard_green": "グリーンキーカード",
  "keycard_red": "レッドキーカード",
  "largemedkit": "メディックキット",
  "concretehatchet": "コンクリートのオノ",
  "concretepickaxe": "コンクリートピッケル",
  "lumberjack.hatchet": "プロトタイプのオノ",
  "lumberjack.pickaxe": "プロトタイプピッケル",
  "map": "ペーパーマップ",
  "syringe.medical": "注射器",
  "rf_pager": "RFポケベル ",
  "pipetool": "パイプ ツール",
  "building.planner": "ビルディングプラン",
  "grenade.smoke": "スモーク グレネード",
  "spraycan": "スプレーの缶",
  "spraycandecal": "スプレー缶 デカール",
  "supply.signal": "サプライシグナル",
  "surveycharge": "サーベイチャージ",
  "wiretool": "ワイヤー ツール",
  "vehicle.chassis.2mod": "スモールシャーシ",
  "vehicle.chassis.3mod": "ミディアムシャーシ",
  "vehicle.chassis.4mod": "ラージシャーシ",
  "vehicle.chassis": "一般的なカーシャシー",
  "vehicle.1mod.cockpit": "コックピット カーモジュール",
  "vehicle.1mod.cockpit.armored": "装甲コックピットカーモジュール",
  "vehicle.1mod.cockpit.with.engine": "エンジン付きコックピットカーモジュール",
  "vehicle.1mod.engine": "エンジンのモジュール",
  "vehicle.1mod.flatbed": "フラットカーモジュール",
  "vehicle.1mod.passengers.armored": "装甲モジュール",
  "vehicle.1mod.rear.seats": "リアシート カーモジュール",
  "vehicle.1mod.storage": "ストレージカーモジュール",
  "vehicle.1mod.taxi": "タクシーカーモジュール",
  "vehicle.2mod.camper": "キャンピング カーモジュール",
  "vehicle.2mod.flatbed": "ロングフラットモジュール",
  "vehicle.2mod.fuel.tank": "燃料タンクカーモジュール",
  "vehicle.2mod.passengers": "シートモジュール",
  "vehicle.module": "ジェネリック カーモジュール",
  "boombox": "ブームボックス",
  "fun.boomboxportable": "ポータブルラジカセ",
  "cassette": "カセット - ロング",
  "cassette.medium": "カセット  -  ミディアム",
  "cassette.short": "カセット - ショート",
  "fun.casetterecorder": "カセット",
  "discoball": "ディスコボール",
  "discofloor": "ディスコ フロア",
  "discofloor.largetiles": "ディスコ フロア",
  "connected.speaker": "コネクトされたスピーカー",
  "laserlight": "レーザーライト",
  "megaphone": "メガフォン",
  "microphonestand": "マイクロホンスタンド",
  "mobilephone": "モバイル フォン",
  "soundlight": "サウンドライト",
  "telephone": "テレフォン",
  "weapon.mod.8x.scope": "16×スコープ",
  "weapon.mod.burstmodule": "３点バーストモジュール",
  "weapon.mod.extendedmags": "かくちょうマガジン",
  "weapon.mod.flashlight": "ウェポンフラッシュライト",
  "weapon.mod.holosight": "ホロサイト ",
  "weapon.mod.lasersight": "レーザー",
  "weapon.mod.muzzleboost": "マズルブースト",
  "weapon.mod.muzzlebrake": "マズルブレーキ",
  "weapon.mod.simplesight": "シンプルサイト",
  "weapon.mod.silencer": "サイレンサー",
  "weapon.mod.small.scope": "8×スコープ",
  "rifle.ak": "アサルトライフル",
  "rifle.ak.ice": "アサルトライフル - アイス",
  "bandage": "バンテージ",
  "grenade.beancan": "豆缶のグレネード",
  "rifle.bolt": "ボルトアクション式スナイパー",
  "bone.club": "骨こんぼう",
  "knife.bone": "ボーンナイフ",
  "bow.hunting": "弓",
  "cakefiveyear": "バースデー ケーキ",
  "chainsaw": "チェンソー",
  "salvaged.cleaver": "サルベージクリーバー\n",
  "bow.compound": "コンパウンドボウ",
  "crossbow": "クロスボウ",
  "shotgun.double": "ダブルバレル ショットガン",
  "pistol.eoka": "eoka ピストル",
  "grenade.f1": "F1 グレネード",
  "flamethrower": "火炎放射器",
  "grenade.flashbang": "フラッシュバン ",
  "pistol.prototype17": "プロトタイプ 17",
  "multiplegrenadelauncher": "グレネードランチャー",
  "mace.baseballbat": "ベースボールバット",
  "knife.butcher": "ブッチャー ナイフ",
  "pitchfork": "デーモンフォーク",
  "sickle": "カマ",
  "torch.torch.skull": "ディアトーチ",
  "skull": "スカル",
  "hammer": "ハンマー",
  "hatchet": "てつオノ",
  "hmlmg": "HMLMG",
  "knife.combat": "コンバット ナイフ",
  "rifle.l96": "L96",
  "rifle.lr300": "LR-300アサルトライフル",
  "lmg.m249": "M249",
  "rifle.m39": "M39",
  "pistol.m92": "M92",
  "mace": "メイス",
  "machete": "マチェーテ",
  "grenade.molotov": "モロトフ",
  "smg.mp5": "MP5A4",
  "pistol.nailgun": "ネイルガン ",
  "paddle": "パドル",
  "pickaxe": "てつピッケル",
  "shotgun.waterpipe": "ウォーターパイプショットガン",
  "pistol.python": "パイソン",
  "pistol.revolver": "リボルバー",
  "rock": "岩",
  "rocket.launcher": "ロケットランチャー",
  "axe.salvaged": "サルベージアックス",
  "hammer.salvaged": "サルベージハンマー",
  "icepick.salvaged": "アイスピック",
  "explosive.satchel": "サッチェルチャージ",
  "shotgun.pump": "ポンプショットガン",
  "pistol.semiauto": "セミオートピストル",
  "rifle.semiauto": "セミオートライフル",
  "smg.2": "カスタムSMG",
  "shotgun.spas12": "SPAS-12",
  "speargun": "スピアーガン",
  "stonehatchet": "石のオノ",
  "stone.pickaxe": "石のピッケル",
  "spear.stone": "石ヤリ",
  "longsword": "ロング ソード",
  "salvaged.sword": "サルベージソード",
  "smg.thompson": "トンプソン",
  "toolgun": "Garry's Modツールガン (ハンマー)",
  "torch": "松明",
  "bucket.water": "バケツ",
  "spear.wooden": "木のヤリ",
  "horse.armor.roadsign": "道路看板ウマアーマー",
  "horse.armor.wood": "木のウマアーマー",
  "horse.saddle.double": "ダブルサドル",
  "horse.saddle": "サドル",
  "horse.saddle.single": "シングルサドル",
  "horse.saddlebag": "サドルのバッグ",
  "horse.shoes.advanced": "ウマの上金ていてつ",
  "horse.shoes.basic": "ウマのていてつ"
}