{
  "hat.wolf": "Wolf-Kopfschmuck",
  "fogmachine": "Fogger-3000",
  "strobelight": "Stroboskop",
  "attackhelicopter": "Angriffs-Hubschrauber",
  "kayak": "Kajak",
  "rhib": "RHIB",
  "rowboat": "Ruderboot",
  "tugboat": "Schlepper",
  "minihelicopter.repair": "MC Reparieren",
  "aiming.module.mlrs": "MARS-Zielmodul",
  "mlrs": "MARS",
  "ammo.rocket.mlrs": "MARS-Rakete",
  "scraptransportheli.repair": "ScrapTransportHeliRepair",
  "snowmobile": "Schneemobil",
  "snowmobiletomaha": "Tomaha Schneemobil",
  "submarineduo": "Duo U-Boot",
  "submarinesolo": "Solo U-Boot",
  "locomotive": "Lokomotive",
  "wagon": "Waggon",
  "workcart": "Werkstattwagen",
  "ammo.grenadelauncher.buckshot": "40mm Schrotflinten-Schuss",
  "ammo.grenadelauncher.he": "40mm HE-Granate",
  "ammo.grenadelauncher.smoke": "40mm Rauchgranate",
  "arrow.hv": "Hochgeschwindigkeitspfeil",
  "arrow.wooden": "Holzpfeil",
  "arrow.bone": "Knochenpfeil",
  "arrow.fire": "Feuerpfeil",
  "ammo.handmade.shell": "Handgefertigte Patrone",
  "ammo.nailgun.nails": "Nagelpistolen-Nägel",
  "ammo.pistol": "Pistolenkugel",
  "ammo.pistol.fire": "Pistolen Brandmunition",
  "ammo.pistol.hv": "HV Pistolenmunition",
  "ammo.rifle": "5.56 Gewehrmunition",
  "ammo.rifle.explosive": "5.56 Explosivmunition",
  "ammo.rifle.incendiary": "5.56 Brandmunition",
  "ammo.rifle.hv": "5.56 HV-Munition",
  "ammo.rocket.basic": "Rakete",
  "ammo.rocket.fire": "Brandrakete",
  "ammo.rocket.hv": "HV-Rakete",
  "ammo.rocket.seeker": "Zielsuchende Rakete",
  "ammo.rocket.smoke": "Rauch-Rakete (WIP)",
  "ammo.shotgun": "Kaliber 12 Schrot-Patrone",
  "ammo.shotgun.fire": "Kaliber 12 Brandgeschoss",
  "ammo.shotgun.slug": "Kaliber 12 Flintenlaufgeschoss",
  "speargun.spear": "Harpunen Speer",
  "submarine.torpedo.straight": "Torpedo",
  "door.double.hinged.metal": "Doppeltür aus Blech",
  "door.double.hinged.toptier": "Gepanzerte Doppeltür",
  "door.double.hinged.wood": "Hölzerne Doppeltür",
  "door.hinged.metal": "Blechtür",
  "door.hinged.toptier": "Gepanzerte Tür",
  "door.hinged.wood": "Holztür",
  "floor.grill": "Bodengitter",
  "floor.ladder.hatch": "Dachluke",
  "floor.triangle.grill": "Dreieckbodengitter",
  "floor.triangle.ladder.hatch": "Dreieckdachluke",
  "gates.external.high.stone": "Hohes externes Steintor",
  "gates.external.high.wood": "Hohes externes Holztor",
  "ladder.wooden.wall": "Holzleiter",
  "wall.external.high.stone": "Hohe Steinmauer",
  "wall.external.high": "Hohe Holzmauer",
  "wall.frame.cell.gate": "Gefängniszellentür",
  "wall.frame.cell": "Gefängniszellengitter",
  "wall.frame.fence.gate": "Maschendrahtzauntor",
  "wall.frame.fence": "Maschendrahtzaun",
  "wall.frame.garagedoor": "Garagentor",
  "wall.frame.netting": "Netz",
  "wall.frame.shopfront": "Ladentheke",
  "wall.frame.shopfront.metal": "Metall Ladentheke",
  "wall.window.bars.metal": "Metallfenstergitter",
  "wall.window.bars.toptier": "Fenster aus verstärktem Glas",
  "wall.window.bars.wood": "Hölzerne Fenstergitter",
  "shutter.metal.embrasure.a": "Horizontale Metallschießscharte",
  "shutter.metal.embrasure.b": "Vertikale Metallschießscharte",
  "wall.window.glass.reinforced": "Verstärktes Glasfenster",
  "shutter.wood.a": "Hölzerne Fensterläden",
  "watchtower.wood": "Wachturm",
  "diving.fins": "Tauchflossen",
  "diving.mask": "Tauchmaske",
  "diving.tank": "Tauchflasche",
  "diving.wetsuit": "Tauchanzug",
  "boots.frog": "Frosch-Stiefel",
  "barrelcostume": "Ein Fasskostüm",
  "cratecostume": "Kistenkostüm",
  "hat.gas.mask": "Gasmaske",
  "burlap.gloves.new": "Jute Handschuhe",
  "burlap.gloves": "Lederhandschuhe",
  "roadsign.gloves": "Verkehrsschild-Handschuhe",
  "tactical.gloves": "Taktische Handschuhe",
  "draculacape": "Dracula-Umhang",
  "draculamask": "Dracula Maske",
  "ghostsheet": "Geisterkostüm",
  "halloween.mummysuit": "Mumienanzug",
  "scarecrow.suit": "Vogelscheuchenanzug",
  "scarecrowhead": "Vogelscheuchenmaske",
  "metal.facemask.hockey": "Eishockey-Maske",
  "attire.hide.helterneck": "Ledernes Neckholder-Top",
  "hat.beenie": "Wollmütze",
  "hat.boonie": "Buschhut",
  "bucket.helmet": "Eimerhelm",
  "burlap.headwrap": "Jute Kopftuch",
  "hat.candle": "Kerzenhut",
  "hat.cap": "Baseball Cap",
  "clatter.helmet": "Clatter-Helm",
  "coffeecan.helmet": "Kaffedosenhelm",
  "deer.skull.mask": "Knochenhelm",
  "heavy.plate.helmet": "Gepanzerter Helm",
  "hat.miner": "Minenarbeiterhelm",
  "partyhat": "Partyhut",
  "riot.helmet": "Schutzhelm",
  "wood.armor.helmet": "Hölzener Rüstungshelm",
  "hoodie": "Kapuzenjacke",
  "bone.armor.suit": "Knochenrüstung",
  "heavy.plate.jacket": "Gepanzerte Jacke",
  "jacket.snow": "Schneejacke",
  "jacket": "Jacke",
  "wood.armor.jacket": "Hölzerne Brustpanzerung",
  "lumberjack hoodie": "Holzfäller Hoodie",
  "mask.balaclava": "Improvisierte Sturmhaube",
  "mask.bandana": "Halstuch",
  "metal.facemask": "Metall Maske",
  "metal.facemask.icemask": "Eis-Metall-Gesichtsmaske",
  "nightvisiongoggles": "Nachtsichtbrille",
  "attire.ninja.suit": "Ninja-Anzug",
  "burlap.trousers": "Jute Hose",
  "heavy.plate.pants": "Gepanzerte Hose",
  "attire.hide.pants": "Lederhose",
  "roadsign.kilt": "Verkehrsschild-Rock",
  "pants.shorts": "Kurze Hosen",
  "wood.armor.pants": "Hölzerne Beinpanzerung",
  "pants": "Hose",
  "attire.hide.poncho": "Lederponcho",
  "burlap.shirt": "Jute Hemd",
  "shirt.collared": "Hemd",
  "attire.hide.vest": "Lederweste",
  "shirt.tanktop": "Muskelshirt",
  "shoes.boots": "Stiefel",
  "burlap.shoes": "Jute Schuhe",
  "attire.hide.boots": "Lederstiefel",
  "attire.hide.skirt": "Lederrock",
  "attire.banditguard": "Banditenschutzausrüstung",
  "hazmatsuit.arcticsuit": "Arktis-Anzug",
  "hazmatsuit.diver": "Abyss Taucheranzug",
  "hazmatsuit": "Schutzanzug",
  "hazmatsuit.lumberjack": "Holzfälleranzug",
  "hazmatsuit.nomadsuit": "Nomadenanzug",
  "hazmatsuit_scientist": "Wissenschaftler Anzug",
  "hazmatsuit_scientist_arctic": "Anzug für Arktisforscher",
  "hazmatsuit_scientist_nvgm": "NVGM-Wissenschaftler-Anzug",
  "hazmatsuit_scientist_peacekeeper": "Wissenschaftler Anzug",
  "hazmatsuit.spacesuit": "Raumanzug",
  "scientistsuit_heavy": "Massiver Wissenschaftler Anzug",
  "jumpsuit.suit.blue": "Blauer Overall",
  "jumpsuit.suit": "Overall",
  "tshirt.long": "Langärmeliges T-Shirt",
  "tshirt": "T-Shirt",
  "metal.plate.torso": "Metall Brustplatte",
  "metal.plate.torso.icevest": "Eismetallbrustplatte",
  "roadsign.jacket": "Verkehrsschild-Jacke",
  "bleach": "Bleichmittel",
  "ducttape": "Klebeband",
  "carburetor1": "Einfacher Vergaser",
  "carburetor2": "Mittlerer Vergaser",
  "carburetor3": "Hochwertiger Vergaser",
  "crankshaft1": "Einfache Kurbelwelle",
  "crankshaft2": "Mittlere Kurbelwelle",
  "crankshaft3": "Hochwertige Kurbelwelle",
  "piston1": "Einfache Kolben",
  "piston2": "Mittlere Kolben",
  "piston3": "Hochwertige Kolben",
  "sparkplug1": "Einfache Zündkerzen",
  "sparkplug2": "Mittlere Zündkerzen",
  "sparkplug3": "Hochwertige Zündkerzen",
  "valve1": "Einfache Ventile",
  "valve2": "Mittlere Ventile",
  "valve3": "Hochwertige Ventile",
  "fuse": "Sicherung",
  "gears": "Zahnräder",
  "glue": "Kleber",
  "metalblade": "Metallklinge",
  "metalpipe": "Metallrohr",
  "propanetank": "Leerer Propangas Tank",
  "roadsigns": "Verkehrsschilder",
  "rope": "Seil",
  "sewingkit": "Nähzeug Set",
  "sheetmetal": "Blech",
  "metalspring": "Metallfeder",
  "sticks": "Stöcker",
  "tarp": "Plane",
  "techparts": "Technikschrott",
  "riflebody": "Gewehrgehäuse",
  "semibody": "Halbautomatisches Gehäuse",
  "smgbody": "SMG Gehäuse",
  "barricade.concrete": "Betonbarrikade",
  "barricade.wood.cover": "Holzabdeckung für Barrikaden",
  "barricade.metal": "Metallbarrikade",
  "barricade.sandbags": "Sandsackbarrikade",
  "barricade.stone": "Steinbarrikade",
  "barricade.wood": "Holzbarrikade",
  "barricade.woodwire": "Stacheldraht Barrikade aus Holz",
  "bbq": "Grill",
  "trap.bear": "Schnappfalle",
  "bed": "Bett",
  "campfire": "Lagerfeuer",
  "cardtable": "Kartentisch",
  "ceilinglight": "Deckenleuchte",
  "chair": "Stuhl",
  "chair.icethrone": "Eisthron",
  "clantable": "Clan-Tabelle",
  "composter": "Komposter",
  "computerstation": "Computerstation",
  "drone": "Drohne",
  "dropbox": "Einwurfkasten",
  "elevator": "Aufzug",
  "fireplace.stone": "Kamin",
  "firework.boomer.blue": "Blaue Kugelbombe",
  "firework.boomer.champagne": "Champagnefarbene Kugelbombe",
  "firework.boomer.green": "Grüne Kugelbombe",
  "firework.boomer.orange": "Orange Kugelbombe",
  "firework.boomer.pattern": "Muster Kugelbombe",
  "firework.boomer.red": "Roter Kugelbombe",
  "firework.boomer.violet": "Violette Kugelbombe",
  "firework.romancandle.blue": "Blaues römische Licht",
  "firework.romancandle.green": "Grünes römisches Licht",
  "firework.romancandle.red": "Rotes römisches Licht",
  "firework.romancandle.violet": "Violettes römisches Licht",
  "firework.volcano": "Weißes Vulkanfeuerwerk",
  "firework.volcano.red": "Rotes Vulkanfeuerwerk",
  "firework.volcano.violet": "Violettes Vulkanfeuerwerk",
  "spikes.floor": "Stachelfalle aus Holz",
  "frankensteintable": "Frankenstein-Tisch",
  "fridge": "Kühlschrank",
  "furnace.large": "Großer Schmelzofen",
  "furnace": "Schmelzofen",
  "weaponrack.light": "Waffengestell Licht",
  "weaponrack.doublelight": "Waffengestell Doppel-Licht",
  "hitchtroughcombo": "Pferdestange und Trog",
  "hab.armor": "Heißluftballon-Rüstung",
  "habrepair": "Ballon reparieren",
  "jackolantern.angry": "Wütende Kürbislaterne",
  "jackolantern.happy": "Fröhliche Kürbislaterne",
  "trap.landmine": "Selbstgebaute Landmine",
  "lantern": "Laterne",
  "box.wooden.large": "Große Holzkiste",
  "water.barrel": "Wasserfass",
  "locker": "Schließfach",
  "mailbox": "Briefkasten",
  "mixingtable": "Mischtisch",
  "modularcarlift": "Modulare Hebebühne",
  "mining.pumpjack": "Ölpumpe",
  "small.oil.refinery": "Kleine Ölraffinerie",
  "planter.large": "Große Pflanzkiste",
  "planter.small": "Kleine Pflanzkiste",
  "electric.audioalarm": "Akustischer Alarm",
  "smart.alarm": "Intelligenter Alarm",
  "smart.switch": "Intelligenter Schalter",
  "storage.monitor": "Lagermonitor",
  "electric.battery.rechargable.large": "Große wiederaufladbare Batterie",
  "electric.battery.rechargable.medium": "Mittlere wiederaufladbare Batterie",
  "electric.battery.rechargable.small": "Kleine wiederaufladbare Batterie",
  "electric.button": "Taster",
  "electric.counter": "Zähler",
  "electric.hbhfsensor": "HAFT-Sensor",
  "electric.laserdetector": "Laserdetektor",
  "electric.pressurepad": "Druckplatte",
  "electric.doorcontroller": "Türsteuerung",
  "electric.furnace": "Elektrischer Ofen",
  "electric.heater": "Elektrische Heizung",
  "fluid.combiner": "Flüssigkeitsverbinder",
  "fluid.splitter": "Flüssigkeitssplitter",
  "fluid.switch": "Flüssigkeitsschalter & Pumpe",
  "electric.andswitch": "UND Schalter",
  "electric.blocker": "Blocker",
  "electrical.branch": "Elektrische Abzweigung",
  "electrical.combiner": "Quellenverbinder",
  "electrical.memorycell": "Speicherzelle",
  "electric.orswitch": "ODER Schalter",
  "electric.random.switch": "RAND-Schalter",
  "electric.rf.broadcaster": "Funksender",
  "electric.rf.receiver": "Funkempfänger",
  "electric.xorswitch": "XOR Schalter",
  "electric.fuelgenerator.small": "Kleiner Generator",
  "electric.generator.small": "Testgenerator",
  "electric.solarpanel.large": "Großes Solarpanel",
  "electric.igniter": "Zünder",
  "storageadaptor": "Lageradapter",
  "industrial.combiner": "Industrieller Kombinierer",
  "industrial.conveyor": "Industrieller Förderer",
  "industrial.crafter": "Industrieller Hersteller",
  "industrial.splitter": "Industrieller Splitter",
  "electric.flasherlight": "Blinklicht",
  "electric.simplelight": "Einfaches Licht",
  "electric.sirenlight": "Sirenenlicht",
  "powered.water.purifier": "Elektrischer Wasserreiniger",
  "electric.switch": "Schalter",
  "electric.splitter": "Splitter",
  "electric.sprinkler": "Sprinkler",
  "electric.teslacoil": "Tesla-Spule",
  "electric.timer": "Timer",
  "electric.cabletunnel": "Kabeltunnel",
  "waterpump": "Wasserpumpe",
  "ptz.cctv.camera": "PTZ Überwachungskamera",
  "mining.quarry": "Steinbruch",
  "target.reactive": "Reaktives Ziel",
  "box.repair.bench": "Reparaturbank",
  "research.table": "Forschungstisch",
  "rug.bear": "Bärenfell Teppich",
  "rug": "Teppich",
  "searchlight": "Suchscheinwerfer",
  "secretlabchair": "Secret Lab Stuhl",
  "shelves": "Provisorisches Regal",
  "sign.hanging.banner.large": "Großes hängendes Banner",
  "sign.hanging": "Zweiseitiges Hängeschild",
  "sign.hanging.ornate": "Zweiseitiges verziertes Hängeschild",
  "sign.pictureframe.landscape": "Landschafts-Bilderrahmen",
  "sign.pictureframe.portrait": "Porträt-Bilderrahmen",
  "sign.pictureframe.tall": "Großer Bilderrahmen",
  "sign.pictureframe.xl": "XL Bilderrahmen",
  "sign.pictureframe.xxl": "XXL-Bilderrahmen",
  "sign.pole.banner.large": "Großes Banner an Mast",
  "sign.post.double": "Doppelter Wegweiser",
  "sign.post.single": "Einfacher Wegweiser",
  "sign.post.town": "Einseitiges Ortsschild",
  "sign.post.town.roof": "Zweiseitiges Ortsschild",
  "sign.wooden.huge": "Riesiges Holzschild",
  "sign.wooden.large": "Großes Holzschild",
  "sign.wooden.medium": "Mittelgroßes Holzschild",
  "sign.wooden.small": "Kleines Holzschild",
  "guntrap": "Schrotflinten-Falle",
  "sleepingbag": "Schlafsack",
  "stash.small": "Kleines Versteck",
  "sofa": "Sofa",
  "sofa.pattern": "Sofa - Muster",
  "spinner.wheel": "Drehscheibe",
  "fishtrap.small": "Survival Fischreuse",
  "table": "Tisch",
  "workbench1": "Werkbank Stufe 1",
  "workbench2": "Werkbank Stufe 2",
  "workbench3": "Werkbank Stufe 3",
  "cupboard.tool": "Werkzeugschrank",
  "tunalight": "Thunfischdosen-Lampe",
  "vending.machine": "Verkaufsautomat",
  "water.catcher.large": "Großer Wassersammler",
  "water.catcher.small": "Kleiner Wasserfänger",
  "water.purifier": "Wasserreiniger",
  "gunrack.horizontal": "Horizontales Waffenregal",
  "gunrack.single.1.horizontal": "Frontier Einzelregal",
  "gunrack.single.2.horizontal": "Frontier Hufeisen Einzelregal",
  "gunrack.single.3.horizontal": "Frontier Einzelregal",
  "gunrack_stand": "Waffenständer",
  "gunrack_tall.horizontal": "Großes Waffenregal",
  "gunrack_wide.horizontal": "Breites Waffengestell",
  "generator.wind.scrap": "Windkraftanlage",
  "box.wooden": "Holzkiste",
  "apple": "Apfel",
  "apple.spoiled": "Verfaulter Apfel",
  "black.raspberries": "Schwarze Himbeeren",
  "blueberries": "Blaubeeren",
  "botabag": "Feldflasche",
  "grub": "Made",
  "worm": "Wurm",
  "cactusflesh": "Kaktusfleisch",
  "can.beans": "Bohnendose",
  "can.tuna": "Thunfischdose",
  "chocolate": "Schokoladentafel",
  "fish.anchovy": "Sardellen",
  "fish.catfish": "Wels",
  "fish.cooked": "Gegrillter Fisch",
  "fish.raw": "Roher Fisch",
  "fish.herring": "Hering",
  "fish.minnows": "Kleine Fische",
  "fish.orangeroughy": "Granatbarsch",
  "fish.salmon": "Lachs",
  "fish.sardine": "Sardine",
  "fish.smallshark": "Kleiner Hai",
  "fish.troutsmall": "Kleine Forelle",
  "fish.yellowperch": "Gelbbarsch",
  "granolabar": "Müsliriegel",
  "chicken.burned": "Verbranntes Hähnchenfleisch",
  "chicken.cooked": "Gegrilltes Hähnchenfleisch",
  "chicken.raw": "Rohe Hähnchenbrust",
  "chicken.spoiled": "Verdorbenes Hähnchenfleisch",
  "deermeat.burned": "Verbranntes Hirschfleisch",
  "deermeat.cooked": "Gegrilltes Hirschfleisch",
  "deermeat.raw": "Rohes Hirschfleisch",
  "horsemeat.burned": "Verbranntes Pferdefleisch",
  "horsemeat.cooked": "Gegrilltes Pferdefleisch",
  "horsemeat.raw": "Rohes Pferdefleisch",
  "humanmeat.burned": "Verbranntes Menschenfleisch",
  "humanmeat.cooked": "Gegrilltes Menschenfleisch",
  "humanmeat.raw": "Rohes Menschenfleisch",
  "humanmeat.spoiled": "Verdorbenes Menschenfleisch",
  "bearmeat.burned": "Verbranntes Bärenfleisch",
  "bearmeat.cooked": "Gegrilltes Bärenfleisch",
  "bearmeat": "Rohes Bärenfleisch",
  "wolfmeat.burned": "Verbranntes Wolfsfleisch",
  "wolfmeat.cooked": "Gegrilltes Wolfsfleisch",
  "wolfmeat.raw": "Rohes Wolfsfleisch",
  "wolfmeat.spoiled": "Verdorbenes Wolfsfleisch",
  "meat.pork.burned": "Verbranntes Schweinefleisch",
  "meat.pork.cooked": "Gegrilltes Schweinefleisch",
  "meat.boar": "Rohes Schweinefleisch",
  "mushroom": "Pilz",
  "jar.pickle": "Essiggurken",
  "smallwaterbottle": "Kleine Wasserflasche",
  "waterjug": "Wasserkrug",
  "fun.bass": "Schaufel Bass",
  "fun.cowbell": "Kuhglocke",
  "drumkit": "Müllhalden-Schlagzeug-Set",
  "fun.flute": "Panflöte",
  "fun.guitar": "Akustikgitarre",
  "fun.jerrycanguitar": "Kanister-Gitarre",
  "piano": "Schubkarren-Klavier",
  "fun.tambourine": "Canbourine",
  "fun.trumpet": "Klempner-Trompete",
  "fun.tuba": "Sousaphone",
  "xylophone": "Xylobone",
  "door.key": "Türschlüssel",
  "lock.key": "Schloss",
  "lock.code": "Codeschloss",
  "blueprintbase": "Blaupause",
  "chineselantern": "Chinesische Laterne",
  "dragondoorknocker": "Drachen Türklopfer",
  "hat.dragonmask": "Drachenmaske",
  "newyeargong": "Neujahrs Gong",
  "hat.oxmask": "Ochsenmaske",
  "hat.rabbitmask": "Hasenmaske",
  "hat.ratmask": "Rattenmaske",
  "skylantern": "Himmelslaterne",
  "skylantern.skylantern.green": "Himmelslaterne - Grün",
  "skylantern.skylantern.orange": "Himmelslaterne - Orange",
  "skylantern.skylantern.purple": "Himmelslaterne - Lila",
  "skylantern.skylantern.red": "Himmelslaterne - Rot",
  "lunar.firecrackers": "Böllerkette",
  "hat.tigermask": "Tigermaske",
  "arcade.machine.chippy": "Chippy Spielautomat",
  "door.double.hinged.bardoors": "Hölzerne Frontier-Türen",
  "bathtub.planter": "Badewannen-Pflanzkübel",
  "head.bag": "Kopftasche",
  "fishtrophy": "Fisch-Trophäe",
  "huntingtrophylarge": "Große Jagdtrophäe",
  "huntingtrophysmall": "Kleine Jagdtrophäe",
  "minecart.planter": "Loren-Pflanzkübel",
  "rail.road.planter": "Schienen-Pflanzkübel",
  "rockingchair": "Schaukelstuhl",
  "rockingchair.rockingchair2": "Teal",
  "rockingchair.rockingchair3": "Grün",
  "knife.skinning": "Häutungsmesser",
  "storage_barrel_a": "Unbenutztes vertikales Lagerfass",
  "storage_barrel_b": "Vertikales Lagerfass",
  "storage_barrel_c": "Lagerfass horizontal",
  "torchholder": "Fackelhalter",
  "wantedposter.wantedposter2": "Steckbrief 2",
  "wantedposter.wantedposter3": "Steckbrief 3",
  "wantedposter.wantedposter4": "Steckbrief 4",
  "wantedposter": "Steckbrief",
  "bluedogtags": "Blaue Erkennungsmarken",
  "dogtagneutral": "Erkennungsmarken",
  "reddogtags": "Rote Erkennungsmarken",
  "door.closer": "Türschließer",
  "attire.bunnyears": "Hasenohren",
  "attire.bunny.onesie": "Häschen-Strampler",
  "hat.bunnyhat": "Hasenhut",
  "easterdoorwreath": "Ostertürkranz",
  "easterbasket": "Eierkorb",
  "attire.egg.suit": "Ei-Anzug",
  "rustige_egg_a": "Rustig? Ei - Rot",
  "rustige_egg_b": "Rustig? Ei - Blau",
  "rustige_egg_c": "Rustig? Ei - Lila",
  "rustige_egg_d": "Rustig? Ei - Elfenbein",
  "rustige_egg_e": "Rustig? Ei - Grün",
  "rustige_egg_f": "Rustig? Ei - Weiß",
  "attire.nesthat": "Nesthut",
  "easter.bronzeegg": "Bronzenes Ei",
  "easter.goldegg": "Goldenes Ei",
  "easter.paintedeggs": "Bemaltes Ei",
  "easter.silveregg": "Silbernes Ei",
  "halloween.candy": "Halloween Süßigkeiten",
  "largecandles": "Großes Kerzenset",
  "smallcandles": "Kleines Kerzenset",
  "carvable.pumpkin": "Schnitzbarer Kürbis",
  "coffin.storage": "Sarg",
  "cursedcauldron": "Verfluchter Zauberkessel",
  "gravestone": "Grabstein",
  "woodcross": "Holzkreuz",
  "frankensteins.monster.01.head": "Leichter Frankensteinkopf",
  "frankensteins.monster.01.legs": "Leichte Frankensteinbeine",
  "frankensteins.monster.01.torso": "Leichter Frankensteintorso",
  "frankensteins.monster.02.head": "Mittlerer Frankensteinkopf",
  "frankensteins.monster.02.legs": "Mittlere Frankensteinbeine",
  "frankensteins.monster.02.torso": "Mittlerer Frankensteintorso",
  "frankensteins.monster.03.head": "Schwerer Frankensteinkopf",
  "frankensteins.monster.03.legs": "Schwere Frankensteinbeine",
  "frankensteins.monster.03.torso": "Schwerer Frankensteinrumpf",
  "wall.graveyard.fence": "Friedhofszaun",
  "halloween.lootbag.large": "Großer Lootbeutel",
  "halloween.lootbag.medium": "Mittlerer Lootbeutel",
  "halloween.lootbag.small": "Kleiner Lootbeutel",
  "pumpkinbasket": "Kürbiseimer",
  "scarecrow": "Vogelscheuche",
  "skullspikes.candles": "Totenkopfpfahl",
  "skullspikes.pumpkin": "Totenkopfpfahl",
  "skullspikes": "Totenkopfpfahl",
  "skulldoorknocker": "Schädeltürklopfer",
  "skull_fire_pit": "Schädel Feuerstelle",
  "spiderweb": "Spinnennetze",
  "spookyspeaker": "Gruselige Lautsprecher",
  "halloween.surgeonsuit": "Chirurgenanzug",
  "skull.trophy.jar": "Schädel-Trophäe",
  "skull.trophy.jar2": "Schädel-Trophäe",
  "skull.trophy.table": "Schädel-Trophäe",
  "skull.trophy": "Schädel-Trophäe",
  "blueidtag": "Blaues ID-Tag",
  "grayidtag": "Graues ID-Tag",
  "greenidtag": "Grünes ID-Tag",
  "orangeidtag": "Orangefarbenes ID-Tag",
  "pinkidtag": "Rosa ID-Tag",
  "purpleidtag": "Lila ID-Tag",
  "redidtag": "Rotes ID-Tag",
  "whiteidtag": "Weißes ID-Tag",
  "yellowidtag": "Gelbes ID-Tag",
  "frontiermirror.large": "Großer Frontier-Spiegel",
  "frontiermirror.medium": "Mittlerer Frontier-Spiegel",
  "frontiermirror.small": "Kleiner Frontier-Spiegel",
  "frontiermirror.standing": "Stehender Frontier-Spiegel",
  "goldframe.large": "Großer Goldrahmen",
  "goldframe.medium": "Mittlerer Goldrahmen",
  "goldframe.small": "Kleiner Goldrahmen",
  "goldframe.standing": "Stehender Goldrahmen",
  "goldmirror.large": "Großer Goldspiegel",
  "goldmirror.medium": "Mittlerer Goldspiegel",
  "goldmirror.small": "Kleiner Goldspiegel",
  "goldmirror.standing": "Stehender Goldspiegel",
  "lightup.large": "Großer Leuchtrahmen",
  "lightupframe.medium": "Mittlerer Leuchtrahmen",
  "lightupframe.small": "Leuchtrahmen klein",
  "lightupframe.standing": "Beleuchteter Rahmen stehend",
  "lightupmirror.large": "Großer Leuchtspiegel",
  "lightupmirror.medium": "Leuchtspiegel Medium",
  "lightupmirror.small": "Beleuchteter Spiegel Klein",
  "lightupmirror.standing": "Beleuchteter Spiegel stehend",
  "scrapframe.large": "Großer Schrottrahmen",
  "scrapframe.medium": "Mittlerer Schrottrahmen",
  "scrapframe.small": "Kleiner Schrottrahmen",
  "scrapframe.standing": "Stehender Schrottrahmen",
  "scrapmirror.large": "Großer Schrottspiegel",
  "scrapmirror.medium": "Mittlerer Schrottspiegel",
  "scrapmirror.small": "Kleiner Schrottspiegel",
  "scrapmirror.standing": "Stehender Schrottspiegel",
  "twowaymirror.window": "Zwei-Wege-Spiegel",
  "woodframe.large": "Großer Holzrahmen",
  "woodframe.medium": "Holzrahmen mittel",
  "woodframe.small": "Holzrahmen Klein",
  "woodframe.standing": "Holzrahmen stehend",
  "woodmirror.large": "Holzspiegel groß",
  "woodmirror.medium": "Holzspiegel Medium",
  "woodmirror.small": "Holzspiegel klein",
  "woodmirror.standing": "Holzspiegel stehend",
  "movembermoustachecard": "Movember Papp-Schnurrbart",
  "movembermoustache": "Movember Schnurrbart",
  "note": "Notiz",
  "parachute.deployed": "Fallschirm (entfaltet)",
  "parachute": "Fallschirm",
  "factorydoor": "Fabriktür",
  "industrial.wall.light.green": "Grüne Industriewandleuchte",
  "industrial.wall.light": "Industriewandleuchte",
  "industrial.wall.light.red": "Rote Industriewandleuchte",
  "skull.human": "Menschlicher Schädel",
  "abovegroundpool": "Frei stehendes Schwimmbecken",
  "beachchair": "Sonnenliege",
  "beachparasol": "Sonnenschirm",
  "beachtable": "Strandtisch",
  "beachtowel": "Strandtuch",
  "boogieboard": "Boogie-Board",
  "innertube": "Schwimmreifen",
  "innertube.horse": "Schwimmreifen",
  "innertube.unicorn": "Schwimmreifen",
  "tool.instant_camera": "Sofortbildkamera",
  "paddlingpool": "Planschbecken",
  "photo": "Foto",
  "photoframe.landscape": "Landschafts-Fotorahmen",
  "photoframe.large": "Großer Fotorahmen",
  "photoframe.portrait": "Porträt-Fotorahmen",
  "sunglasses02black": "Sonnenbrille",
  "sunglasses02camo": "Sonnenbrille",
  "sunglasses02red": "Sonnenbrille",
  "sunglasses03black": "Sonnenbrille",
  "sunglasses03chrome": "Sonnenbrille",
  "sunglasses03gold": "Sonnenbrille",
  "sunglasses": "Sonnenbrille",
  "gun.water": "Wasserpistole",
  "pistol.water": "Wasserpistole",
  "trophy": "Twitch Rivals Trophäe",
  "twitchsunglasses": "Lila Sonnenbrille",
  "twitch.headset": "Headset",
  "hobobarrel": "Vagabundentonne",
  "door.hinged.industrial.a": "Industrietür",
  "xmas.advent": "Adventskalender",
  "candycaneclub": "Zuckerstangenknüppel",
  "xmas.lightstring": "Weihnachtslichter",
  "xmas.door.garland": "Festliche Türgirlande",
  "xmas.double.door.garland": "Festliche doppelte Türgirlande",
  "candycane": "Zuckerstange",
  "giantcandycanedecor": "Riesige Süßigkeiten-Dekoration",
  "wall.ice.wall": "Niedrige Eismauer",
  "wall.external.high.ice": "Hohe Eismauer",
  "giantlollipops": "Riesige Lutscher-Dekoration",
  "sign.neon.125x125": "Kleines Neonschild",
  "sign.neon.125x215.animated": "Mittleres animiertes Neonschild",
  "sign.neon.125x215": "Mittelgroßes Neonschild",
  "sign.neon.xl.animated": "Großes animiertes Neonschild",
  "sign.neon.xl": "Großes Neonschild",
  "pookie.bear": "Teddybär",
  "xmas.lightstring.advanced": "Luxus-Weihnachtslichter",
  "coal": "Kohle :(",
  "xmas.present.large": "Großes Geschenk",
  "xmas.present.medium": "Mittleres Geschenk",
  "xmas.present.small": "Kleines Geschenk",
  "sled.xmas": "Schlitten",
  "sled": "Schlitten",
  "snowmachine": "Schneemaschine",
  "snowball": "Schneeball",
  "snowballgun": "Schneeballwerfer",
  "snowman": "Schneemann",
  "stocking.large": "SUPER Socke",
  "stocking.small": "Kleine Socke",
  "gingerbreadsuit": "Lebkuchenkostüm",
  "attire.reindeer.headband": "Rentiergeweih",
  "santabeard": "Weihnachtsmannbart",
  "santahat": "Nikolausmütze",
  "attire.snowman.helmet": "Schneemannhelm",
  "xmas.window.garland": "Festliche Fenstergirlande",
  "wrappedgift": "Verpacktes Geschenk",
  "wrappingpaper": "Geschenkpapier",
  "xmasdoorwreath": "Weihnachtlicher Türkranz",
  "xmas.decoration.baubels": "Dekorative Christbaumkugeln",
  "xmas.decoration.candycanes": "Dekorative Plastikzuckerstangen",
  "xmas.decoration.gingerbreadmen": "Dekorative Lebkuchenmänner",
  "xmas.decoration.lights": "Lichterkette",
  "xmas.decoration.pinecone": "Dekorative Kiefernzapfen",
  "xmas.decoration.star": "Baumspitzenstern",
  "xmas.decoration.tinsel": "Dekoratives Lametta",
  "xmas.tree": "Weihnachtsbaum",
  "captainslog": "Logbuch des Kapitäns",
  "fishing.tackle": "Angelzeugs",
  "bottle.vodka": "Wodkaflasche",
  "autoturret": "Automatischer Geschützturm",
  "flameturret": "Flammengeschütz",
  "gloweyes": "Glühende Augen",
  "ammo.rocket.sam": "FlaRak Munition",
  "samsite": "FlaRak-Stellung",
  "black.berry": "Schwarzbeere",
  "clone.black.berry": "Schwarzbeeren-Klon",
  "seed.black.berry": "Schwarzbeerensaatgut",
  "blue.berry": "Blaubeere",
  "clone.blue.berry": "Blaubeer-Klon",
  "seed.blue.berry": "Blaubeerensaatgut",
  "green.berry": "Grüne Beere",
  "clone.green.berry": "Grünbeeren Klon",
  "seed.green.berry": "Grünbeerensaatgut",
  "red.berry": "Rote Beere",
  "clone.red.berry": "Rotbeeren-Klon",
  "seed.red.berry": "Rotbeerensaatgut",
  "white.berry": "Weiße Beere",
  "clone.white.berry": "Weißbeeren-Klon",
  "seed.white.berry": "Weißbeerensaatgut",
  "yellow.berry": "Gelbe Beere",
  "clone.yellow.berry": "Gelbbeeren-Klon",
  "seed.yellow.berry": "Gelbbeerensatgut",
  "corn": "Mais",
  "clone.corn": "Mais Klon",
  "seed.corn": "Maissaatgut",
  "clone.hemp": "Hanf Klon",
  "seed.hemp": "Hanfsamen",
  "potato": "Kartoffel",
  "clone.potato": "Kartoffel Klon",
  "seed.potato": "Kartoffelsaatgut",
  "pumpkin": "Kürbis",
  "clone.pumpkin": "Kürbispflanzen-Klone",
  "seed.pumpkin": "Kürbissamen",
  "fat.animal": "Tierfett",
  "battery.small": "Batterie - Klein",
  "blood": "Blut",
  "bone.fragments": "Knochenfragmente",
  "cctv.camera": "Überwachungskamera",
  "charcoal": "Holzkohle",
  "cloth": "Stoff",
  "crude.oil": "Rohöl",
  "diesel_barrel": "Diesel Kraftstoff",
  "can.beans.empty": "Leere Bohnendose",
  "can.tuna.empty": "Leere Thunfischdose",
  "explosives": "Sprengstoff",
  "fertilizer": "Dünger",
  "gunpowder": "Schießpulver",
  "horsedung": "Pferdemist",
  "hq.metal.ore": "Hochwertiges Metallerz",
  "metal.refined": "Hochwertiges Metall",
  "leather": "Leder",
  "lowgradefuel": "Einfacher Kraftstoff",
  "metal.fragments": "Metallfragmente",
  "metal.ore": "Metallerz",
  "paper": "Papier",
  "plantfiber": "Pflanzenfaser",
  "researchpaper": "Forschungspapier",
  "water.salt": "Salzwasser",
  "scrap": "Metallschrott",
  "stones": "Steine",
  "sulfur.ore": "Schwefelerz",
  "sulfur": "Schwefel",
  "targeting.computer": "Zielcomputer",
  "water": "Wasser",
  "skull.wolf": "Wolfsschädel",
  "wood": "Holz",
  "healingtea.advanced": "Besserer Heiltee",
  "healingtea": "Einfacher Heiltee",
  "healingtea.pure": "Reiner Heiltee",
  "maxhealthtea.advanced": "Besserer Gesundheitstee",
  "maxhealthtea": "Einfacher Gesundheitstee",
  "maxhealthtea.pure": "Reiner Gesundheitstee",
  "oretea.advanced": "Besserer Erztee",
  "oretea": "Einfacher Erztee",
  "oretea.pure": "Reiner Erztee",
  "radiationremovetea.advanced": "Besserer Strahlenentfernungstee",
  "radiationremovetea": "Einfacher Strahlenentfernungstee",
  "radiationremovetea.pure": "Reiner Strahlungsentfernungstee",
  "radiationresisttea.advanced": "Besserer Strahlenschutztee",
  "radiationresisttea": "Strahlenschutztee",
  "radiationresisttea.pure": "Reiner Strahlenschutztee",
  "scraptea.advanced": "Besserer Schrotttee",
  "scraptea": "Einfacher Schrotttee",
  "scraptea.pure": "Reiner Schrotttee",
  "supertea": "Super-Serum",
  "woodtea.advanced": "Besserer Holztee",
  "woodtea": "Einfacher Holztee",
  "woodtea.pure": "Reiner Holztee",
  "antiradpills": "Strahlenschutz Tabletten",
  "tool.binoculars": "Fernglas",
  "explosive.timed": "Zeitgesteuerte Sprengladung",
  "tool.camera": "Kamera",
  "rf.detonator": "Funksender",
  "fishingrod.handmade": "Handgefertigte Angelrute",
  "flare": "Fackel",
  "flashlight.held": "Taschenlampe",
  "geiger.counter": "Geigerzähler",
  "hosetool": "Schlauchwerkzeug",
  "jackhammer": "Presslufthammer",
  "keycard_blue": "Blaue Schlüsselkarte",
  "keycard_green": "Grüne Schlüsselkarte",
  "keycard_red": "Rote Schlüsselkarte",
  "largemedkit": "Großer Verbandskasten",
  "concretehatchet": "Betonbeil",
  "concretepickaxe": "Betonspitzhacke",
  "lumberjack.hatchet": "Prototyp Beil",
  "lumberjack.pickaxe": "Prototyp Spitzhacke",
  "map": "Landkarte",
  "syringe.medical": "Medizinische Spritze",
  "rf_pager": "Funkmelder",
  "pipetool": "Rohrwerkzeug",
  "building.planner": "Bauplan",
  "grenade.smoke": "Rauchgranate",
  "spraycan": "Spraydose",
  "spraycandecal": "Sprühdosenmuster",
  "supply.signal": "Versorgungssignal",
  "surveycharge": "Bodenproben Sprengladung",
  "wiretool": "Kabelwerkzeug",
  "vehicle.chassis.2mod": "Kleines Chassis",
  "vehicle.chassis.3mod": "Mittleres Fahrgestell",
  "vehicle.chassis.4mod": "Großes Chassis",
  "vehicle.chassis": "Standard Fahrzeug-Chassis",
  "vehicle.1mod.cockpit": "Cockpit Fahrzeugmodul",
  "vehicle.1mod.cockpit.armored": "Gepanzertes Cockpit-Fahrzeug-Modul",
  "vehicle.1mod.cockpit.with.engine": "Cockpit mit Motor Fahrzeugmodul",
  "vehicle.1mod.engine": "Motor Fahrzeugmodul",
  "vehicle.1mod.flatbed": "Pritschen Fahrzeugmodul",
  "vehicle.1mod.passengers.armored": "Gepanzertes Passagier-Fahrzeug Modul",
  "vehicle.1mod.rear.seats": "Fahrzeugmodul für Rücksitze",
  "vehicle.1mod.storage": "Lager Fahrzeugmodul",
  "vehicle.1mod.taxi": "Taxi Fahrzeugmodul",
  "vehicle.2mod.camper": "Camper-Fahrzeugmodul",
  "vehicle.2mod.flatbed": "Großes Pritschenfahrzeug-Modul",
  "vehicle.2mod.fuel.tank": "Kraftstofftank Fahrzeugmodul",
  "vehicle.2mod.passengers": "Modul für Personenkraftwagen",
  "vehicle.module": "Generisches Fahrzeugmodul",
  "boombox": "Boom Box",
  "fun.boomboxportable": "Tragbare Boombox",
  "cassette": "Kassette - lang",
  "cassette.medium": "Kassette - mittel",
  "cassette.short": "Kassette - kurz",
  "fun.casetterecorder": "Kassettenrekorder",
  "discoball": "Discokugel",
  "discofloor": "Disco-Fußboden",
  "discofloor.largetiles": "Disco-Fußboden",
  "connected.speaker": "Angeschlossener Lautsprecher",
  "laserlight": "Laserlicht",
  "megaphone": "Megaphone",
  "microphonestand": "Mikrofonständer",
  "mobilephone": "Mobiltelefon",
  "soundlight": "Soundlicht",
  "telephone": "Telefon",
  "weapon.mod.8x.scope": "16x Zielfernrohr",
  "weapon.mod.burstmodule": "Feuerstoß-Modul",
  "weapon.mod.extendedmags": "Verlängertes Magazin",
  "weapon.mod.flashlight": "Waffenlicht",
  "weapon.mod.holosight": "Reflexvisier",
  "weapon.mod.lasersight": "Laservisier",
  "weapon.mod.muzzleboost": "Rückstoßverstärker",
  "weapon.mod.muzzlebrake": "Mündungsbremse",
  "weapon.mod.simplesight": "Einfaches handgemachtes Visier",
  "weapon.mod.silencer": "Schalldämpfer",
  "weapon.mod.small.scope": "8x Zoom Zielfernrohr",
  "rifle.ak": "Sturmgewehr",
  "rifle.ak.diver": "Abyss Sturmgewehr",
  "rifle.ak.ice": "Surmgewehr - ICE",
  "bandage": "Verband",
  "grenade.beancan": "Bohnendosen-Granate",
  "rifle.bolt": "Karabiner Gewehr",
  "bone.club": "Knochen-Keule",
  "knife.bone": "Knochenmesser",
  "bow.hunting": "Jagdbogen",
  "cakefiveyear": "Geburtstagskuchen",
  "chainsaw": "Kettensäge",
  "salvaged.cleaver": "Provisorisches Hackbeil",
  "bow.compound": "Compoundbogen",
  "crossbow": "Armbrust",
  "diverhatchet": "Abyss Metallbeil",
  "diverpickaxe": "Abyss Metall-Spitzhacke",
  "divertorch": "Abyss Fackel",
  "shotgun.double": "Doppelläufige Schrotflinte",
  "pistol.eoka": "Eoka Pistole",
  "grenade.f1": "F1 Granate",
  "flamethrower": "Flammenwerfer",
  "grenade.flashbang": "Blendgranate",
  "pistol.prototype17": "Prototyp 17",
  "multiplegrenadelauncher": "Mehrfach Granatwerfer",
  "mace.baseballbat": "Baseballschläger",
  "knife.butcher": "Schlachtermesser",
  "pitchfork": "Mistgabel",
  "sickle": "Sichel",
  "torch.torch.skull": "Kultisten-Hirschfackel",
  "skull": "Schädel",
  "vampire.stake": "Vampir Pflock",
  "hammer": "Hammer",
  "hatchet": "Axt",
  "hmlmg": "HMLMG",
  "homingmissile.launcher": "Zielsuchender Raketenwerfer",
  "knife.combat": "Kampfmesser",
  "rifle.l96": "L96 Gewehr",
  "rifle.lr300": "LR-300 Sturmgewehr",
  "lmg.m249": "M249",
  "rifle.m39": "M39 Gewehr",
  "pistol.m92": "M92 Pistole",
  "mace": "Keule",
  "machete": "Machete",
  "grenade.molotov": "Molotowcocktail",
  "smg.mp5": "MP5A4",
  "pistol.nailgun": "Nagelpistole",
  "paddle": "Paddel",
  "pickaxe": "Spitzhacke",
  "shotgun.waterpipe": "Wasserrohr-Schrotflinte",
  "pistol.python": "Python Revolver",
  "pistol.revolver": "Revolver",
  "rock": "Stein",
  "rocket.launcher": "Raketenwerfer",
  "axe.salvaged": "Provisorische Axt",
  "hammer.salvaged": "Provisorischer Hammer",
  "icepick.salvaged": "Provisorischer Eispickel",
  "explosive.satchel": "Sprengladung",
  "shotgun.pump": "Pumpgun",
  "pistol.semiauto": "Halbautomatische Pistole",
  "rifle.semiauto": "Halbautomatisches Gewehr",
  "smg.2": "Selbstgebaute MP",
  "shotgun.spas12": "Spas-12 Schrotflinte",
  "speargun": "Harpune",
  "stonehatchet": "Steinbeil",
  "stone.pickaxe": "Stein Spitzhacke",
  "spear.stone": "Steinspeer",
  "longsword": "Langschwert",
  "salvaged.sword": "Provisorisches Schwert",
  "smg.thompson": "Thompson",
  "toolgun": "Garrys Mod-Werkzeugpistole",
  "torch": "Fackel",
  "bucket.water": "Wassereimer",
  "spear.wooden": "Holzspeer",
  "horse.armor.roadsign": "Verkehrsschild-Pferderüstung",
  "horse.armor.wood": "Hölzerne Pferderüstung",
  "horse.saddle.double": "Doppelter Pferdesattel",
  "horse.saddle": "Pferdesattel",
  "horse.saddle.single": "Einzelner Pferdesattel",
  "horse.saddlebag": "Satteltasche",
  "horse.shoes.advanced": "Hochwertige Hufeisen",
  "horse.shoes.basic": "Einfache Hufeisen"
}