{
  "hat.wolf": "Wolf-Kopfschmuck",
  "fogmachine": "Fogger-3000",
  "strobelight": "Stroboskop",
  "kayak": "Kajak",
  "minihelicopter.repair": "MC Reparieren",
  "scraptransportheli.repair": "ScrapTransportHeliRepair",
  "ammo.grenadelauncher.buckshot": "40mm Schrotflinten Schuss",
  "ammo.grenadelauncher.he": "40mm HE Granate",
  "ammo.grenadelauncher.smoke": "40mm Rauchgranate",
  "arrow.hv": "Hochgeschwindigkeitspfeil",
  "arrow.wooden": "Holzpfeil",
  "arrow.bone": "Knochenpfeil",
  "arrow.fire": "Feuer-Pfeil",
  "ammo.handmade.shell": "Handgefertigte Patrone",
  "ammo.nailgun.nails": "Nagelpistolen Nägel",
  "ammo.pistol": "Pistolenkugel",
  "ammo.pistol.fire": "Pistolen Brandmunition",
  "ammo.pistol.hv": "Pistolen HV-Munition",
  "ammo.rifle": "5.56 Munition",
  "ammo.rifle.explosive": "5.56 Explosivmunition",
  "ammo.rifle.incendiary": "5.56 Brandmunition",
  "ammo.rifle.hv": "5.56 HV-Munition",
  "ammo.rocket.basic": "Rakete",
  "ammo.rocket.fire": "Brandrakete",
  "ammo.rocket.hv": "HV-Rakete",
  "ammo.rocket.smoke": "Rauch-Rakete (WIP)",
  "ammo.shotgun": "Kaliber 12 Schrot-Patrone",
  "ammo.shotgun.fire": "Kaliber 12 Brandgeschoss",
  "ammo.shotgun.slug": "Kaliber 12 Flintenlaufgeschoss",
  "door.double.hinged.metal": "Doppeltür aus Blech",
  "door.double.hinged.toptier": "Gepanzerte Doppeltür",
  "door.double.hinged.wood": "Hölzerne Doppeltür",
  "door.hinged.metal": "Blechtür",
  "door.hinged.toptier": "Gepanzerte Tür",
  "door.hinged.wood": "Holztür",
  "floor.grill": "Bodengitter",
  "floor.ladder.hatch": "Dachluke",
  "floor.triangle.grill": "Dreieckbodengitter",
  "floor.triangle.ladder.hatch": "Dreieckdachluke",
  "gates.external.high.stone": "Hohes externes Steintor",
  "gates.external.high.wood": "Palisadentor",
  "ladder.wooden.wall": "Holzleiter",
  "wall.external.high.stone": "Hohe Steinmauer",
  "wall.external.high": "Palisade",
  "wall.frame.cell.gate": "Gefängniszellentür",
  "wall.frame.cell": "Gefängniszellengitter",
  "wall.frame.fence.gate": "Maschendrahtzauntor",
  "wall.frame.fence": "Maschendrahtzaun",
  "wall.frame.garagedoor": "Garagentor",
  "wall.frame.netting": "Netz",
  "wall.frame.shopfront": "Ladentheke",
  "wall.frame.shopfront.metal": "Metall Ladentheke",
  "wall.window.bars.metal": "Metallfenstergitter",
  "wall.window.bars.toptier": "Verstärktes Glasfenster",
  "wall.window.bars.wood": "Hölzerne Fenstergitter",
  "shutter.metal.embrasure.a": "Metallene horizontale Schießscharte",
  "shutter.metal.embrasure.b": "Vertikale Metallschießscharte",
  "wall.window.glass.reinforced": "Fenster aus gehärtetem Glas",
  "shutter.wood.a": "Hölzerne Fensterläden",
  "watchtower.wood": "Wachturm",
  "diving.fins": "Tauchflossen",
  "diving.mask": "Tauchmaske",
  "diving.tank": "Tauchflasche",
  "diving.wetsuit": "Tauchanzug",
  "boots.frog": "Frosch-Stiefel",
  "barrelcostume": "Ein Fasskostüm",
  "cratecostume": "Kistenkostüm",
  "burlap.gloves.new": "Jute Handschuhe",
  "burlap.gloves": "Lederhandschuhe",
  "roadsign.gloves": "Verkehrsschild-Handschuhe",
  "tactical.gloves": "Taktische Handschuhe",
  "ghostsheet": "Geisterkostüm",
  "halloween.mummysuit": "Mumienanzug",
  "scarecrow.suit": "Vogelscheuchenanzug",
  "scarecrowhead": "Vogelscheuchenhut",
  "attire.hide.helterneck": "Ledernes Neckholder-Top",
  "hat.beenie": "Wollmütze",
  "hat.boonie": "Buschhut",
  "bucket.helmet": "Eimerhelm",
  "burlap.headwrap": "Jute Kopftuch",
  "hat.candle": "Kerzenhut",
  "hat.cap": "Baseball Cap",
  "clatter.helmet": "Clatter-Helm",
  "coffeecan.helmet": "Kaffedosenhelm",
  "deer.skull.mask": "Knochenhelm",
  "heavy.plate.helmet": "Gepanzerter Helm",
  "hat.miner": "Minenarbeiterhelm",
  "partyhat": "Partyhut",
  "riot.helmet": "Schutzhelm",
  "wood.armor.helmet": "Hölzener Rüstungshelm",
  "hoodie": "Kapuzenjacke",
  "bone.armor.suit": "Knochenrüstung",
  "heavy.plate.jacket": "Gepanzerte Jacke",
  "jacket.snow": "Schneejacke",
  "jacket": "Jacke",
  "wood.armor.jacket": "Hölzerne Brustpanzerung",
  "mask.balaclava": "Improvisierte Balaclava",
  "mask.bandana": "Halstuch",
  "metal.facemask": "Metall Maske",
  "nightvisiongoggles": "Nachtsichtbrille",
  "burlap.trousers": "Jutehose",
  "heavy.plate.pants": "Gepanzerte Hose",
  "attire.hide.pants": "Lederhose",
  "roadsign.kilt": "Verkehrsschild-Rock",
  "pants.shorts": "Kurze Hosen",
  "wood.armor.pants": "Hölzerne Beinpanzerung",
  "pants": "Hose",
  "attire.hide.poncho": "Lederponcho",
  "burlap.shirt": "Jute Hemd",
  "shirt.collared": "Hemd",
  "attire.hide.vest": "Lederweste",
  "shirt.tanktop": "Muskelshirt",
  "shoes.boots": "Stiefel",
  "burlap.shoes": "Juteschuhe",
  "attire.hide.boots": "Lederschuhe",
  "attire.hide.skirt": "Lederrock",
  "attire.banditguard": "Banditenschutzausrüstung",
  "hazmatsuit": "Schutzanzug",
  "hazmatsuit_scientist": "Wissenschaftler Anzug",
  "hazmatsuit_scientist_peacekeeper": "Wissenschaftler Anzug",
  "hazmatsuit.spacesuit": "Raumanzug",
  "scientistsuit_heavy": "Massiver Wissenschaftler Anzug",
  "tshirt.long": "Langärmeliges T-Shirt",
  "tshirt": "T-Shirt",
  "metal.plate.torso": "Metallbrustplatte",
  "roadsign.jacket": "Verkehrsschild-Jacke",
  "bleach": "Bleichmittel",
  "ducttape": "Klebeband",
  "carburetor1": "Einfacher Vergaser",
  "carburetor2": "Mittlerer Vergaser",
  "carburetor3": "Hochwertiger Vergaser",
  "crankshaft1": "Einfache Kurbelwelle",
  "crankshaft2": "Mittlere Kurbelwelle",
  "crankshaft3": "Hochwertige Kurbelwelle",
  "piston1": "Einfache Kolben",
  "piston2": "Mittlere Kolben",
  "piston3": "Hochwertige Kolben",
  "sparkplug1": "Einfache Zündkerzen",
  "sparkplug2": "Mittlere Zündkerzen",
  "sparkplug3": "Hochwertige Zündkerzen",
  "valve1": "Einfache Ventile",
  "valve2": "Mittlere Ventile",
  "valve3": "Hochwertige Ventile",
  "fuse": "Sicherung",
  "gears": "Zahnräder",
  "glue": "Kleber",
  "metalblade": "Metallklinge",
  "metalpipe": "Metallrohr",
  "propanetank": "Leerer Propangas Tank",
  "roadsigns": "Verkehrsschilder",
  "rope": "Seil",
  "sewingkit": "Nähzeug Set",
  "sheetmetal": "Blech",
  "metalspring": "Metallfeder",
  "sticks": "Stöcker",
  "tarp": "Plane",
  "techparts": "Technikschrott",
  "riflebody": "Gewehrgehäuse",
  "semibody": "Halbautomatisches Gehäuse",
  "smgbody": "SMG Gehäuse",
  "barricade.concrete": "Betonbarrikade",
  "barricade.wood.cover": "Holzbarrikadendeckung",
  "barricade.metal": "Metallbarrikade",
  "barricade.sandbags": "Sandsackbarrikade",
  "barricade.stone": "Steinbarrikade",
  "barricade.wood": "Holzbarrikade",
  "barricade.woodwire": "Holzbarrikade mit Stacheldraht",
  "bbq": "Grill",
  "trap.bear": "Schnappfalle",
  "bed": "Bett",
  "campfire": "Lagerfeuer",
  "ceilinglight": "Deckenleuchte",
  "chair": "Stuhl",
  "composter": "Kompostierer",
  "computerstation": "Computerstation",
  "drone": "Drohne",
  "dropbox": "Einwurfkasten",
  "elevator": "Aufzug",
  "fireplace.stone": "Kamin",
  "firework.boomer.blue": "Blauer Boomer",
  "firework.boomer.champagne": "Champagnefarbener Boomer",
  "firework.boomer.green": "Grüner Boomer",
  "firework.boomer.orange": "Orangerner Boomer",
  "firework.boomer.red": "Roter Boomer",
  "firework.boomer.violet": "Violetter Boomer",
  "firework.romancandle.blue": "Blaues römische Licht",
  "firework.romancandle.green": "Grünes römisches Licht",
  "firework.romancandle.red": "Rotes römisches Licht",
  "firework.romancandle.violet": "Violettes römisches Licht",
  "firework.volcano": "Weißes Vulkanfeuerwerk",
  "firework.volcano.red": "Rotes Vulkanfeuerwerk",
  "firework.volcano.violet": "Violettes Vulkanfeuerwerk",
  "spikes.floor": "Angespitzte Holzpfähle",
  "fridge": "Kühlschrank",
  "furnace.large": "Großer Schmelzofen",
  "furnace": "Schmelzofen",
  "hitchtroughcombo": "Pfosten und Trog",
  "habrepair": "Ballon reparieren",
  "jackolantern.angry": "Wütende Kürbislaterne",
  "jackolantern.happy": "Fröhliche Kürbislaterne",
  "trap.landmine": "Landmine",
  "lantern": "Laterne",
  "box.wooden.large": "Große Holzkiste",
  "water.barrel": "Wasserfass",
  "locker": "Schließfach",
  "mailbox": "Briefkasten",
  "mixingtable": "Mischtisch",
  "modularcarlift": "Modulare Hebebühne",
  "mining.pumpjack": "Ölpumpe",
  "small.oil.refinery": "Kleine Ölraffinerie",
  "planter.large": "Große Pflanzkiste",
  "planter.small": "Kleine Pflanzkiste",
  "electric.audioalarm": "Akustischer Alarm",
  "smart.alarm": "Intelligenter Alarm",
  "smart.switch": "Intelligenter Schalter",
  "storage.monitor": "Lagermonitor",
  "electric.battery.rechargable.large": "Große wiederaufladbare Batterie",
  "electric.battery.rechargable.medium": "Mittlere wiederaufladbare Batterie",
  "electric.battery.rechargable.small": "Kleine wiederaufladbare Batterie",
  "electric.button": "Taste",
  "electric.counter": "Zähler",
  "electric.hbhfsensor": "HAFT-Sensor",
  "electric.laserdetector": "Laserdetektor",
  "electric.pressurepad": "Druckplatte",
  "electric.doorcontroller": "Türsteuerung",
  "electric.heater": "Elektrische Heizung",
  "fluid.combiner": "Flüssigkeitsverbinder",
  "fluid.splitter": "Flüssigkeits-Splitter",
  "fluid.switch": "Flüssigkeitsschalter & Pumpe",
  "electric.andswitch": "UND Schalter",
  "electric.blocker": "Blocker",
  "electrical.branch": "Elektrische Abzweigung",
  "electrical.combiner": "Quellenverbinder",
  "electrical.memorycell": "Speicherzelle",
  "electric.orswitch": "ODER Schalter",
  "electric.random.switch": "RAND-Schalter",
  "electric.rf.broadcaster": "Funksender",
  "electric.rf.receiver": "Funkempfänger",
  "electric.xorswitch": "XOR Schalter",
  "electric.fuelgenerator.small": "Kleiner Generator",
  "electric.generator.small": "Testgenerator",
  "electric.solarpanel.large": "Großes Solarpanel",
  "electric.igniter": "Zünder",
  "electric.flasherlight": "Blinklicht",
  "electric.simplelight": "Einfaches Licht",
  "electric.sirenlight": "Alarm-Lampe",
  "powered.water.purifier": "Angetriebener Wasserreiniger",
  "electric.switch": "Schalter",
  "electric.splitter": "Splitter",
  "electric.sprinkler": "Spinkler",
  "electric.teslacoil": "Tesla-Spule",
  "electric.timer": "Timer",
  "electric.cabletunnel": "Kabeltunnel",
  "waterpump": "Wasserpumpe",
  "mining.quarry": "Steinbruch",
  "target.reactive": "Reaktives Ziel",
  "box.repair.bench": "Reparaturbank",
  "research.table": "Forschungstisch",
  "rug.bear": "Bärenfell Teppich",
  "rug": "Teppich",
  "searchlight": "Suchscheinwerfer",
  "secretlabchair": "SecretLab Stuhl",
  "shelves": "Provisorisches Regal",
  "sign.hanging.banner.large": "Großes hängendes Banner",
  "sign.hanging": "Zweiseitiges Hängeschild",
  "sign.hanging.ornate": "Zweiseitiges verziertes Hängeschild",
  "sign.pictureframe.landscape": "Landschafts-Bilderrahmen",
  "sign.pictureframe.portrait": "Porträt-Bilderrahmen",
  "sign.pictureframe.tall": "Großer Bilderrahmen",
  "sign.pictureframe.xl": "XL Bilderrahmen",
  "sign.pictureframe.xxl": "XXL-Bilderrahmen",
  "sign.pole.banner.large": "Großes Banner an Mast",
  "sign.post.double": "Doppelter Wegweiser",
  "sign.post.single": "Einfacher Wegweiser",
  "sign.post.town": "Einseitiges Ortsschild",
  "sign.post.town.roof": "Zweiseitiges Ortsschild",
  "sign.wooden.huge": "Riesiges Holzschild",
  "sign.wooden.large": "Großes Holzschild",
  "sign.wooden.medium": "Mittelgroßes Holzschild",
  "sign.wooden.small": "Kleines Holzschild",
  "guntrap": "Schrotflinten-Falle",
  "sleepingbag": "Schlafsack",
  "stash.small": "Kleines Versteck",
  "sofa": "Sofa",
  "spinner.wheel": "Drehscheibe",
  "fishtrap.small": "Survival Fischreuse",
  "table": "Tisch",
  "workbench1": "Werkbank Stufe 1",
  "workbench2": "Werkbank Stufe 2",
  "workbench3": "Werkbank Stufe 3",
  "cupboard.tool": "Werkzeugschrank",
  "tunalight": "Thunfischdosen-Lampe",
  "vending.machine": "Verkaufsautomat",
  "water.catcher.large": "Großer Wassersammler",
  "water.catcher.small": "Kleiner Wasserfänger",
  "water.purifier": "Wasserreiniger",
  "generator.wind.scrap": "Windkraftanlage",
  "box.wooden": "Holzkiste",
  "apple": "Apfel",
  "apple.spoiled": "Verfaulter Apfel",
  "black.raspberries": "Brombeeren",
  "blueberries": "Blaubeeren",
  "botabag": "Feldflasche",
  "cactusflesh": "Kaktusfleisch",
  "can.beans": "Bohnendose",
  "can.tuna": "Thunfischdose",
  "chocholate": "Schokoladenriegel",
  "fish.cooked": "Gegrillter Fisch",
  "fish.raw": "Roher Fisch",
  "fish.minnows": "Kleine Fische",
  "fish.troutsmall": "Kleine Forelle",
  "granolabar": "Müsliriegel",
  "chicken.burned": "Verbranntes Hänchenfleisch",
  "chicken.cooked": "Gegrilltes Hähnchenfleisch",
  "chicken.raw": "Rohe Hänchenbrust",
  "chicken.spoiled": "Verdorbenes Hähnchenfleisch",
  "deermeat.burned": "Verbranntes Hirschfleisch",
  "deermeat.cooked": "Gegrilltes Hirschfleisch",
  "deermeat.raw": "Rohes Hirschfleisch",
  "horsemeat.burned": "Verbranntes Pferdefleisch",
  "horsemeat.cooked": "Gegrilltes Pferdefleisch",
  "horsemeat.raw": "Rohes Pferdefleisch",
  "humanmeat.burned": "Verbranntes Menschenfleisch",
  "humanmeat.cooked": "Gegrilltes Menschenfleisch",
  "humanmeat.raw": "Rohes Menschenfleisch",
  "humanmeat.spoiled": "Verdorbenes Menschenfleisch",
  "bearmeat.burned": "Verbranntes Bärenfleisch",
  "bearmeat.cooked": "Gegrilltes Bärenfleisch",
  "bearmeat": "Rohes Bärenfleisch",
  "wolfmeat.burned": "Verbranntes Wolfsfleisch",
  "wolfmeat.cooked": "Gegrilltes Wolfsfleisch",
  "wolfmeat.raw": "Rohes Wolfsfleisch",
  "wolfmeat.spoiled": "Verdorbenes Wolfsfleisch",
  "meat.pork.burned": "Verbranntes Schweinefleisch",
  "meat.pork.cooked": "Gegrilltes Schweinefleisch",
  "meat.boar": "Rohes Schweinefleisch",
  "mushroom": "Pilz",
  "jar.pickle": "Essiggurken",
  "smallwaterbottle": "Kleine Wasserflasche",
  "waterjug": "Wasserkanister",
  "fun.bass": "Schaufel Bass",
  "fun.cowbell": "Kuhglocke",
  "drumkit": "Müllhalden-Schlagzeug-Set",
  "fun.flute": "Panflöte",
  "fun.guitar": "Akustikgitarre",
  "fun.jerrycanguitar": "Kanister-Gitarre",
  "piano": "Schubkarren-Klavier",
  "fun.tambourine": "Canbourine",
  "fun.trumpet": "Klempner-Trompete",
  "fun.tuba": "Sousaphone",
  "xylophone": "Xylobone",
  "car.key": "Autoschlüssel",
  "door.key": "Türschlüssel",
  "lock.key": "Schloss",
  "lock.code": "Codeschloss",
  "blueprintbase": "Blaupause",
  "chineselantern": "Chinesische Laterne",
  "dragondoorknocker": "Drachen Türklopfer",
  "hat.dragonmask": "Drachenmaske",
  "newyeargong": "Neujahrs Gong",
  "hat.oxmask": "Ochsenmaske",
  "hat.ratmask": "Rattenmaske",
  "lunar.firecrackers": "Böllerkette",
  "arcade.machine.chippy": "Chippy Spielautomat",
  "door.closer": "Türschließer",
  "attire.bunnyears": "Hasenohren",
  "attire.bunny.onesie": "Häschen-Strampler",
  "easterdoorwreath": "Ostertürkranz",
  "easterbasket": "Eierkorb",
  "rustige_egg_a": "Rustig? Ei - Rot",
  "rustige_egg_b": "Rustig? Ei - Blau",
  "rustige_egg_c": "Rustig? Ei - Lila",
  "rustige_egg_d": "Rustig? Ei - Elfenbein",
  "attire.nesthat": "Nesthut",
  "easter.bronzeegg": "Bronzenes Ei",
  "easter.goldegg": "Goldenes Ei",
  "easter.paintedeggs": "Bemaltes Ei",
  "easter.silveregg": "Silbernes Ei",
  "halloween.candy": "Halloween Süßigkeiten",
  "largecandles": "Großes Kerzenset",
  "smallcandles": "Kleines Kerzenset",
  "coffin.storage": "Sarg",
  "cursedcauldron": "Verfluchter Zauberkessel",
  "gravestone": "Grabstein",
  "woodcross": "Holzkreuz",
  "wall.graveyard.fence": "Friedhofszaun",
  "halloween.lootbag.large": "Großer Lootbeutel",
  "halloween.lootbag.medium": "Mittlerer Lootbeutel",
  "halloween.lootbag.small": "Kleiner Lootbeutel",
  "pumpkinbasket": "Kürbiseimer",
  "scarecrow": "Vogelscheuche",
  "skullspikes.candles": "Totenkopfpfahl",
  "skullspikes.pumpkin": "Totenkopfpfahl",
  "skullspikes": "Totenkopfpfahl",
  "skulldoorknocker": "Schädeltürklopfer",
  "skull_fire_pit": "Schädel Feuerstelle",
  "spiderweb": "Spinnennetze",
  "spookyspeaker": "Gruselige Laustsprecher",
  "halloween.surgeonsuit": "Chirurgenanzug",
  "skull.trophy.jar": "Totenkopftrophäe",
  "skull.trophy.jar2": "Totenkopftrophäe",
  "skull.trophy.table": "Totenkopftrophäe",
  "skull.trophy": "Totenkopftrophäe",
  "movembermoustachecard": "Movember Papp-Schnurrbart",
  "movembermoustache": "Movember Schnurrbart",
  "note": "Notiz",
  "skull.human": "Menschlicher Schädel",
  "abovegroundpool": "Freistehendes Schwimmbecken",
  "beachchair": "Sonnenliege",
  "beachparasol": "Sonnenschirm",
  "beachtable": "Strandtisch",
  "beachtowel": "Strandtuch",
  "boogieboard": "Boogie-Board",
  "innertube": "Schwimmreifen",
  "innertube.horse": "Schwimmreifen",
  "innertube.unicorn": "Schwimmreifen",
  "tool.instant_camera": "Sofortbildkamera",
  "paddlingpool": "Planschbecken",
  "photo": "Foto",
  "photoframe.landscape": "Landschafts-Fotorahmen",
  "photoframe.large": "Großer Fotorahmen",
  "photoframe.portrait": "Porträt-Fotorahmen",
  "sunglasses02black": "Sonnenbrille",
  "sunglasses02camo": "Sonnenbrille",
  "sunglasses02red": "Sonnenbrille",
  "sunglasses03black": "Sonnenbrille",
  "sunglasses03chrome": "Sonnenbrille",
  "sunglasses03gold": "Sonnenbrille",
  "sunglasses": "Sonnenbrille",
  "gun.water": "Wasserpistole",
  "pistol.water": "Wasserpistole",
  "twitchsunglasses": "Lila Sonnenbrille",
  "twitch.headset": "Headset",
  "hobobarrel": "Vagabundentonne",
  "door.hinged.industrial.a": "Industrietür",
  "candycaneclub": "Zuckerstangenknüppel",
  "xmas.lightstring": "Weihnachtslichter",
  "xmas.door.garland": "Festliche Girlande für den Eingang",
  "candycane": "Zuckerstange",
  "giantcandycanedecor": "Riesige Süßigkeiten-Dekoration",
  "wall.ice.wall": "Niedrige Eismauer",
  "wall.external.high.ice": "Hohe Eismauer",
  "giantlollipops": "Riesige Lutscher-Dekoration",
  "sign.neon.125x125": "Kleines Neonschild",
  "sign.neon.125x215.animated": "Mittleres animiertes Neonschild",
  "sign.neon.125x215": "Mittelgroßes Neonschild",
  "sign.neon.xl.animated": "Großes animiertes Neonschild",
  "sign.neon.xl": "Großes Neonschild",
  "pookie.bear": "Teddybär",
  "xmas.lightstring.advanced": "Weinachtsbeleuchtung Deluxe",
  "coal": "Kohle :(",
  "xmas.present.large": "Großes Geschenk",
  "xmas.present.medium": "Mittleres Geschenk",
  "xmas.present.small": "Kleines Geschenk",
  "sled.xmas": "Schlitten",
  "sled": "Schlitten",
  "snowmachine": "Schneemaschine",
  "snowball": "Schneeball",
  "snowballgun": "Schneeballwerfer",
  "snowman": "Schneemann",
  "stocking.large": "SUPER Socke",
  "stocking.small": "Kleine Socke",
  "attire.reindeer.headband": "Rentiergeweih",
  "santabeard": "Nikolaus Bart",
  "santahat": "Nikolausmütze",
  "xmas.window.garland": "Festliche Fenstergirlande",
  "wrappedgift": "Verpacktes Geschenk",
  "wrappingpaper": "Geschenkpapier",
  "xmasdoorwreath": "Weihnachtlicher Türkranz",
  "xmas.decoration.baubels": "Dekorative Christbaumkugeln",
  "xmas.decoration.candycanes": "Dekorative Plastikzuckerstangen",
  "xmas.decoration.gingerbreadmen": "Dekorative Lebkuchenmänner",
  "xmas.decoration.lights": "Lichterkette",
  "xmas.decoration.pinecone": "Dekorative Kiefernzapfen",
  "xmas.decoration.star": "Baumspitzenstern",
  "xmas.decoration.tinsel": "Dekoratives Lametta",
  "xmas.tree": "Weihnachtsbaum",
  "autoturret": "Automatischer Geschützturm",
  "flameturret": "Flammengeschütz",
  "gloweyes": "Glühende Augen",
  "ammo.rocket.sam": "FlaRak Munition",
  "samsite": "FlaRak-Stellung",
  "black.berry": "Schwarze Beere",
  "clone.black.berry": "Ein Schwarzbeeren Klon",
  "seed.black.berry": "Schwarzbeeren Samen",
  "blue.berry": "Blaue Beere",
  "clone.blue.berry": "Ein Blaubeeren Klon",
  "seed.blue.berry": "Blaubeeren Samen",
  "green.berry": "Grüne Beere",
  "clone.green.berry": "Grünbeeren Klon",
  "seed.green.berry": "Grünbeeren Samen",
  "red.berry": "Rote Beere",
  "clone.red.berry": "Rotbeeren Klon",
  "seed.red.berry": "Rotbeeren Samen",
  "white.berry": "Weiße Beere",
  "clone.white.berry": "Weißbeeren Klon",
  "seed.white.berry": "Weißbeeren Samen",
  "yellow.berry": "Gelbe Beere",
  "clone.yellow.berry": "Gelbbeeren Klon",
  "seed.yellow.berry": "Gelbbeeren Samen",
  "corn": "Mais",
  "clone.corn": "Mais Klon",
  "seed.corn": "Maissaatgut",
  "clone.hemp": "Hanf Klon",
  "seed.hemp": "Hanfsamen",
  "potato": "Kartoffel",
  "clone.potato": "Kartoffel Klon",
  "seed.potato": "Kartoffelsaatgut",
  "pumpkin": "Kürbis",
  "clone.pumpkin": "Kürbis-Pflanzen-Klon",
  "seed.pumpkin": "Kürbissamen",
  "fat.animal": "Tierfett",
  "battery.small": "Batterie - klein",
  "blood": "Blut",
  "bone.fragments": "Knochenfragmente",
  "cctv.camera": "Überwachungskamera",
  "charcoal": "Holzkohle",
  "cloth": "Stoff",
  "crude.oil": "Rohöl",
  "diesel_barrel": "Diesel Kraftstoff",
  "can.beans.empty": "Leere Bohnendose",
  "can.tuna.empty": "Leere Thunfischdose",
  "explosives": "Sprengstoff",
  "fertilizer": "Dünger",
  "gunpowder": "Schießpulver",
  "horsedung": "Pferdemist",
  "hq.metal.ore": "Hochwertiges Metallerz",
  "metal.refined": "Hochwertiges Metall",
  "leather": "Leder",
  "lowgradefuel": "Einfacher Kraftstoff",
  "metal.fragments": "Metallfragmente",
  "metal.ore": "Metallerz",
  "paper": "Papier",
  "plantfiber": "Pflanzenfaser",
  "researchpaper": "Forschungspapier",
  "water.salt": "Salzwasser",
  "scrap": "Metallschrott",
  "stones": "Steine",
  "sulfur.ore": "Schwefelerz",
  "sulfur": "Schwefel",
  "targeting.computer": "Zielcomputer",
  "water": "Wasser",
  "skull.wolf": "Wolfsschädel",
  "wood": "Holz",
  "healingtea.advanced": "Fortgeschrittener Heiltee",
  "healingtea": "Einfacher Heiltee",
  "healingtea.pure": "Reiner Heiltee",
  "maxhealthtea.advanced": "Fortgeschrittener Gesundheitstee",
  "maxhealthtea": "Einfacher Gesundheitstee",
  "maxhealthtea.pure": "Reiner Gesundheitstee",
  "oretea.advanced": "Fortgeschrittener Erztee",
  "oretea": "Einfacher Erztee",
  "oretea.pure": "Reiner Erztee",
  "radiationremovetea.advanced": "Fortgeschrittener Strahlenentfernungstee",
  "radiationremovetea": "Einfacher Strahlenentfernungstee",
  "radiationremovetea.pure": "Purer Strahlungsentfernungstee",
  "radiationresisttea.advanced": "Fortgeschrittener Strahlenschutztee",
  "radiationresisttea": "Strahlenschutztee",
  "radiationresisttea.pure": "Purer Strahlenschutztee",
  "scraptea.advanced": "Erweiterter Schrotttee",
  "scraptea": "Einfacher Schrotttee",
  "scraptea.pure": "Reiner Schrotttee",
  "woodtea.advanced": "Fortgeschrittener Holztee",
  "woodtea": "Einfacher Holztee",
  "woodtea.pure": "Purer Holztee",
  "antiradpills": "Strahlenschutz Tabletten",
  "tool.binoculars": "Fernglas",
  "explosive.timed": "Zeitgesteuerte Sprengladung",
  "tool.camera": "Kamera",
  "rf.detonator": "Funksender",
  "fishingrod.handmade": "Handgemachte Angelrute",
  "flare": "Fackel",
  "flashlight.held": "Taschenlampe",
  "geiger.counter": "Geigerzähler",
  "hosetool": "Schlauchwerkzeug",
  "jackhammer": "Presslufthammer",
  "keycard_blue": "Blaue Schlüsselkarte",
  "keycard_green": "Grüne Schlüsselkarte",
  "keycard_red": "Rote Schlüsselkarte",
  "largemedkit": "Großer Verbandskasten",
  "map": "Landkarte",
  "syringe.medical": "Medizinische Spritze",
  "rf_pager": "Funkmelder",
  "building.planner": "Bauplan",
  "grenade.smoke": "Rauchgranate",
  "supply.signal": "Versorgungssignal",
  "surveycharge": "Bodenproben Sprengladung",
  "wiretool": "Kabelwerkzeug",
  "vehicle.chassis.2mod": "Kleines Chassis",
  "vehicle.chassis.3mod": "Mittleres Chassis",
  "vehicle.chassis.4mod": "Großes Chassis",
  "vehicle.chassis": "Standard Fahrzeug-Chassis",
  "vehicle.1mod.cockpit": "Cockpit Fahrzeugmodul",
  "vehicle.1mod.cockpit.armored": "Gepanzertes Cockpit-Fahrzeug-Modul",
  "vehicle.1mod.cockpit.with.engine": "Cockpit mit Motor Fahrzeugmodul",
  "vehicle.1mod.engine": "Motor Fahrzeugmodul",
  "vehicle.1mod.flatbed": "Pritschen Fahrzeugmodul",
  "vehicle.1mod.passengers.armored": "Gepanzertes Passagier-Fahrzeug Modul",
  "vehicle.1mod.rear.seats": "Fahrzeugmodul für Rücksitze",
  "vehicle.1mod.storage": "Lager Fahrzeugmodul",
  "vehicle.1mod.taxi": "Taxi Fahrzeugmodul",
  "vehicle.2mod.flatbed": "Großes Pritschenfahrzeugmodul",
  "vehicle.2mod.fuel.tank": "Kraftstofftank Fahrzeugmodul",
  "vehicle.2mod.passengers": "Passagier Fahrzeugmodul",
  "vehicle.module": "Generisches Fahrzeugmodul",
  "telephone": "Telefon",
  "weapon.mod.8x.scope": "16x Zielfernrohr",
  "weapon.mod.flashlight": "Waffenlicht",
  "weapon.mod.holosight": "Reflexvisier",
  "weapon.mod.lasersight": "Laservisier",
  "weapon.mod.muzzleboost": "Rückstoßverstärker",
  "weapon.mod.muzzlebrake": "Mündungsbremse",
  "weapon.mod.simplesight": "Einfaches handgemachtes Visier",
  "weapon.mod.silencer": "Schalldämpfer",
  "weapon.mod.small.scope": "8x Zielfernrohr",
  "rifle.ak": "Sturmgewehr",
  "bandage": "Verband",
  "grenade.beancan": "Bohnendosen-Granate",
  "rifle.bolt": "Karabiner Gewehr",
  "bone.club": "Knochen-Keule",
  "knife.bone": "Knochenmesser",
  "bow.hunting": "Jagdbogen",
  "cakefiveyear": "Geburtstagstorte",
  "chainsaw": "Kettensäge",
  "salvaged.cleaver": "Provisorisches Hackbeil",
  "bow.compound": "Compoundbogen",
  "crossbow": "Armbrust",
  "shotgun.double": "Doppelläufige Schrotflinte",
  "pistol.eoka": "Eoka Pistole",
  "grenade.f1": "F1 Handgranate",
  "flamethrower": "Flammenwerfer",
  "multiplegrenadelauncher": "Mehrfach Granatwerfer",
  "knife.butcher": "Schlachtermesser",
  "pitchfork": "Mistgabel",
  "sickle": "Sichel",
  "hammer": "Hammer",
  "hatchet": "Axt",
  "knife.combat": "Kampfmesser",
  "rifle.l96": "L96 Gewehr",
  "rifle.lr300": "LR-300 Sturmgewehr",
  "lmg.m249": "M249",
  "rifle.m39": "M39 Gewehr",
  "pistol.m92": "M92 Pistole",
  "mace": "Keule",
  "machete": "Machete",
  "smg.mp5": "MP5A4",
  "pistol.nailgun": "Nagelpistole",
  "paddle": "Paddel",
  "pickaxe": "Spitzhacke",
  "shotgun.waterpipe": "Wasserrohr-Schrotflinte",
  "pistol.python": "Python Revolver",
  "pistol.revolver": "Revolver",
  "rock": "Stein",
  "rocket.launcher": "Raketenwerfer",
  "axe.salvaged": "Provisorische Axt",
  "hammer.salvaged": "Provisorischer Hammer",
  "icepick.salvaged": "Provisorischer Eispickel",
  "explosive.satchel": "Sprengladung",
  "shotgun.pump": "Pumpgun",
  "pistol.semiauto": "Halbautomatische Pistole",
  "rifle.semiauto": "Halbautomatisches Gewehr",
  "smg.2": "Selbstgebaute MP",
  "shotgun.spas12": "Spas-12 Schrotflinte",
  "stonehatchet": "Steinbeil",
  "stone.pickaxe": "Stein Spitzhacke",
  "spear.stone": "Steinspeer",
  "longsword": "Langschwert",
  "salvaged.sword": "Provisorisches Schwert",
  "smg.thompson": "Thompson",
  "toolgun": "Garry's Mod Tool Gun",
  "torch": "Fackel",
  "bucket.water": "Wassereimer",
  "spear.wooden": "Holzspeer",
  "horse.armor.roadsign": "Verkehrsschild-Pferderüstung",
  "horse.armor.wood": "Hölzerne Pferderüstung",
  "horse.saddle": "Pferdesattel",
  "horse.saddlebag": "Satteltasche",
  "horse.shoes.advanced": "Hochwertige Hufeisen",
  "horse.shoes.basic": "Einfache Hufeisen"
}