{
  "hat.wolf": "Περικεφαλαία λύκου",
  "fogmachine": "Fogger-3000",
  "strobelight": "Strobe Light",
  "kayak": "Καγιάκ",
  "minihelicopter.repair": "MC repair",
  "scraptransportheli.repair": "ScrapTransportHeliRepair",
  "workcart": "Work Cart",
  "ammo.grenadelauncher.buckshot": "40 χιλιοστά σφαίρας κυνηγετικού όπλου",
  "ammo.grenadelauncher.he": "40 χιλιοστά χειροβομβίδας μεγάλης έκρηξης",
  "ammo.grenadelauncher.smoke": "Χειροβομβίδα καπνού 40 χιλιοστών",
  "arrow.hv": "Βέλος υψηλής ταχύτητας",
  "arrow.wooden": "Ξύλινο βέλος",
  "arrow.bone": "Κοκάλινο Βέλος",
  "arrow.fire": "Βέλος Φωτιάς",
  "ammo.handmade.shell": "Χειροποίητος κάλυκας",
  "ammo.nailgun.nails": "Καρφιά",
  "ammo.pistol": "Σφαίρα πιστολιού",
  "ammo.pistol.fire": "Εμπρηστική σφαίρα πιστολιού",
  "ammo.pistol.hv": "HV πυρομαχικά πιστολιού",
  "ammo.rifle": "Πυρομαχικά 5.56 χιλιοστών",
  "ammo.rifle.explosive": "Εκρηκτικά πυρομαχικά 5.56mm",
  "ammo.rifle.incendiary": "Εμπρηστικά πυρομαχικά 5.56 χιλιοστών",
  "ammo.rifle.hv": "HV πυρομαχικά 5.56mm",
  "ammo.rocket.basic": "Ρουκέτα",
  "ammo.rocket.fire": "Εμπρηστική ρουκέτα",
  "ammo.rocket.hv": "HV ρουκέτα",
  "ammo.rocket.smoke": "Ρουκέτα καπνού WIP!!!!",
  "ammo.shotgun": "Φυσίγγι διασποράς 12 χιλιοστών",
  "ammo.shotgun.fire": "12 βαλβίδα πυρακτώσεως μετρητή",
  "ammo.shotgun.slug": "Μονόβολο φυσίγγι 12 χιλιοστών",
  "door.double.hinged.metal": "Διπλή λαμαρινένια πόρτα",
  "door.double.hinged.toptier": "Διπλή θωρακισμένη πόρτα",
  "door.double.hinged.wood": "Διπλή ξύλινη πόρτα",
  "door.hinged.metal": "Λαμαρινένια πόρτα",
  "door.hinged.toptier": "Θωρακισμένη πόρτα",
  "door.hinged.wood": "Ξύλινη πόρτα",
  "floor.grill": "Σχάρα δαπέδου",
  "floor.ladder.hatch": "Καταπακτή με σκάλα",
  "floor.triangle.grill": "Γκριλ τριγώνου δαπέδου",
  "floor.triangle.ladder.hatch": "Τρίγωνο σκάλα",
  "gates.external.high.stone": "Ψηλή εξωτερική πέτρινη πύλη",
  "gates.external.high.wood": "Ψηλή εξωτερική ξύλινη πύλη",
  "ladder.wooden.wall": "Ξύλινη σκάλα",
  "wall.external.high.stone": "Ψηλό εξωτερικό πέτρινο τείχος",
  "wall.external.high": "Ψηλό εξωτερικό ξύλινο τείχος",
  "wall.frame.cell.gate": "Πύλη κελιού φυλακής",
  "wall.frame.cell": "Τείχος κελιού φυλακής",
  "wall.frame.fence.gate": "Πύλη πλέγματος",
  "wall.frame.fence": "Πλέγμα Περίφραξης",
  "wall.frame.garagedoor": "Garage Door",
  "wall.frame.netting": "Δικτυωμα",
  "wall.frame.shopfront": "Βιτρίνα",
  "wall.frame.shopfront.metal": "Μεταλική Φάτσα Καταστήματος",
  "wall.window.bars.metal": "Μεταλλικές μπάρες παραθύρου",
  "wall.window.bars.toptier": "Reinforced Glass Window",
  "wall.window.bars.wood": "Ξύλινες μπάρες παραθύρου",
  "shutter.metal.embrasure.a": "Μεταλλική οριζόντια πολεμίστρα",
  "shutter.metal.embrasure.b": "Μεταλλική κάθετη πολεμίστρα",
  "wall.window.glass.reinforced": "Strengthened Glass Window",
  "shutter.wood.a": "Ξύλινα παντζούρια",
  "watchtower.wood": "Watch Tower",
  "diving.fins": "Βατραχοπέδιλα",
  "diving.mask": "Μάσκα κατάδυσεων",
  "diving.tank": "Δεξαμενή οξυγόνου ",
  "diving.wetsuit": "Στολή δύτη",
  "boots.frog": "Μπότες Βάτραχου",
  "barrelcostume": "Κοστούμι βαρέλι",
  "cratecostume": "Κοστούμι με την μορφή κουτιού",
  "hat.gas.mask": "Gas Mask",
  "burlap.gloves.new": "Πάνινα Γάντια",
  "burlap.gloves": "Δερμάτινα γάντια",
  "roadsign.gloves": "Roadsign Gloves",
  "tactical.gloves": "Tactical Gloves",
  "ghostsheet": "Κοστούμι φαντάσματος",
  "halloween.mummysuit": "Στολή μούμια",
  "scarecrow.suit": "Scarecrow Suit",
  "scarecrowhead": "Scarecrow Wrap",
  "attire.hide.helterneck": "Δερμάτινο μπούστο",
  "hat.beenie": "Σκουφάκι",
  "hat.boonie": "Σκουφάκι",
  "bucket.helmet": "Κράνος από κουβά",
  "burlap.headwrap": "Κουκούλα από λινάτσα",
  "hat.candle": "Καπέλο με κερί",
  "hat.cap": "Καπέλο του μπέιζμπολ",
  "clatter.helmet": "Κράνος Clatter",
  "coffeecan.helmet": "Κράνος από κουτί καφέ",
  "deer.skull.mask": "Κράνος οστών",
  "heavy.plate.helmet": "Κράνος Βαριάς Πλάκας",
  "hat.miner": "Καπέλο ανθρακωρύχου",
  "partyhat": "Καπέλο για πάρτι",
  "riot.helmet": "Κράνος",
  "wood.armor.helmet": "Wood Armor Helmet",
  "hoodie": "Φούτερ",
  "bone.armor.suit": "Πανοπλία από οστά",
  "heavy.plate.jacket": "Μπουφάν Βαριάς Πλάκας",
  "jacket.snow": "Snow Jacket",
  "jacket": "Μπουφάν",
  "wood.armor.jacket": "Ξύλινη Πανοπλία Θώρακα",
  "mask.balaclava": "Αυτοσχέδια μπαλακλάβα",
  "mask.bandana": "Μπαντάνα μάσκα",
  "metal.facemask": "Μεταλλική μάσκα προσώπου",
  "nightvisiongoggles": "Γυαλιά νυχτερινής όρασης",
  "burlap.trousers": "Λινό παντελόνι",
  "heavy.plate.pants": "Παντελόνια βαριάς πλάκας",
  "attire.hide.pants": "Δερμάτινο παντελόνι",
  "roadsign.kilt": "Κιλτ από Πινακίδες",
  "pants.shorts": "Σορτς",
  "wood.armor.pants": "Ξύλινη Πανοπλία Ποδιών",
  "pants": "Παντελόνι",
  "attire.hide.poncho": "Δερμάτινο πόντσο",
  "burlap.shirt": "Λινό μπλουζάκι",
  "shirt.collared": "Μπλουζάκι",
  "attire.hide.vest": "Δερμάτινο γιλέκο",
  "shirt.tanktop": "Φανελάκι",
  "shoes.boots": "Μπότες",
  "burlap.shoes": "Λινά παπούτσια",
  "attire.hide.boots": "Δερμάτινες μπότες",
  "attire.hide.skirt": "Δερμάτινη φούστα",
  "attire.banditguard": "Εργαλείο Bandit Guard",
  "hazmatsuit": "Hazmat Suit",
  "hazmatsuit_scientist": "Κοστούμι Επιστήμονα",
  "hazmatsuit_scientist_peacekeeper": "Κοστούμι Επιστήμονα",
  "hazmatsuit.spacesuit": "Space Suit",
  "scientistsuit_heavy": "Heavy Scientist Suit",
  "jumpsuit.suit": "Jumpsuit",
  "tshirt.long": "Μακρυμάνικη μπλούζα",
  "tshirt": "Μπλουζάκι",
  "metal.plate.torso": "Μεταλλική πλάκα θώρακος",
  "roadsign.jacket": "Σακάκι Πινακίδων",
  "bleach": "Λευκαντικό",
  "ducttape": "Κολλητική ταινία",
  "carburetor1": "Καρμπυρατέρ χαμηλής ποιότητας",
  "carburetor2": "Καρμπυρατέρ μεσαίας ποιότητας",
  "carburetor3": "Καρμπυρατέρ υψηλής ποιότητας",
  "crankshaft1": "Στροφαλοφόρος άξονας χαμηλής ποιότητας",
  "crankshaft2": "Στροφαλοφόρος άξονας μεσαίας ποιότητας",
  "crankshaft3": "Στροφαλοφόρος άξονας υψηλής ποιότητας",
  "piston1": "Έμβολα χαμηλής ποιότητας",
  "piston2": "Medium Quality Pistons",
  "piston3": "High Quality Pistons",
  "sparkplug1": "Low Quality Spark Plugs",
  "sparkplug2": "Medium Quality Spark Plugs",
  "sparkplug3": "High Quality Spark Plugs",
  "valve1": "Low Quality Valves",
  "valve2": "Medium Quality Valves",
  "valve3": "High Quality Valves",
  "fuse": "Ασφάλεια ρεύματος",
  "gears": "Γρανάζια",
  "glue": "Κόλλα",
  "metalblade": "Μεταλλική λεπίδα",
  "metalpipe": "Μεταλλικός σωλήνας",
  "propanetank": "Κενή φιάλη προπανίου",
  "roadsigns": "Πινακίδες δρόμου",
  "rope": "Σχοινί",
  "sewingkit": "Σετ ραπτικής",
  "sheetmetal": "Λαμαρίνα",
  "metalspring": "Μεταλλικό ελατήριο",
  "sticks": "Sticks",
  "tarp": "Αδιάβροχο",
  "techparts": "Τεχνολογικά σκουπίδια",
  "riflebody": "Σώμα Τουφεκιού",
  "semibody": "Ημιαυτόματο σώμα",
  "smgbody": "Σώμα SMG",
  "barricade.concrete": "Τσιμεντένιο οδόφραγμα",
  "barricade.wood.cover": "Ξύλινο κάλυμμα οδοφράγματος",
  "barricade.metal": "Μεταλλικό φράγμα",
  "barricade.sandbags": "Οδόφραγμα από σακιά με άμμο",
  "barricade.stone": "Πέτρινο οδόφραγμα",
  "barricade.wood": "Ξύλινο οδόφραγμα",
  "barricade.woodwire": "Αγκαθωτό ξύλινο οδόφραγμα",
  "bbq": "Μπάρμπεκιου",
  "trap.bear": "Παγίδα αρκούδας",
  "bed": "Κρεβάτι",
  "campfire": "Φωτιά",
  "ceilinglight": "Φωτιστικό οροφής",
  "chair": "Καρέκλα",
  "composter": "Κομποστοποιητής",
  "computerstation": "Σταθμός Υπολογιστών",
  "drone": "Drone",
  "dropbox": "Πλαίσιο απόρριψης",
  "elevator": "Ασανσέρ",
  "fireplace.stone": "Πέτρινο Τζάκι",
  "firework.boomer.blue": "Μπλέ Πυροτέχνημα",
  "firework.boomer.champagne": "Champagne Boomer",
  "firework.boomer.green": "Green Boomer",
  "firework.boomer.orange": "Orange Boomer",
  "firework.boomer.red": "Red Boomer",
  "firework.boomer.violet": "Violet Boomer",
  "firework.romancandle.blue": "Μπλε Ρωμαϊκό Κερί",
  "firework.romancandle.green": "Πράσινο Ρωμαϊκό Κερί",
  "firework.romancandle.red": "Κόκκινο Ρωμαϊκό Κερί",
  "firework.romancandle.violet": "Βιολετί Ρωμαϊκό Κερί",
  "firework.volcano": "Λευκό ηφαίστειο πυροτέχνημα",
  "firework.volcano.red": "Πυροτέχνημα Κόκκινου Ηφαιστείου ",
  "firework.volcano.violet": "Violet Volcano Firework",
  "spikes.floor": "Ξύλινα καρφιά εδάφους",
  "fridge": "Ψυγείο",
  "furnace.large": "Μεγάλο καμίνι",
  "furnace": "Κλίβανος",
  "hitchtroughcombo": "Αναποδογυρίσ",
  "habrepair": "Hab Repair",
  "jackolantern.angry": "Jack O Lantern Θυμωμένος",
  "jackolantern.happy": "Jack O Lantern Happy",
  "trap.landmine": "Νάρκη",
  "lantern": "Φανάρι",
  "box.wooden.large": "Μεγάλο ξύλινο κουτί",
  "water.barrel": "Βαρέλι νερού",
  "locker": "Ντουλάπι",
  "mailbox": "Γραμματοκιβώτιο",
  "mixingtable": "Πίνακας ανάμιξης",
  "modularcarlift": "Modular Car Lift",
  "mining.pumpjack": "Αντλία πετρελαίου",
  "small.oil.refinery": "Μικρό διυλιστήριο πετρελαίου",
  "planter.large": "Μεγάλη γλάστρα",
  "planter.small": "Μεγάλη γλάστρα",
  "electric.audioalarm": "Συναγερμός ήχου",
  "smart.alarm": "Smart Alarm",
  "smart.switch": "Smart Switch",
  "storage.monitor": "Storage Monitor",
  "electric.battery.rechargable.large": "Μεγάλη επαναφορτιζόμενη μπαταρία",
  "electric.battery.rechargable.medium": "Μεσαία επαναφορτιζόμενη μπαταρία",
  "electric.battery.rechargable.small": "Μικρή επαναφορτιζόμενη μπαταρία",
  "electric.button": "Κουμπί",
  "electric.counter": "Μετρητής",
  "electric.hbhfsensor": "Αισθητήρας HBHF",
  "electric.laserdetector": "Ανιχνευτής λέιζερ",
  "electric.pressurepad": "Pressure Pad",
  "electric.doorcontroller": "Ελεγκτής πόρτας",
  "electric.heater": "Ηλεκτρικός Θερμαντήρας",
  "fluid.combiner": "Συνδυαστής υγρών",
  "fluid.splitter": "Διαχωριστής υγρών",
  "fluid.switch": "Fluid Switch & Pump",
  "electric.andswitch": "AND διακόπτης",
  "electric.blocker": "Αποκλεισμός",
  "electrical.branch": "Ηλεκτρική Υποκατάστημα",
  "electrical.combiner": "Root Combiner",
  "electrical.memorycell": "Κελί μνήμης",
  "electric.orswitch": "OR Switch",
  "electric.random.switch": "Διακόπτης RAND",
  "electric.rf.broadcaster": "Ραδιοφωνικός σταθμός",
  "electric.rf.receiver": "Δέκτη ραδιοσυχνοτήτων",
  "electric.xorswitch": "XOR Switch",
  "electric.fuelgenerator.small": "Μικρή γεννήτρια",
  "electric.generator.small": "Test Generator",
  "electric.solarpanel.large": "Large Solar Panel",
  "electric.igniter": "Αναπτύρας",
  "electric.flasherlight": "Φως φλας",
  "electric.simplelight": "Simple Light",
  "electric.sirenlight": "Σειρήνα φωτός",
  "powered.water.purifier": "Ηλεκτρικός καθαριστής νερού",
  "electric.switch": "Switch",
  "electric.splitter": "Splitter",
  "electric.sprinkler": "Ψεκαστήρας",
  "electric.teslacoil": "Ηλεκτρικό Πηνίο",
  "electric.timer": "Timer",
  "electric.cabletunnel": "Καλωδιομένη Σήραγγα",
  "waterpump": "Water Pump",
  "mining.quarry": "Λατομείο εξόρυξης",
  "target.reactive": "Επανενεργοποίηση στόχου",
  "box.repair.bench": "Πάγκος επισκευής",
  "research.table": "Πάγκος έρευνας",
  "rug.bear": "Δέρμα αρκούδας χαλιού",
  "rug": "Χαλί",
  "searchlight": "Φως αναζήτησης",
  "secretlabchair": "Secret Lab Chair",
  "shelves": "Αυτοσχέδια ράφια",
  "sign.hanging.banner.large": "Μεγάλο κρεμασμένο πανό",
  "sign.hanging": "Κρεμαστή πινακίδα δύο όψεων",
  "sign.hanging.ornate": "Κρεμαστή περίτεχνη πινακίδα δύο όψεων",
  "sign.pictureframe.landscape": "Κορνίζα τοπίο",
  "sign.pictureframe.portrait": "Πορτρέτο κορνίζας",
  "sign.pictureframe.tall": "Ψηλή κορνίζα",
  "sign.pictureframe.xl": "XL Κορνίζα",
  "sign.pictureframe.xxl": "XXL κορνίζα",
  "sign.pole.banner.large": "Μεγάλο πανό σε στύλο",
  "sign.post.double": "Διπλή πινακίδα",
  "sign.post.single": "Μονή πινακίδα",
  "sign.post.town": "Πινακίδα μονής όψης",
  "sign.post.town.roof": "Πινακίδα διπλής όψης",
  "sign.wooden.huge": "Τεράστια ξύλινη πινακίδα",
  "sign.wooden.large": "Μεγάλη ξύλινη πινακίδα",
  "sign.wooden.medium": "Medium Wooden Sign",
  "sign.wooden.small": "Μικρή ξύλινη πινακίδα",
  "guntrap": "Παγίδα καραμπίνας",
  "sleepingbag": "Υπνόσακος",
  "stash.small": "Μικρό τσαντάκι",
  "sofa": "Sofa",
  "spinner.wheel": "Spinning wheel",
  "fishtrap.small": "Παγίδα ψαριών",
  "table": "Τραπέζι",
  "workbench1": "Πάγκος εργασίας επιπέδου 1",
  "workbench2": "Πάγκος εργασίας επιπέδου 2",
  "workbench3": "Πάγκος εργασίας επιπέδου 3",
  "cupboard.tool": "Ντουλάπα εργαλείων",
  "tunalight": "Tuna Can Lamp",
  "vending.machine": "Μηχάνημα αυτόματης πώλησης",
  "water.catcher.large": "Μεγάλος υδροσυλλέκτης",
  "water.catcher.small": "Μικρός υδροσυλλέκτης",
  "water.purifier": "Καθαριστής νερού",
  "generator.wind.scrap": "Ανεμογεννήτρια",
  "box.wooden": "Ξύλινο κουτί αποθήκευσης",
  "apple": "Μήλο",
  "apple.spoiled": "Σάπιο μήλο",
  "black.raspberries": "Μαύρα βατόμουρα",
  "blueberries": "Μπλέ μούρα",
  "botabag": "Ασκός",
  "cactusflesh": "Σάρκα κάκτου",
  "can.beans": "Κονσέρβα φασολιών",
  "can.tuna": "Κονσέρβα τόνου",
  "chocholate": "Μπάρα σοκολάτας",
  "fish.cooked": "Ψημένο ψάρι",
  "fish.raw": "Ωμό ψάρι",
  "fish.minnows": "Μαριδάκι",
  "fish.troutsmall": "Μικρή πέστροφα",
  "granolabar": "Μπάρα δημητριακών",
  "chicken.burned": "Καμένο κοτόπουλο",
  "chicken.cooked": "Μαγειρεμένο κοτόπουλο",
  "chicken.raw": "Στήθος κοτόπουλο",
  "chicken.spoiled": "Χαλασμένο κοτόπουλο",
  "deermeat.burned": "Καμένο Κρέας Ελαφιού",
  "deermeat.cooked": "Μαγειρεμένο Κρέας Ελαφιού",
  "deermeat.raw": "Ωμό Κρέας Ελαφιού",
  "horsemeat.burned": "Κατεψυγμένο κρέας αλόγου",
  "horsemeat.cooked": "Μαγειρεμένο αλόγειο κρέας",
  "horsemeat.raw": "Πρώτο κρέας αλόγων",
  "humanmeat.burned": "Καμένο ανθρώπινο κρέας",
  "humanmeat.cooked": "Ψημένο ανθρώπινο κρέας",
  "humanmeat.raw": "Ανθρώπινο κρέας",
  "humanmeat.spoiled": "Χαλασμένο ανθρώπινο κρέας",
  "bearmeat.burned": "Καμένο κρέας αρκούδας",
  "bearmeat.cooked": "Μαγειρεμένο Κρέας Αρκούδας",
  "bearmeat": "Ωμό κρέας αρκούδας",
  "wolfmeat.burned": "Burnt Wolf Meat",
  "wolfmeat.cooked": "Cooked Wolf Meat",
  "wolfmeat.raw": "Raw Wolf Meat",
  "wolfmeat.spoiled": "Spoiled Wolf Meat",
  "meat.pork.burned": "Καμένο κρέας χοίρου",
  "meat.pork.cooked": "Ψημένο κρέας χοίρου",
  "meat.boar": "Ωμό κρέας χοίρου",
  "mushroom": "Μανιτάρι",
  "jar.pickle": "Τυριά",
  "smallwaterbottle": "Μπουκαλάκι με νερό",
  "waterjug": "Κανάτα με Νερό",
  "fun.bass": "Φτυάρι μπάσο",
  "fun.cowbell": "Κουδούνα",
  "drumkit": "Junkyard Drum Kit",
  "fun.flute": "Παν Φλάουτο",
  "fun.guitar": "Ακουστική κιθάρα",
  "fun.jerrycanguitar": "Jerry Can κιθάρα",
  "piano": "Wheelbarrow Piano",
  "fun.tambourine": "τενεκεδοντέφι",
  "fun.trumpet": "Τρομπέτα υδραυλικού",
  "fun.tuba": "Σουζάφωνο",
  "xylophone": "Xylobone",
  "car.key": "Κλειδί αυτοκινήτου",
  "door.key": "Κλειδί πόρτας",
  "lock.key": "Κλειδαριά",
  "lock.code": "Κλειδαριά με κωδικό",
  "blueprintbase": "Σχεδιάγραμμα",
  "chineselantern": "Κινεζικό φανάρι",
  "dragondoorknocker": "Δρόμος Knocker",
  "hat.dragonmask": "Μάσκα δράκου",
  "newyeargong": "New Year Gong",
  "hat.oxmask": "Ox Mask",
  "hat.ratmask": "Μάσκα αρουραίου",
  "lunar.firecrackers": "Σχοινί Πύροτεχνηματων",
  "arcade.machine.chippy": "Chippy Arcade παιχνιδι",
  "door.closer": "Αυτόματο μηχάνημα κλείσιμου πόρτας",
  "attire.bunnyears": "Αφτιά Λαγού",
  "attire.bunny.onesie": "Στολή Λαγού",
  "easterdoorwreath": "Πορτοκαλί πόρτα στεφάνι",
  "easterbasket": "Καλάθι με αυγά",
  "rustige_egg_a": "Rustig? Egg - Red",
  "rustige_egg_b": "Rustig? Egg - Blue",
  "rustige_egg_c": "Rustig? Egg - Purple",
  "rustige_egg_d": "Rustig? Egg - Ivory",
  "attire.nesthat": "Καπέλο φωλιά ",
  "easter.bronzeegg": "Χάλκινο αυγό",
  "easter.goldegg": "Χρυσό αυγό",
  "easter.paintedeggs": "Βαμμένο αυγό",
  "easter.silveregg": "Ασημένιο αυγό",
  "halloween.candy": "Αποκριάτικη καραμέλα",
  "largecandles": "Μεγάλο σετ κεριών",
  "smallcandles": "Small Candle Set",
  "coffin.storage": "Φέρετρο",
  "cursedcauldron": "Καταραμένο καζάνι",
  "gravestone": "Ταφόπετρα",
  "woodcross": "Wooden Cross",
  "wall.graveyard.fence": "Graveyard Fence",
  "halloween.lootbag.large": "Μεγάλο ξύλινο κουτί",
  "halloween.lootbag.medium": "Μεσαία τσάντα",
  "halloween.lootbag.small": "Μικρή τσάντα",
  "pumpkinbasket": "Pumpkin Bucket",
  "scarecrow": "Scarecrow",
  "skullspikes.candles": "Skull Spikes",
  "skullspikes.pumpkin": "Skull Spikes",
  "skullspikes": "Skull Spikes",
  "skulldoorknocker": "Skull Door Knocker",
  "skull_fire_pit": "Skull Fire Pit",
  "spiderweb": "Spider Webs",
  "spookyspeaker": "Spooky Speaker",
  "halloween.surgeonsuit": "Χειρουργός",
  "skull.trophy.jar": "Skull Trophy",
  "skull.trophy.jar2": "Skull Trophy",
  "skull.trophy.table": "Skull Trophy",
  "skull.trophy": "Skull Trophy",
  "movembermoustachecard": "Card Movember Moustache",
  "movembermoustache": "Movember μουστάκι",
  "note": "Σημείωση",
  "skull.human": "Ανθρώπινο κρανίο",
  "abovegroundpool": "Πισίνα πάνω από το έδαφος",
  "beachchair": "Καρέκλα παραλίας",
  "beachparasol": "Ομπρέλα παραλίας",
  "beachtable": "Τραπέζι παραλίας",
  "beachtowel": "Πετσέτα θαλλάσης",
  "boogieboard": "Σανίδα Boogie",
  "innertube": "Εσωτερικός σωλήνας",
  "innertube.horse": "Εσωτερικός σωλήνας",
  "innertube.unicorn": "Εσωτερικός σωλήνας",
  "tool.instant_camera": "Instant Camera",
  "paddlingpool": "Paddling Pool",
  "photo": "Φωτογραφία",
  "photoframe.landscape": "Landscape Photo Frame",
  "photoframe.large": "Large Photo Frame",
  "photoframe.portrait": "Portrait Photo Frame",
  "sunglasses02black": "Sunglasses",
  "sunglasses02camo": "Sunglasses",
  "sunglasses02red": "Sunglasses",
  "sunglasses03black": "Sunglasses",
  "sunglasses03chrome": "Sunglasses",
  "sunglasses03gold": "Sunglasses",
  "sunglasses": "Sunglasses",
  "gun.water": "Όπλο Νερού",
  "pistol.water": "Πιστόλι νερού",
  "twitchsunglasses": "Purple Sunglasses",
  "twitch.headset": "Headset",
  "hobobarrel": "Χόμπο Βαρέλι",
  "door.hinged.industrial.a": "Βιομηχανική Πόρτα",
  "candycaneclub": "Ζαχαρωτό ρόπαλο",
  "xmas.lightstring": "Χριστουγεννιάτικα λαμπάκια",
  "xmas.door.garland": "Festive Doorway Garland",
  "candycane": "Μπαστούνι καραμέλας",
  "giantcandycanedecor": "Τεράστιο ζαχαρωτό στόλισμα",
  "wall.ice.wall": "Short Ice Wall",
  "wall.external.high.ice": "High Ice Wall",
  "giantlollipops": "Τεράστια διακοσμητικά γλειφιτζούρια",
  "sign.neon.125x125": "Small Neon Sign",
  "sign.neon.125x215.animated": "Medium Animated Neon Sign",
  "sign.neon.125x215": "Medium Neon Sign",
  "sign.neon.xl.animated": "Large Animated Neon Sign",
  "sign.neon.xl": "Large Neon Sign",
  "pookie.bear": "Αρκουδάκι",
  "xmas.lightstring.advanced": "Deluxe Christmas Lights",
  "coal": "Κάρβουνο :(",
  "xmas.present.large": "Μεγάλο δώρο",
  "xmas.present.medium": "Μέτριο δώρο",
  "xmas.present.small": "Μικρό δώρο",
  "sled.xmas": "Sled",
  "sled": "Sled",
  "snowmachine": "Snow Machine",
  "snowball": "Χιονόμπαλα",
  "snowballgun": "Snowball Gun",
  "snowman": "Χιονάνθρωπος",
  "stocking.large": "SUPER Stocking",
  "stocking.small": "Small Stocking",
  "attire.reindeer.headband": "Αντέρνες ταράνδου",
  "santabeard": "Santa Beard",
  "santahat": "Santa Hat",
  "xmas.window.garland": "Festive Window Garland",
  "wrappedgift": "Wrapped Gift",
  "wrappingpaper": "Wrapping Paper",
  "xmasdoorwreath": "Christmas Door Wreath",
  "xmas.decoration.baubels": "Decorative Baubels",
  "xmas.decoration.candycanes": "Decorative Plastic Candy Canes",
  "xmas.decoration.gingerbreadmen": "Decorative Gingerbread Men",
  "xmas.decoration.lights": "Tree Lights",
  "xmas.decoration.pinecone": "Decorative Pinecones",
  "xmas.decoration.star": "Star Tree Topper",
  "xmas.decoration.tinsel": "Decorative Tinsel",
  "xmas.tree": "Christmas Tree",
  "autoturret": "Αυτόματος πυργίσκος",
  "flameturret": "Πυργίσκος φλογοβόλο",
  "gloweyes": "Λαμπερά μάτια",
  "ammo.rocket.sam": "Πυρομαχικά για SAM",
  "samsite": "SAM Site",
  "black.berry": "Μαύρο μούρο",
  "clone.black.berry": "Kλώνος Μαύρου Μούρου",
  "seed.black.berry": "Black Berry Seed",
  "blue.berry": "Μπλέ μούρο",
  "clone.blue.berry": "Κλώνος Μπλέ Μούρου",
  "seed.blue.berry": "Blue Berry Seed",
  "green.berry": "Πράσινο μούρο",
  "clone.green.berry": "Κλώνος Πράσινου Μούρου",
  "seed.green.berry": "Green Berry Seed",
  "red.berry": "Red Berry",
  "clone.red.berry": "Κλώνος Kόκκινού Μούρου",
  "seed.red.berry": "Red Berry Seed",
  "white.berry": "White Berry",
  "clone.white.berry": "Κλώνος Άσπρου Μούρου",
  "seed.white.berry": "White Berry Seed",
  "yellow.berry": "Yellow Berry",
  "clone.yellow.berry": "Kλώνος Κίτρινου Μούρου",
  "seed.yellow.berry": "Yellow Berry Seed",
  "corn": "Καλαμπόκι",
  "clone.corn": "Κλώνος καλαμποκιού",
  "seed.corn": "Σπόρος καλαμποκιού",
  "clone.hemp": "Κλώνος κάνναβης",
  "seed.hemp": "Σπόρος κάνναβης",
  "potato": "Πατάτα",
  "clone.potato": "Κλωνο πατάτας",
  "seed.potato": "Potato Seed",
  "pumpkin": "Κολοκύθα",
  "clone.pumpkin": "Κλώνος φυτού κολοκύθας",
  "seed.pumpkin": "Σπόρος κολοκύθας",
  "fat.animal": "Ζωικό λίπος",
  "battery.small": "Μικρή μπαταρία",
  "blood": "Αίμα",
  "bone.fragments": "Θραύσματα οστών",
  "cctv.camera": "CCTV κάμερα",
  "charcoal": "Κάρβουνο",
  "cloth": "Ύφασμα",
  "crude.oil": "Αργό πετρέλαιο",
  "diesel_barrel": "Καύσιμο πετρελαίου",
  "can.beans.empty": "Άδεια κονσέρβα φασολιών",
  "can.tuna.empty": "Άδεια κονσέρβα τόνου",
  "explosives": "Εκρηκτικά",
  "fertilizer": "Λίπασμα",
  "gunpowder": "Πυρίτιδα",
  "horsedung": "Horse Dung",
  "hq.metal.ore": "Υψηλής ποιότητας μετάλλευμα",
  "metal.refined": "Υψηλής ποιότητας μέταλλο",
  "leather": "Δέρμα",
  "lowgradefuel": "Χαμηλής ποιότητας καύσιμο",
  "metal.fragments": "Μεταλλικά θραύσματα",
  "metal.ore": "Μετάλλευμα σιδήρου",
  "paper": "Χαρτί",
  "plantfiber": "Plant Fiber",
  "researchpaper": "Χαρτί έρευνας",
  "water.salt": "Θαλασσινό Νερό",
  "scrap": "Scrap",
  "stones": "Πέτρες",
  "sulfur.ore": "Μετάλλευμα θείου",
  "sulfur": "Sulfur",
  "targeting.computer": "Υπολογιστής στόχευσης",
  "water": "Νερό",
  "skull.wolf": "Κρανίο λύκου",
  "wood": "Ξύλο",
  "healingtea.advanced": "Προηγμένο τσάι θεραπείας",
  "healingtea": "Βασικό Θεραπευτικό Τσάι",
  "healingtea.pure": "Καθαρό Θεραπευτικό Τσάι",
  "maxhealthtea.advanced": "Advanced Max Health Tea",
  "maxhealthtea": "Basic Max Health Tea",
  "maxhealthtea.pure": "Pure Max Health Tea",
  "oretea.advanced": "Προηγμένο τσάι μεταλλεύματος",
  "oretea": "Βασικό τσάι μεταλλεύματος",
  "oretea.pure": "Τσάι καθαρού μεταλλεύματος",
  "radiationremovetea.advanced": "Advanced Rad. Removal Tea",
  "radiationremovetea": "Rad. Removal Tea",
  "radiationremovetea.pure": "Pure Rad. Removal Tea",
  "radiationresisttea.advanced": "Adv. Anti-Rad Tea",
  "radiationresisttea": "Anti-Rad Tea",
  "radiationresisttea.pure": "Pure Anti-Rad Tea",
  "scraptea.advanced": "Advanced Scrap Tea",
  "scraptea": "Basic Scrap Tea",
  "scraptea.pure": "Pure Scrap Tea",
  "woodtea.advanced": "Advanced Wood Tea",
  "woodtea": "Basic Wood Tea",
  "woodtea.pure": "Pure Wood Tea",
  "antiradpills": "Αντιραδιενεργά χάπια",
  "tool.binoculars": "Κυάλια",
  "explosive.timed": "Εκρηκτικά με χρονόμετρο",
  "tool.camera": "Φωτογραφική μηχανή",
  "rf.detonator": "RF Transmitter",
  "fishingrod.handmade": "Χειροποίητη ράβδος αλιείας",
  "flare": "Φωτοβολίδα",
  "flashlight.held": "Φακός",
  "geiger.counter": "Μετρητής Geiger",
  "hosetool": "Εργαλείο σωλήνα",
  "jackhammer": "Jackhammer",
  "keycard_blue": "Μπλε κάρτα-κλειδί",
  "keycard_green": "Πράσινη κάρτα-κλειδί",
  "keycard_red": "Κόκκινη κάρτα-κλειδί",
  "largemedkit": "Μεγάλο ιατρικό κουτί",
  "map": "Χάρτης",
  "syringe.medical": "Ιατρική σύριγγα",
  "rf_pager": "RF Pager",
  "building.planner": "Σχέδιο οικοδόμησης",
  "grenade.smoke": "Χειροβομβίδα καπνού",
  "supply.signal": "Supply Signal",
  "surveycharge": "Survey Charge",
  "wiretool": "Wire Tool",
  "vehicle.chassis.2mod": "Small Chassis",
  "vehicle.chassis.3mod": "Medium Chassis",
  "vehicle.chassis.4mod": "Large Chassis",
  "vehicle.chassis": "Generic vehicle chassis",
  "vehicle.1mod.cockpit": "Cockpit Vehicle Module",
  "vehicle.1mod.cockpit.armored": "Armored Cockpit Vehicle Module",
  "vehicle.1mod.cockpit.with.engine": "Cockpit With Engine Vehicle Module",
  "vehicle.1mod.engine": "Engine Vehicle Module",
  "vehicle.1mod.flatbed": "Flatbed Vehicle Module",
  "vehicle.1mod.passengers.armored": "Armored Passenger Vehicle Module",
  "vehicle.1mod.rear.seats": "Rear Seats Vehicle Module",
  "vehicle.1mod.storage": "Storage Vehicle Module",
  "vehicle.1mod.taxi": "Taxi Vehicle Module",
  "vehicle.2mod.flatbed": "Large Flatbed Vehicle Module",
  "vehicle.2mod.fuel.tank": "Fuel Tank Vehicle Module",
  "vehicle.2mod.passengers": "Passenger Vehicle Module",
  "vehicle.module": "Generic vehicle module",
  "telephone": "Τηλέφωνο",
  "weapon.mod.8x.scope": "16x Zoom Scope",
  "weapon.mod.flashlight": "Weapon flashlight",
  "weapon.mod.holosight": "Holosight",
  "weapon.mod.lasersight": "Στόχαστρο λέιζερ όπλου",
  "weapon.mod.muzzleboost": "Muzzle Boost",
  "weapon.mod.muzzlebrake": "Muzzle Brake",
  "weapon.mod.simplesight": "Simple Handmade Sight",
  "weapon.mod.silencer": "Σιγαστήρας",
  "weapon.mod.small.scope": "8x Zoom Scope",
  "rifle.ak": "Αυτόματο Τουφέκι",
  "bandage": "Επίδεσμος",
  "grenade.beancan": "Αυτοσχέδια χειροβομβίδα",
  "rifle.bolt": "Τουφέκι ακροβολιστή",
  "bone.club": "Κοκάλινο ρόπαλο",
  "knife.bone": "Κοκάλινο μαχαίρι",
  "bow.hunting": "Κυνηγετικό τόξο",
  "cakefiveyear": "Τούρτα γεννεθλείων",
  "chainsaw": "Αλυσοπρίονο",
  "salvaged.cleaver": "Salvaged Cleaver",
  "bow.compound": "Σύνθετο Τόξο",
  "crossbow": "Βαλλίστρα",
  "shotgun.double": "Δικανη καραμπίνα",
  "pistol.eoka": "Πιστόλι Eoka",
  "grenade.f1": "Χειροβομβίδα F1",
  "flamethrower": "Φλογοβόλο",
  "multiplegrenadelauncher": "Multiple Grenade Launcher",
  "knife.butcher": "Χασαπομάχαιρο",
  "pitchfork": "Pitchfork",
  "sickle": "Sickle",
  "hammer": "Σφυρί",
  "hatchet": "Τσεκούρι",
  "knife.combat": "Μαχαίρι μάχης",
  "rifle.l96": "Τουφέκι L96",
  "rifle.lr300": "LR-300 τουφέκι",
  "lmg.m249": "M249",
  "rifle.m39": "Μ39 τουφέκι",
  "pistol.m92": "Πιστόλι M92",
  "mace": "Ρόπαλο",
  "machete": "Ματσέτα",
  "smg.mp5": "MP5A4",
  "pistol.nailgun": "Nailgun",
  "paddle": "Paddle",
  "pickaxe": "Αξίνα",
  "shotgun.waterpipe": "Καραμπίνα από υδροσωλήνα",
  "pistol.python": "Python Revolver",
  "pistol.revolver": "Περίστροφο",
  "rock": "Πέτρα",
  "rocket.launcher": "Εκτοξευτής ρουκέτας",
  "axe.salvaged": "Αυτοσχέδιο Τσεκούρι",
  "hammer.salvaged": "Αυτοσχέδιο σφυρί",
  "icepick.salvaged": "Αυτοσχέδιος παγοθραύστης",
  "explosive.satchel": "Σάκος εκρηκτικών",
  "shotgun.pump": "Καραμπίνα",
  "pistol.semiauto": "Ήμι-αυτόματο πιστόλι",
  "rifle.semiauto": "Ημιαυτόματη καραμπίνα",
  "smg.2": "Αυτοσχέδιο όπλο τύπου SMG",
  "shotgun.spas12": "Spas-12 Shotgun",
  "stonehatchet": "Stone Hatchet",
  "stone.pickaxe": "Stone Pickaxe",
  "spear.stone": "Πέτρινο δόρυ",
  "longsword": "Σπαθί",
  "salvaged.sword": "Salvaged Sword",
  "smg.thompson": "Thompson",
  "toolgun": "Garry's Mod Tool Gun",
  "torch": "Πυρσός",
  "bucket.water": "Κουβάς νερού",
  "spear.wooden": "Ξύλινο δόρυ",
  "horse.armor.roadsign": "Πανοπλία αλόγου φτιαγμένη απο πινακίδες",
  "horse.armor.wood": "Ξύλινη πανοπλία αλόγου",
  "horse.saddle": "Σέλα αλόγου",
  "horse.saddlebag": "Δισάκι",
  "horse.shoes.advanced": "Πέταλα υψηλής ποιότητας",
  "horse.shoes.basic": "Βασικά πέταλα αλόγου"
}