{
  "hat.wolf": "Coiffe tête de loup",
  "fogmachine": "Fogger-3000",
  "strobelight": "Lumière stroboscopique",
  "kayak": "Kayak",
  "minihelicopter.repair": "Réparation Minicoptère",
  "scraptransportheli.repair": "ScrapTransportHeliRepair",
  "submarineduo": "Sous-marin Duo",
  "submarinesolo": "Sous-marin Solo",
  "workcart": "Chariot de travail",
  "ammo.grenadelauncher.buckshot": "Chevrotine de 40mm",
  "ammo.grenadelauncher.he": "Grenade explosive 40mm",
  "ammo.grenadelauncher.smoke": "Grenade fumigène 40mm",
  "arrow.hv": "Flèche à haute vélocité",
  "arrow.wooden": "Flèche en bois",
  "arrow.bone": "Flèche en os",
  "arrow.fire": "Flèche inflammable",
  "ammo.handmade.shell": "Cartouche artisanale",
  "ammo.nailgun.nails": "Clous",
  "ammo.pistol": "Balle de pistolet",
  "ammo.pistol.fire": "Balle incendiaire pour pistolet",
  "ammo.pistol.hv": "Balle haute vélocité",
  "ammo.rifle": "Munition de calibre 5,56",
  "ammo.rifle.explosive": "Munition explosive de calibre 5,56",
  "ammo.rifle.incendiary": "Munition incendiaire de calibre 5,56",
  "ammo.rifle.hv": "Munition de calibre 5,56 haute vélocité",
  "ammo.rocket.basic": "Roquette",
  "ammo.rocket.fire": "Roquette incendiaire",
  "ammo.rocket.hv": "Roquette haute vélocité",
  "ammo.rocket.smoke": "Roquette fumigène (en développement !!!!)",
  "ammo.shotgun": "Chevrotine de calibre 12",
  "ammo.shotgun.fire": "Cartouche incendiaire de calibre 12",
  "ammo.shotgun.slug": "Cartouche de calibre 12",
  "speargun.spear": "Arbalète",
  "submarine.torpedo.straight": "Torpille directe",
  "door.double.hinged.metal": "Double porte en tôle",
  "door.double.hinged.toptier": "Double porte blindée",
  "door.double.hinged.wood": "Double porte en bois",
  "door.hinged.metal": "Porte en tôle",
  "door.hinged.toptier": "Porte blindée",
  "door.hinged.wood": "Porte en bois",
  "floor.grill": "Grille de plancher",
  "floor.ladder.hatch": "Trappe à échelle",
  "floor.triangle.grill": "Grille triangulaire au sol",
  "floor.triangle.ladder.hatch": "Trappe à échelle triangulaire",
  "gates.external.high.stone": "Grand portail extérieur en pierre",
  "gates.external.high.wood": "Grand portail extérieur en bois",
  "ladder.wooden.wall": "Échelle en bois",
  "wall.external.high.stone": "Muraille en pierre",
  "wall.external.high": "Haut mur extérieur en bois",
  "wall.frame.cell.gate": "Porte de cellule de prison",
  "wall.frame.cell": "Barreaux de cellule de prison",
  "wall.frame.fence.gate": "Porte de clôture grillagée",
  "wall.frame.fence": "Clôture grillagée",
  "wall.frame.garagedoor": "Porte de garage",
  "wall.frame.netting": "Filet",
  "wall.frame.shopfront": "Façade de magasin",
  "wall.frame.shopfront.metal": "Devanture en métal",
  "wall.window.bars.metal": "Barreaux de fenêtre métalliques",
  "wall.window.bars.toptier": "Fenêtre en verre renforcé",
  "wall.window.bars.wood": "Barreaux de fenêtre en bois",
  "shutter.metal.embrasure.a": "Embrasure horizontale métallique",
  "shutter.metal.embrasure.b": "Embrasure métallique verticale",
  "wall.window.glass.reinforced": "Fenêtre en verre renforcé",
  "shutter.wood.a": "Volets en bois",
  "watchtower.wood": "Tour de guet",
  "diving.fins": "Palmes de plongée",
  "diving.mask": "Masque de plongée",
  "diving.tank": "Bouteille de plongée",
  "diving.wetsuit": "Combinaison",
  "boots.frog": "Bottes grenouille",
  "barrelcostume": "Un costume de baril",
  "cratecostume": "Costume de Caisse",
  "hat.gas.mask": "Masque à gaz",
  "burlap.gloves.new": "Gants en tissu",
  "burlap.gloves": "Gants en cuir",
  "roadsign.gloves": "Gants en panneaux routiers",
  "tactical.gloves": "Gants tactiques",
  "ghostsheet": "Costume de fantôme",
  "halloween.mummysuit": "Costume de Momie",
  "scarecrow.suit": "Costume d'Épouvantail",
  "scarecrowhead": "Chapeau d'épouvantail",
  "attire.hide.helterneck": "Dos-nu en cuir",
  "hat.beenie": "Bonnet",
  "hat.boonie": "Bob",
  "bucket.helmet": "Casque-seau",
  "burlap.headwrap": "Turban en toile",
  "hat.candle": "Chapeau-bougie",
  "hat.cap": "Casquette de baseball",
  "clatter.helmet": "Casque Clatter",
  "coffeecan.helmet": "Casque boîte à café",
  "deer.skull.mask": "Casque en os",
  "heavy.plate.helmet": "Casque en tôles lourdes",
  "hat.miner": "Casque de mineur",
  "partyhat": "Chapeau de fête",
  "riot.helmet": "Casque anti-émeute",
  "wood.armor.helmet": "Casque d'armure en bois",
  "hoodie": "Sweat à capuche",
  "bone.armor.suit": "Armure en os",
  "heavy.plate.jacket": "Veste en plaques lourdes",
  "jacket.snow": "Manteau de ski",
  "jacket": "Veste",
  "wood.armor.jacket": "Plastron en bois",
  "mask.balaclava": "Cagoule improvisée",
  "mask.bandana": "Bandana",
  "metal.facemask": "Masque en métal",
  "nightvisiongoggles": "Lunettes de vision nocturne",
  "attire.ninja.suit": "Tenue de Ninja",
  "burlap.trousers": "Pantalon en tissu",
  "heavy.plate.pants": "Pantalon en tôles lourdes",
  "attire.hide.pants": "Pantalon en peau",
  "roadsign.kilt": "Kilt en panneaux de signalisation",
  "pants.shorts": "Pantacourt",
  "wood.armor.pants": "Jambières en bois",
  "pants": "Pantalon",
  "attire.hide.poncho": "Poncho en peau",
  "burlap.shirt": "Chemise en toile",
  "shirt.collared": "Chemise",
  "attire.hide.vest": "Gilet en peau",
  "shirt.tanktop": "Débardeur",
  "shoes.boots": "Bottes",
  "burlap.shoes": "Chaussures en toile",
  "attire.hide.boots": "Bottes en peau",
  "attire.hide.skirt": "Jupe en cuir",
  "attire.banditguard": "Équipement de Garde des Bandits",
  "hazmatsuit": "Combinaison antiradiation",
  "hazmatsuit_scientist": "Combinaison de scientifique",
  "hazmatsuit_scientist_peacekeeper": "Combinaison de scientifique",
  "hazmatsuit.spacesuit": "Combinaison spatiale",
  "scientistsuit_heavy": "Combinaison de scientifique lourde",
  "jumpsuit.suit.blue": "Combinaison bleue",
  "jumpsuit.suit": "Combinaison",
  "tshirt.long": "Tee-shirt à manches longues",
  "tshirt": "Tee-shirt",
  "metal.plate.torso": "Plastron en métal",
  "roadsign.jacket": "Veste en panneaux de signalisation",
  "bleach": "Décolorant",
  "ducttape": "Ruban adhésif",
  "carburetor1": "Carburateur de basse qualité ",
  "carburetor2": "Carburateur de qualité moyenne",
  "carburetor3": "Carburateur haute qualité ",
  "crankshaft1": "Vilebrequin de basse qualité ",
  "crankshaft2": "Vilebrequin de moyenne qualité ",
  "crankshaft3": "Vilebrequin de haute qualité ",
  "piston1": "Pistons de basse qualité ",
  "piston2": "Pistons de moyenne qualité ",
  "piston3": "Pistons de haute qualité ",
  "sparkplug1": "Bougies de mauvaise qualité",
  "sparkplug2": "Bougies de qualité moyenne ",
  "sparkplug3": "Bougies de haute qualité",
  "valve1": "Vannes de mauvaise qualité",
  "valve2": "Vannes de qualité moyenne",
  "valve3": "Vannes de haute qualité",
  "fuse": "Fusible électrique",
  "gears": "Engrenages",
  "glue": "Colle",
  "metalblade": "Lame métallique",
  "metalpipe": "Tuyau métallique",
  "propanetank": "Réservoir de propane vide",
  "roadsigns": "Panneaux routiers",
  "rope": "Corde",
  "sewingkit": "Kit de couture",
  "sheetmetal": "Tôle",
  "metalspring": "Ressort en métal",
  "sticks": "Bâtons",
  "tarp": "Bâche",
  "techparts": "Circuits imprimés",
  "riflebody": "Corps de fusil",
  "semibody": "Corps d'arme semi-automatique",
  "smgbody": "Corps de SMG",
  "barricade.concrete": "Barricade en béton",
  "barricade.wood.cover": "Housse de barricade en bois",
  "barricade.metal": "Barricade métallique",
  "barricade.sandbags": "Barricade en sacs de sable",
  "barricade.stone": "Barricade en pierre",
  "barricade.wood": "Barricade en bois",
  "barricade.woodwire": "Barricade en bois barbelée",
  "bbq": "Barbecue",
  "trap.bear": "Piège à ours",
  "bed": "Lit",
  "campfire": "Feu de camp",
  "cardtable": "Table à cartes",
  "ceilinglight": "Plafonnier",
  "chair": "Chaise",
  "composter": "Composteur",
  "computerstation": "Station informatique",
  "drone": "Drone",
  "dropbox": "Caisse de dépôt",
  "elevator": "Ascenseur",
  "fireplace.stone": "Cheminée en pierre",
  "firework.boomer.blue": "Boomer bleu",
  "firework.boomer.champagne": "Boomer en Champagne",
  "firework.boomer.green": "Boomer vert",
  "firework.boomer.orange": "Boomer orange",
  "firework.boomer.red": "Boomer rouge",
  "firework.boomer.violet": "Boomer violet",
  "firework.romancandle.blue": "Bougie Romaine Bleue",
  "firework.romancandle.green": "Bougie Romaine Verte",
  "firework.romancandle.red": "Bougie Romaine Rouge",
  "firework.romancandle.violet": "Bougie Romaine Violette",
  "firework.volcano": "Feu d'Artifice Volcan Blanc",
  "firework.volcano.red": "Feu d'Artifice Volcan Rouge",
  "firework.volcano.violet": "Feu d'Artifice Volcan Violet",
  "spikes.floor": "Piques en bois au sol",
  "fridge": "Réfrigérateur",
  "furnace.large": "Grand fourneau",
  "furnace": "Four",
  "hitchtroughcombo": "Attelage et auge",
  "habrepair": "Réparation montgolfière",
  "jackolantern.angry": "Citrouille-lanterne en colère",
  "jackolantern.happy": "Citrouille-lanterne souriante",
  "trap.landmine": "Mine terrestre",
  "lantern": "Lanterne",
  "box.wooden.large": "Grande caisse en bois",
  "water.barrel": "Baril d'eau",
  "locker": "Casier",
  "mailbox": "Boîte aux lettres",
  "mixingtable": "Table de mélange",
  "modularcarlift": "Ascenseur modulaire de voiture",
  "mining.pumpjack": "Chevalet de pompage",
  "small.oil.refinery": "Petite raffinerie de pétrole",
  "planter.large": "Grande jardinière",
  "planter.small": "Petite jardinière",
  "electric.audioalarm": "Alarme sonore",
  "smart.alarm": "Alarme intelligente",
  "smart.switch": "Interrupteur intelligent",
  "storage.monitor": "Moniteur de stockage",
  "electric.battery.rechargable.large": "Grande batterie rechargeable",
  "electric.battery.rechargable.medium": "Batterie rechargeable moyenne",
  "electric.battery.rechargable.small": "Petite batterie rechargeable",
  "electric.button": "Bouton",
  "electric.counter": "Compteur",
  "electric.hbhfsensor": "Capteur RcRHP",
  "electric.laserdetector": "Détecteur laser",
  "electric.pressurepad": "Bloc de pression",
  "electric.doorcontroller": "Contrôleur de porte",
  "electric.heater": "Chauffage électrique",
  "fluid.combiner": "Combineur de fluides",
  "fluid.splitter": "Séparateur de fluides",
  "fluid.switch": "Interrupteur fluide et pompe",
  "electric.andswitch": "Commutateur ET",
  "electric.blocker": "Bloqueur",
  "electrical.branch": "Embranchement électrique",
  "electrical.combiner": "Combinateur de sources",
  "electrical.memorycell": "Cellule mémoire",
  "electric.orswitch": "Commutateur OU",
  "electric.random.switch": "Commutateur ALÉATOIRE",
  "electric.rf.broadcaster": "Diffuseur de RF",
  "electric.rf.receiver": "Récepteur de RF",
  "electric.xorswitch": "Commutateur OU-exclusif",
  "electric.fuelgenerator.small": "Petit générateur",
  "electric.generator.small": "Générateur de test",
  "electric.solarpanel.large": "Grand panneau solaire",
  "electric.igniter": "Allumeur",
  "electric.flasherlight": "Lumière clignotante",
  "electric.simplelight": "Lumière simple",
  "electric.sirenlight": "Lumière de sirène",
  "powered.water.purifier": "Purificateur d'eau alimenté",
  "electric.switch": "Interrupteur",
  "electric.splitter": "Séparateur",
  "electric.sprinkler": "Arroseur",
  "electric.teslacoil": "Bobine Tesla",
  "electric.timer": "Minuteur",
  "electric.cabletunnel": "Tunnel de câble",
  "waterpump": "Pompe à eau",
  "mining.quarry": "Carrière d'exploitation minière",
  "target.reactive": "Cible réactive",
  "box.repair.bench": "Atelier de réparation",
  "research.table": "Table de recherche",
  "rug.bear": "Tapis en peau d'ours",
  "rug": "Tapis",
  "searchlight": "Projecteur",
  "secretlabchair": "Chaise du laboratoire secret",
  "shelves": "Étagères de récupération",
  "sign.hanging.banner.large": "Grande banderole suspendue",
  "sign.hanging": "Panneau suspendu recto-verso",
  "sign.hanging.ornate": "Panneau orné suspendu recto-verso",
  "sign.pictureframe.landscape": "Cadre photo format paysage",
  "sign.pictureframe.portrait": "Cadre photo format portrait",
  "sign.pictureframe.tall": "Grand cadre photo",
  "sign.pictureframe.xl": "Cadre photo XL",
  "sign.pictureframe.xxl": "Cadre photo XXL",
  "sign.pole.banner.large": "Grande banderole sur pied",
  "sign.post.double": "Panneau Double",
  "sign.post.single": "Panneau de signalisation simple",
  "sign.post.town": "Panneau de ville recto",
  "sign.post.town.roof": "Panneau de ville recto-verso",
  "sign.wooden.huge": "Énorme panneau en bois",
  "sign.wooden.large": "Grand panneau en bois",
  "sign.wooden.medium": "Panneau en bois",
  "sign.wooden.small": "Petit panneau en bois",
  "guntrap": "Piège fusil à pompe",
  "sleepingbag": "Sac de couchage",
  "stash.small": "Petite sacoche",
  "sofa": "Canapé",
  "spinner.wheel": "Roue",
  "fishtrap.small": "Piège à poissons",
  "table": "Table",
  "workbench1": "Établi niveau 1",
  "workbench2": "Établi niveau 2",
  "workbench3": "Établi niveau 3",
  "cupboard.tool": "Armoire à outils",
  "tunalight": "Lampe en boîte de thon",
  "vending.machine": "Distributeur automatique",
  "water.catcher.large": "Grand collecteur d'eau",
  "water.catcher.small": "Petit collecteur d'eau",
  "water.purifier": "Purificateur d'eau",
  "generator.wind.scrap": "Éolienne",
  "box.wooden": "Caisse de stockage en bois",
  "apple": "Pomme",
  "apple.spoiled": "Pomme pourrie",
  "black.raspberries": "Framboises noires",
  "blueberries": "Myrtilles",
  "botabag": "Gourde",
  "grub": "Larve",
  "worm": "Ver",
  "cactusflesh": "Chair de cactus",
  "can.beans": "Boîte de haricots",
  "can.tuna": "Boîte de thon",
  "chocholate": "Barre de chocolat",
  "fish.anchovy": "Anchois",
  "fish.catfish": "Poisson-chat",
  "fish.cooked": "Poisson cuit",
  "fish.raw": "Poisson cru",
  "fish.herring": "Hareng",
  "fish.minnows": "Carpes",
  "fish.orangeroughy": "Hoplostèthe orange",
  "fish.salmon": "Saumon",
  "fish.sardine": "Sardine",
  "fish.smallshark": "Petit Requin",
  "fish.troutsmall": "Petite truite",
  "fish.yellowperch": "Perche jaune",
  "granolabar": "Barre de céréales",
  "chicken.burned": "Poulet brûlé",
  "chicken.cooked": "Viande de poulet cuite",
  "chicken.raw": "Blanc de poulet cru",
  "chicken.spoiled": "Poulet avarié",
  "deermeat.burned": "Viande de cerf brûlée",
  "deermeat.cooked": "Viande de cerf cuite",
  "deermeat.raw": "Viande de cerf crue",
  "horsemeat.burned": "Viande de cheval brûlée",
  "horsemeat.cooked": "Viande de cheval cuite",
  "horsemeat.raw": "Viande de cheval crue",
  "humanmeat.burned": "Viande humaine brûlée",
  "humanmeat.cooked": "Viande humaine cuite",
  "humanmeat.raw": "Viande humaine crue",
  "humanmeat.spoiled": "Viande humaine avariée",
  "bearmeat.burned": "Viande d'ours brûlée",
  "bearmeat.cooked": "Viande d’ours cuite",
  "bearmeat": "Viande d'ours crue",
  "wolfmeat.burned": "Viande de loup brûlée",
  "wolfmeat.cooked": "Viande de loup cuite",
  "wolfmeat.raw": "Viande de loup crue",
  "wolfmeat.spoiled": "Viande de loup avariée",
  "meat.pork.burned": "Porc brûlé",
  "meat.pork.cooked": "Porc cuit",
  "meat.boar": "Porc cru",
  "mushroom": "Champignons",
  "jar.pickle": "Cornichons",
  "smallwaterbottle": "Petite bouteille d'eau",
  "waterjug": "Jerrican d'eau",
  "fun.bass": "Pelle Basse",
  "fun.cowbell": "Cloche de vache",
  "drumkit": "Kit de batterie du Dépotoir",
  "fun.flute": "Flûte de pan",
  "fun.guitar": "Guitare acoustique",
  "fun.jerrycanguitar": "Jerry Can Guitar",
  "piano": "Piano brouette",
  "fun.tambourine": "Cambourin",
  "fun.trumpet": "Trompette de plombier",
  "fun.tuba": "Sousaphone",
  "xylophone": "Xylobone",
  "car.key": "Clé de voiture",
  "door.key": "Clé de porte",
  "lock.key": "Verrou à clé",
  "lock.code": "Digicode",
  "blueprintbase": "Plan de fabrication",
  "chineselantern": "Lanterne chinoise",
  "dragondoorknocker": "Heurtoir de porte dragon",
  "hat.dragonmask": "Masque de dragon",
  "newyeargong": "Gong du Nouvel An",
  "hat.oxmask": "Masque de bœuf",
  "hat.ratmask": "Masque de Rat",
  "lunar.firecrackers": "Chaîne de pétard",
  "arcade.machine.chippy": "Jeu d'arcade Chippy",
  "door.closer": "Ferme-porte",
  "attire.bunnyears": "Oreilles de lapin",
  "attire.bunny.onesie": "Grenouillère lapin",
  "hat.bunnyhat": "Chapeau de lapin",
  "easterdoorwreath": "Couronne de porte de Pâques",
  "easterbasket": "Panier à œufs",
  "rustige_egg_a": "Œuf Rustigé - Rouge",
  "rustige_egg_b": "Œuf Rustigé - Bleu",
  "rustige_egg_c": "Œuf Rustigé - Violet",
  "rustige_egg_d": "Œuf Rustigé - Ivoire",
  "rustige_egg_e": "Rustig? Œuf - Vert",
  "attire.nesthat": "Chapeau nid",
  "easter.bronzeegg": "Œuf de bronze",
  "easter.goldegg": "Œuf d'or",
  "easter.paintedeggs": "Œufs peints",
  "easter.silveregg": "Œuf d'argent",
  "halloween.candy": "Bonbon d'Halloween",
  "largecandles": "Grand ensemble de bougies",
  "smallcandles": "Petit ensemble de bougies",
  "coffin.storage": "Cercueil",
  "cursedcauldron": "Chaudron maudit",
  "gravestone": "Pierre tombale",
  "woodcross": "Croix en bois",
  "wall.graveyard.fence": "Clôture de cimetière",
  "halloween.lootbag.large": "Grand Sac de Butin",
  "halloween.lootbag.medium": "Sac de Butin Moyen",
  "halloween.lootbag.small": "Petit Sac de Butin",
  "pumpkinbasket": "Panier Citrouille",
  "scarecrow": "Épouvantail",
  "skullspikes.candles": "\nPointes de crâne",
  "skullspikes.pumpkin": "\nPointes de crâne",
  "skullspikes": "\nPointes de crâne",
  "skulldoorknocker": "Heurtoir de Porte Crâne",
  "skull_fire_pit": "Fosse de crânes en feu",
  "spiderweb": "Toiles d'araignée",
  "spookyspeaker": "Haut-parleur effrayant",
  "halloween.surgeonsuit": "Blouse de Chirurgien",
  "skull.trophy.jar": "Trophée à crâne",
  "skull.trophy.jar2": "Trophée à crâne",
  "skull.trophy.table": "Trophée à crâne",
  "skull.trophy": "Trophée à crâne",
  "movembermoustachecard": "Carte moustache du Movembre",
  "movembermoustache": "Moustache du Movembre",
  "note": "Note",
  "skull.human": "Crâne humain",
  "abovegroundpool": "Piscine surélevée",
  "beachchair": "Chaise de plage",
  "beachparasol": "Parasol de plage",
  "beachtable": "Table de plage",
  "beachtowel": "Serviette de plage",
  "boogieboard": "Planche de surf",
  "innertube": "Chambre à air",
  "innertube.horse": "Chambre à air",
  "innertube.unicorn": "Chambre à air",
  "tool.instant_camera": "Polaroïd",
  "paddlingpool": "Pataugeoire",
  "photo": "Photographie",
  "photoframe.landscape": "Cadre photo format paysage",
  "photoframe.large": "Grand cadre photo",
  "photoframe.portrait": "Cadre photo à portrait",
  "sunglasses02black": "Lunettes de soleil",
  "sunglasses02camo": "Lunettes de soleil",
  "sunglasses02red": "Lunettes de soleil",
  "sunglasses03black": "Lunettes de soleil",
  "sunglasses03chrome": "Lunettes de soleil",
  "sunglasses03gold": "Lunettes de soleil",
  "sunglasses": "Lunettes de soleil",
  "gun.water": "Pistolet à eau",
  "pistol.water": "Pistolet à eau",
  "twitchsunglasses": "Lunettes de soleil violettes",
  "twitch.headset": "Casque",
  "hobobarrel": "Baril de vagabond",
  "door.hinged.industrial.a": "Porte industrielle",
  "candycaneclub": "Bâton sucre d'orge",
  "xmas.lightstring": "Guirlande de Noël",
  "xmas.door.garland": "Guirlande festive de porte",
  "candycane": "Sucre d'orge",
  "giantcandycanedecor": "Décor de bonbon géant",
  "wall.ice.wall": "Petit mur de glace",
  "wall.external.high.ice": "Mur de glace élevé",
  "giantlollipops": "Décor de sucettes géantes",
  "sign.neon.125x125": "Petit panneau à néon",
  "sign.neon.125x215.animated": "Moyenne pancarte à néon animé",
  "sign.neon.125x215": "Panneau moyen à néon",
  "sign.neon.xl.animated": "Grande pancarte à néon animé",
  "sign.neon.xl": "Grand panneau à néon",
  "pookie.bear": "Nounours Pookie",
  "xmas.lightstring.advanced": "Lumières de Noël Luxieuses",
  "coal": "Charbon :(",
  "xmas.present.large": "Grand cadeau",
  "xmas.present.medium": "Cadeau moyen",
  "xmas.present.small": "Petit cadeau",
  "sled.xmas": "Luge",
  "sled": "Luge",
  "snowmachine": "Machine à neige",
  "snowball": "Boule de neige",
  "snowballgun": "Pistolet à boules de neige",
  "snowman": "Bonhomme de neige",
  "stocking.large": "SUPER chaussette",
  "stocking.small": "Petite chaussette",
  "attire.reindeer.headband": "Bois de renne",
  "santabeard": "Barbe de père Noël",
  "santahat": "Bonnet de Père Noël",
  "xmas.window.garland": "Guirlande de fenêtre festive",
  "wrappedgift": "Cadeau emballé",
  "wrappingpaper": "Papier Cadeau",
  "xmasdoorwreath": "Couronne de porte de Noël",
  "xmas.decoration.baubels": "Boules décoratives",
  "xmas.decoration.candycanes": "Sucres d'orge décoratifs en plastique",
  "xmas.decoration.gingerbreadmen": "Hommes de pain d'épices décoratifs",
  "xmas.decoration.lights": "Illuminations de sapin de Noël",
  "xmas.decoration.pinecone": "Pommes de pin décoratives",
  "xmas.decoration.star": "Étoile de sapin",
  "xmas.decoration.tinsel": "Guirlandes décoratives",
  "xmas.tree": "Sapin de Noël",
  "autoturret": "Tourelle automatique",
  "flameturret": "Tourelle lance-flammes",
  "gloweyes": "Yeux Brillants",
  "ammo.rocket.sam": "Munition MSA",
  "samsite": "Missile anti-aérien",
  "black.berry": "Mûre",
  "clone.black.berry": "Clone de mûre",
  "seed.black.berry": "Graine de baie noire",
  "blue.berry": "Myrtille",
  "clone.blue.berry": "Clone de myrtille",
  "seed.blue.berry": "Graine de baie bleue",
  "green.berry": "Baie verte",
  "clone.green.berry": "Clone de baie verte",
  "seed.green.berry": "Graine de baie verte ",
  "red.berry": "Baie rouge",
  "clone.red.berry": "Clone de fruits rouges",
  "seed.red.berry": "Graine de baie rouge",
  "white.berry": "Baie blanche",
  "clone.white.berry": "Clone de baie blanche",
  "seed.white.berry": "Graine de baie blanche",
  "yellow.berry": "Baie jaune",
  "clone.yellow.berry": "Clone de baies jaunes",
  "seed.yellow.berry": "Graine de baie jaune",
  "corn": "Maïs",
  "clone.corn": "Bouture de maïs",
  "seed.corn": "Graines de maïs",
  "clone.hemp": "Bouture de chanvre",
  "seed.hemp": "Graine de chanvre",
  "potato": "Patate",
  "clone.potato": "Clone de patate",
  "seed.potato": "Graine de Patate",
  "pumpkin": "Citrouille",
  "clone.pumpkin": "Bouture de citrouille",
  "seed.pumpkin": "Graines de citrouille",
  "fat.animal": "Graisse animale",
  "battery.small": "Pile - Petit modèle",
  "blood": "Sang",
  "bone.fragments": "Fragments d'os",
  "cctv.camera": "Caméra de vidéosurveillance",
  "charcoal": "Charbon de bois",
  "cloth": "Tissu",
  "crude.oil": "Pétrole brut",
  "diesel_barrel": "Gazole",
  "can.beans.empty": "Boîte de haricots vide",
  "can.tuna.empty": "Boîte de thon vide",
  "explosives": "Explosifs",
  "fertilizer": "Fertilisant",
  "gunpowder": "Poudre à canon",
  "horsedung": "Excrément de cheval",
  "hq.metal.ore": "Minerai de métal de haute qualité",
  "metal.refined": "Métal de haute qualité",
  "leather": "Cuir",
  "lowgradefuel": "Carburant de basse qualité",
  "metal.fragments": "Fragments de métal",
  "metal.ore": "Minerai de Métal",
  "paper": "Papier",
  "plantfiber": "Fibre végétale",
  "researchpaper": "Plan de recherche",
  "water.salt": "Eau salée",
  "scrap": "Ferraille",
  "stones": "Pierres",
  "sulfur.ore": "Minerai de soufre",
  "sulfur": "Soufre",
  "targeting.computer": "Ordinateur de ciblage",
  "water": "Eau",
  "skull.wolf": "Crâne de loup",
  "wood": "Bois",
  "healingtea.advanced": "Thé de guérison avancé",
  "healingtea": "Thé de guérison de base",
  "healingtea.pure": "Thé de guérison pur",
  "maxhealthtea.advanced": "Thé de santé maximum avancé",
  "maxhealthtea": "Thé de santé maximum basique",
  "maxhealthtea.pure": "Thé de santé maximum pur",
  "oretea.advanced": "Thé minéral avancé",
  "oretea": "Thé de minerai basique",
  "oretea.pure": "Thé minéral pur",
  "radiationremovetea.advanced": "Thé avancé d'élimination des radiations",
  "radiationremovetea": "Thé d'élimination des radiations",
  "radiationremovetea.pure": "Thé pur d'élimination des radiations",
  "radiationresisttea.advanced": "Thé anti-radiation avancé",
  "radiationresisttea": "Thé anti-radiation",
  "radiationresisttea.pure": "Thé anti-radiation pur",
  "scraptea.advanced": "Morceau de thé avancé",
  "scraptea": "Thé de ferraille basique",
  "scraptea.pure": "Morceau de thé pur",
  "woodtea.advanced": "Thé de bois avancé",
  "woodtea": "Thé de bois basique",
  "woodtea.pure": "Thé de bois pur",
  "antiradpills": "Pilules antiradiation",
  "tool.binoculars": "Jumelles",
  "explosive.timed": "Charge explosive avec minuteur",
  "tool.camera": "Appareil photo",
  "rf.detonator": "Émetteur de RF",
  "fishingrod.handmade": "Canne à pêche artisanale",
  "flare": "Leurre",
  "flashlight.held": "Lampe torche",
  "geiger.counter": "Compteur Geiger",
  "hosetool": "Outil de tuyau",
  "jackhammer": "Marteau-piqueur",
  "keycard_blue": "Carte d'accès bleue",
  "keycard_green": "Carte d'accès verte",
  "keycard_red": "Carte d'accès rouge",
  "largemedkit": "Grande trousse de secours",
  "map": "Carte en papier",
  "syringe.medical": "Seringue médicale",
  "rf_pager": "Téléavertisseur RF",
  "building.planner": "Plan de construction",
  "grenade.smoke": "Grenade fumigène",
  "supply.signal": "Fumigène de détresse",
  "surveycharge": "Indicateur de ressources minières",
  "wiretool": "Outil câble",
  "vehicle.chassis.2mod": "Petit châssis",
  "vehicle.chassis.3mod": "Châssis moyen",
  "vehicle.chassis.4mod": "Grand châssis",
  "vehicle.chassis": "Châssis de véhicule générique",
  "vehicle.1mod.cockpit": "Module Cockpit pour véhicule",
  "vehicle.1mod.cockpit.armored": "Module de véhicule blindé de cockpit",
  "vehicle.1mod.cockpit.with.engine": "Cockpit avec module de véhicule à moteur",
  "vehicle.1mod.engine": "Module moteur pour véhicule ",
  "vehicle.1mod.flatbed": "Module de véhicule à plat",
  "vehicle.1mod.passengers.armored": "Module de véhicule passager blindé",
  "vehicle.1mod.rear.seats": "Module de véhicule pour sièges arrière",
  "vehicle.1mod.storage": "Module de véhicule de stockage",
  "vehicle.1mod.taxi": "Module de véhicule de taxi",
  "vehicle.2mod.flatbed": "Grand module de véhicule à plat",
  "vehicle.2mod.fuel.tank": "Module de véhicule de réservoir de carburant",
  "vehicle.2mod.passengers": "Module de véhicule de tourisme",
  "vehicle.module": "Module générique pour véhicule",
  "boombox": "Radiocassette",
  "fun.boomboxportable": "Radiocassette portative",
  "cassette": "Cassette - Longue",
  "cassette.medium": "Cassette - Moyenne",
  "cassette.short": "Cassette - Courte",
  "fun.casetterecorder": "Magnétophone",
  "discoball": "Boule Disco",
  "discofloor": "Plancher de discothèque",
  "discofloor.largetiles": "Plancher de discothèque",
  "connected.speaker": "Haut-parleur connecté",
  "laserlight": "Lumière laser",
  "megaphone": "Mégaphone",
  "microphonestand": "Pied de microphone",
  "mobilephone": "Téléphone portable",
  "soundlight": "Lumière sonore",
  "telephone": "Téléphone",
  "weapon.mod.8x.scope": "Lunette de zoom x16",
  "weapon.mod.flashlight": "Lampe torche",
  "weapon.mod.holosight": "Viseur point rouge",
  "weapon.mod.lasersight": "Viseur laser",
  "weapon.mod.muzzleboost": "Compensateur",
  "weapon.mod.muzzlebrake": "Frein de bouche",
  "weapon.mod.simplesight": "Viseur simple artisanal",
  "weapon.mod.silencer": "Silencieux",
  "weapon.mod.small.scope": "Lunette de zoom x8",
  "rifle.ak": "Fusil d'assaut",
  "bandage": "Bandage",
  "grenade.beancan": "Grenade boîte de haricots",
  "rifle.bolt": "Fusil à verrou",
  "bone.club": "Gourdin en os",
  "knife.bone": "Couteau en os",
  "bow.hunting": "Arc de chasse",
  "cakefiveyear": "Gâteau d'anniversaire",
  "chainsaw": "Tronçonneuse",
  "salvaged.cleaver": "Couperet de récupération",
  "bow.compound": "Arc à poulies",
  "crossbow": "Arbalète",
  "shotgun.double": "Fusil de chasse à double canon",
  "pistol.eoka": "Pistolet Eoka",
  "grenade.f1": "Grenade F1",
  "flamethrower": "Lance-flammes",
  "multiplegrenadelauncher": "Lance-Grenades Multiple",
  "knife.butcher": "Couteau de boucher",
  "pitchfork": "Fourche",
  "sickle": "Faucille",
  "hammer": "Marteau",
  "hatchet": "Hachette",
  "knife.combat": "Couteau de combat",
  "rifle.l96": "Fusil L96",
  "rifle.lr300": "Fusil d'assaut LR-300",
  "lmg.m249": "M249",
  "rifle.m39": "Fusil M39",
  "pistol.m92": "Pistolet M92",
  "mace": "Masse",
  "machete": "Machette",
  "smg.mp5": "MP5A4",
  "pistol.nailgun": "Pistolet à clous",
  "paddle": "Pagaie",
  "pickaxe": "Pioche",
  "shotgun.waterpipe": "Fusil bricolé à partir d'un tuyau",
  "pistol.python": "Révolver Python",
  "pistol.revolver": "Révolver",
  "rock": "Roche",
  "rocket.launcher": "Lance-roquettes",
  "axe.salvaged": "Hache de récupération",
  "hammer.salvaged": "Marteau de récupération",
  "icepick.salvaged": "Piolet de récupération",
  "explosive.satchel": "Sac à explosifs",
  "shotgun.pump": "Fusil à pompe",
  "pistol.semiauto": "Pistolet semi-automatique",
  "rifle.semiauto": "Fusil semi-automatique",
  "smg.2": "SMG personnalisé",
  "shotgun.spas12": "Fusil Spas-12",
  "speargun": "Harpon",
  "stonehatchet": "Hachette en pierre",
  "stone.pickaxe": "Pioche en pierre",
  "spear.stone": "Lance en pierre",
  "longsword": "Grande épée",
  "salvaged.sword": "Épée de récupération",
  "smg.thompson": "Thompson",
  "toolgun": "Tool Gun de Garry's Mod",
  "torch": "Torche",
  "bucket.water": "Seau d'eau",
  "spear.wooden": "Lance en bois",
  "horse.armor.roadsign": "Armure de cheval en panneaux de signalisation",
  "horse.armor.wood": "Armure en bois pour cheval",
  "horse.saddle": "Selle de cheval",
  "horse.saddlebag": "Sacoche de selle",
  "horse.shoes.advanced": "Fers à cheval de haute qualité",
  "horse.shoes.basic": "Fers à cheval de base"
}