{
  "hat.wolf": "Caputxa de Llop",
  "fogmachine": "Boira-3000",
  "strobelight": "Llum estroboscòpica",
  "kayak": "Caiac",
  "minihelicopter.repair": "Reparació del minicópter",
  "scraptransportheli.repair": "Reparació del helicópter de transport",
  "workcart": "Work Cart",
  "ammo.grenadelauncher.buckshot": "Cartutx d'escopeta de 40mm",
  "ammo.grenadelauncher.he": "Granada explosiva de 40mm",
  "ammo.grenadelauncher.smoke": "Granada de fum de 40mm",
  "arrow.hv": "Fletxa d'alta velocitat",
  "arrow.wooden": "Fletxa de fusta",
  "arrow.bone": "Fletxa d'òs",
  "arrow.fire": "Fletxa de foc",
  "ammo.handmade.shell": "Cartutx fet a mà",
  "ammo.nailgun.nails": "Claus",
  "ammo.pistol": "Bala de pistola",
  "ammo.pistol.fire": "Bales de pistola incendiàries",
  "ammo.pistol.hv": "Munició de pistola HV",
  "ammo.rifle": "Munició de rifle del 5.56",
  "ammo.rifle.explosive": "Munició per a rifle explosive de 5.56",
  "ammo.rifle.incendiary": "Municío incendaria de 5.56",
  "ammo.rifle.hv": "Munició de rifle HV 5.56",
  "ammo.rocket.basic": "Coet",
  "ammo.rocket.fire": "Coehet incendiari",
  "ammo.rocket.hv": "Coehet d'alta velocitat",
  "ammo.rocket.smoke": "Fum del coet (treball en procés!!!!)",
  "ammo.shotgun": "Cartutx del calibre 12",
  "ammo.shotgun.fire": "Cartutx incendiari de calibre 12",
  "ammo.shotgun.slug": "Bala del calibre 12",
  "door.double.hinged.metal": "Porta doble de xapa",
  "door.double.hinged.toptier": "Porta doble blindat",
  "door.double.hinged.wood": "Porta doble de fusta",
  "door.hinged.metal": "Porta de xapa",
  "door.hinged.toptier": "Porta blindada",
  "door.hinged.wood": "Porta de fusta",
  "floor.grill": "Sòl per a una trapa",
  "floor.ladder.hatch": "Trapa horitzontal",
  "floor.triangle.grill": "Graella triangular a terra",
  "floor.triangle.ladder.hatch": "Portella Triangular per una Escala",
  "gates.external.high.stone": "Porta externa i alta de pedra",
  "gates.external.high.wood": "Porta alta i externa de fusta",
  "ladder.wooden.wall": "Escala de fusta",
  "wall.external.high.stone": "Paret de pedra gran externa",
  "wall.external.high": "Paret de fusta gran externa",
  "wall.frame.cell.gate": "Porta de cel·la de presó",
  "wall.frame.cell": "Paret de cel·la",
  "wall.frame.fence.gate": "Porta Tanca de filferro",
  "wall.frame.fence": "Tanca de filferro",
  "wall.frame.garagedoor": "Porta de garatge",
  "wall.frame.netting": "Xarxa",
  "wall.frame.shopfront": "Front de la botiga",
  "wall.frame.shopfront.metal": "Mostrador de botiga de metall",
  "wall.window.bars.metal": "Reixes de metall",
  "wall.window.bars.toptier": "Finestra de vidre reforçada",
  "wall.window.bars.wood": "Reixes de fusta",
  "shutter.metal.embrasure.a": "Tronera horitzontal de metall",
  "shutter.metal.embrasure.b": "Tronera vertical de metall",
  "wall.window.glass.reinforced": "Finestra de vidre reforçada",
  "shutter.wood.a": "Finestra de fusta",
  "watchtower.wood": "Torre de vigilància",
  "diving.fins": "Aletes de busseig",
  "diving.mask": "Mascara de busseigar",
  "diving.tank": "Dipòsit de submarinisme",
  "diving.wetsuit": "Vestit de malla",
  "boots.frog": "Botes de granota",
  "barrelcostume": "Una disfressa de barril",
  "cratecostume": "Disfressa de calaix",
  "hat.gas.mask": "Gas Mask",
  "burlap.gloves.new": "Sabates d'arpilleria",
  "burlap.gloves": "Guants de cuir",
  "roadsign.gloves": "Guants de senyals de tráfic",
  "tactical.gloves": "Guants tàctics",
  "ghostsheet": "Disfressa de fantasma",
  "halloween.mummysuit": "Disfressa de mòmia",
  "scarecrow.suit": "Vestit d’espantaocells",
  "scarecrowhead": "Embolcall d’espantaocells",
  "attire.hide.helterneck": "Top de pell",
  "hat.beenie": "Barret de llana",
  "hat.boonie": "Barret de jungla",
  "bucket.helmet": "Casc-galleda",
  "burlap.headwrap": "Embolicalla per al cap de tela",
  "hat.candle": "Barret amb espelma",
  "hat.cap": "Barret de beisbol",
  "clatter.helmet": "Casc de Clatter",
  "coffeecan.helmet": "Casc de pot de cafè",
  "deer.skull.mask": "Casc d'os",
  "heavy.plate.helmet": "Casc de xapa gruixuda",
  "hat.miner": "Barret de Miner",
  "partyhat": "Barret de festa",
  "riot.helmet": "Casc antiavalots",
  "wood.armor.helmet": "Casc de fusta",
  "hoodie": "Dessuadora amb caputxa",
  "bone.armor.suit": "Armadura òssia",
  "heavy.plate.jacket": "Jaqueta de xapa gruixuda",
  "jacket.snow": "Jaqueta de neu",
  "jacket": "Jaqueta",
  "wood.armor.jacket": "Armilla de Fusta",
  "mask.balaclava": "Passamuntanyes improbitzat",
  "mask.bandana": "Mocador de màscara",
  "metal.facemask": "Màscara de metall",
  "nightvisiongoggles": "Ulleres de visió nocturna",
  "attire.ninja.suit": "Ninja Suit",
  "burlap.trousers": "Pantalons d'arpilleria",
  "heavy.plate.pants": "Pantalons de xapa gruixuda",
  "attire.hide.pants": "Pantalons de pell",
  "roadsign.kilt": "Faldilla de senyals de trànsit",
  "pants.shorts": "Pantalons curts",
  "wood.armor.pants": "Pantalons amb armadura de fusta",
  "pants": "Pantalons",
  "attire.hide.poncho": "Ponxo de pell",
  "burlap.shirt": "Camiseta de tela",
  "shirt.collared": "Camisa",
  "attire.hide.vest": "Armilla de pell",
  "shirt.tanktop": "Samarreta sense mànigues",
  "shoes.boots": "Botes",
  "burlap.shoes": "Sabates de tela",
  "attire.hide.boots": "Botes de pell",
  "attire.hide.skirt": "Faldilla de pell",
  "attire.banditguard": "L'armament d'un guardia bandit",
  "hazmatsuit": "Vestit de materials perillosos",
  "hazmatsuit_scientist": "Vestit de científic",
  "hazmatsuit_scientist_peacekeeper": "Vestit de científic",
  "hazmatsuit.spacesuit": "Vestit espacial",
  "scientistsuit_heavy": "Vestit de científic reforçat",
  "jumpsuit.suit": "Jumpsuit",
  "tshirt.long": "Samarreta de màniga llarga",
  "tshirt": "Samarreta",
  "metal.plate.torso": "Cuirassa pectoral metàl·lica",
  "roadsign.jacket": "Jaqueta de senyals de trànsit",
  "bleach": "Lleixiu",
  "ducttape": "Cinta adhesiva",
  "carburetor1": "Carburador de Baixa Qualitat",
  "carburetor2": "Carburador de Mitjana Qualitat",
  "carburetor3": "Carburador d'alta qualitat",
  "crankshaft1": "Cigonyal de baixa qualitat",
  "crankshaft2": "Cigonyal de qualitat mitjana",
  "crankshaft3": "Cigonyal d'alta qualitat",
  "piston1": "Pistons de baixa qualitat",
  "piston2": "Pistons de baixa qualitat",
  "piston3": "Pistons d'alta qualitat",
  "sparkplug1": "Bugies de baixa qualitat",
  "sparkplug2": "Bugies de qualitat mitjana",
  "sparkplug3": "Bugies d'alta qualitat",
  "valve1": "Vàlvules de baixa qualitat",
  "valve2": "Vàlvules de qualitat mitjana",
  "valve3": "Vàlvules d'alta qualitat",
  "fuse": "Fusible elèctric",
  "gears": "Engranatges",
  "glue": "Cola",
  "metalblade": "Fulla de metal",
  "metalpipe": "Tub metàl·lic",
  "propanetank": "Tanc de propà buit",
  "roadsigns": "Senyals de trànsit",
  "rope": "Corda",
  "sewingkit": "Kit de costura",
  "sheetmetal": "Tros de xapa",
  "metalspring": "Molla metàl·lica",
  "sticks": "Pals",
  "tarp": "Lona",
  "techparts": "Escombraries Tecnològiques",
  "riflebody": "Cos del rifle",
  "semibody": "Cos d'una semi-automàtica",
  "smgbody": "Cos d'una SMG",
  "barricade.concrete": "Barricada de formigó",
  "barricade.wood.cover": "Barricada de fusta",
  "barricade.metal": "Barricada metàl·lica",
  "barricade.sandbags": "Barricada amb sacs de sorra",
  "barricade.stone": "Barricada de pedra",
  "barricade.wood": "Barricada de fusta",
  "barricade.woodwire": "Barricada de fusta amb filferro punxant",
  "bbq": "Barbacoa",
  "trap.bear": "Trampa de pressió",
  "bed": "Llit",
  "campfire": "Foguera",
  "cardtable": "Card Table",
  "ceilinglight": "Llum de sostre",
  "chair": "Cadira",
  "composter": "Compostador",
  "computerstation": "Estació d'informàtica",
  "drone": "Drone",
  "dropbox": "Elements compartits",
  "elevator": "Ascensor",
  "fireplace.stone": "Llar de foc de pedra",
  "firework.boomer.blue": "Ok boomer\n",
  "firework.boomer.champagne": "Champagne Boomer",
  "firework.boomer.green": "Boomer verd",
  "firework.boomer.orange": "Boomer taronja",
  "firework.boomer.red": "Boomer Vermell",
  "firework.boomer.violet": "Boomer violeta",
  "firework.romancandle.blue": "Espelma Romana Blava",
  "firework.romancandle.green": "Espelma romana verda",
  "firework.romancandle.red": "Espelma Romana Vermella",
  "firework.romancandle.violet": "Espelma Romana Violeta",
  "firework.volcano": "Volcà blanc de focs artificials",
  "firework.volcano.red": "Volcà vermell de focs artificials",
  "firework.volcano.violet": "Volcà violeta de focs artificials",
  "spikes.floor": "Terra de puntxes de fusta",
  "fridge": "Nevera",
  "furnace.large": "Forn Gran",
  "furnace": "Forn",
  "hitchtroughcombo": "Cavallerisa",
  "habrepair": "Reparació d'hàbits",
  "jackolantern.angry": "Lampara de carbassa enfadada",
  "jackolantern.happy": "Llinterna de carbassa alegre",
  "trap.landmine": "Mina terrestre",
  "lantern": "Llanterna",
  "box.wooden.large": "Caixa gran de fusta",
  "water.barrel": "Barril d'aigua",
  "locker": "Armari",
  "mailbox": "Correu",
  "mixingtable": "Taula de mescles",
  "modularcarlift": "Elevador per modular vehicles",
  "mining.pumpjack": "Bomba de petroli",
  "small.oil.refinery": "Refineria de petroli petita",
  "planter.large": "Test gran",
  "planter.small": "Test petit",
  "electric.audioalarm": "Alarma acústica",
  "smart.alarm": "Alarma intel·ligent",
  "smart.switch": "Interruptor intel·ligent",
  "storage.monitor": "Monitor d'emmagatzematge",
  "electric.battery.rechargable.large": "Large Rechargeable Battery",
  "electric.battery.rechargable.medium": "Medium Rechargeable Battery",
  "electric.battery.rechargable.small": "Small Rechargeable Battery",
  "electric.button": "Botó",
  "electric.counter": "Contador",
  "electric.hbhfsensor": "Detector de claus",
  "electric.laserdetector": "Detector làser",
  "electric.pressurepad": "Coixinet de pressió",
  "electric.doorcontroller": "Controlador de portes",
  "electric.heater": "Escalfador elèctric",
  "fluid.combiner": "Combinador de fluids",
  "fluid.splitter": "Separador de fluids",
  "fluid.switch": "Clau de pas",
  "electric.andswitch": "AND Canviar",
  "electric.blocker": "Bloquejador",
  "electrical.branch": "Branca Elèctrica",
  "electrical.combiner": "Combinador d’arrels",
  "electrical.memorycell": "Cel·la de memória",
  "electric.orswitch": "Interruptor XOR",
  "electric.random.switch": "Interruptor RAND",
  "electric.rf.broadcaster": "Emisora de radiofreqüència",
  "electric.rf.receiver": "Receptor de radiofreqüència",
  "electric.xorswitch": "Interruptor XOR",
  "electric.fuelgenerator.small": "Petit generador",
  "electric.generator.small": "Generador de proves",
  "electric.solarpanel.large": "Panell solar gran",
  "electric.igniter": "encenedor",
  "electric.flasherlight": "Llum intermitent",
  "electric.simplelight": "Llum senzilla",
  "electric.sirenlight": "Sirena Llum",
  "powered.water.purifier": "Purificador d'aigua amb motor",
  "electric.switch": "Interruptor",
  "electric.splitter": "Divisor",
  "electric.sprinkler": "Aspersor",
  "electric.teslacoil": "Una bobina de Tesla",
  "electric.timer": "Temporitzador",
  "electric.cabletunnel": "Túnel de cable",
  "waterpump": "Bomba d'aigua",
  "mining.quarry": "Pedrera",
  "target.reactive": "Objectiu reactiva",
  "box.repair.bench": "Banc de reparació",
  "research.table": "Taula d'investigació",
  "rug.bear": "Catifa de pell d'ós",
  "rug": "Catifa",
  "searchlight": "Reflector",
  "secretlabchair": "Cadira secreta de laboratori",
  "shelves": "Estant de xatarra",
  "sign.hanging.banner.large": "Estandard penjant gran",
  "sign.hanging": "Cartell penjant de dues cares",
  "sign.hanging.ornate": "Cartell penjant adornat de dues cares",
  "sign.pictureframe.landscape": "Marc panoràmic",
  "sign.pictureframe.portrait": "Marc de retrat",
  "sign.pictureframe.tall": "Marc de quadre alt",
  "sign.pictureframe.xl": "Marc de quadre XL",
  "sign.pictureframe.xxl": "Marc de quadre XXL",
  "sign.pole.banner.large": "Estandard gran en un pal",
  "sign.post.double": "Pal de senyals doble",
  "sign.post.single": "Pal de senyals",
  "sign.post.town": "Senyal de carretera d'una cara",
  "sign.post.town.roof": "Senyal de carretera de dues cares",
  "sign.wooden.huge": "Cartell de fusta gegant",
  "sign.wooden.large": "Rètol de fusta llarg",
  "sign.wooden.medium": "Senyal de fusta mitjà",
  "sign.wooden.small": "Cartell de Fusta Petit",
  "guntrap": "Trampa d'escopeta",
  "sleepingbag": "Sac de dormir",
  "stash.small": "Amagatall petit",
  "sofa": "Sofà",
  "spinner.wheel": "Filosa",
  "fishtrap.small": "Trampa per peixos de supervivència",
  "table": "Taula",
  "workbench1": "Banc de treball de nivell 1",
  "workbench2": "Banc de treball de nivell 2",
  "workbench3": "Banc de treball de nivell 3",
  "cupboard.tool": "Armari d'eines",
  "tunalight": "Tonyina pot làmpada",
  "vending.machine": "Màquina expenedora",
  "water.catcher.large": "Recol·lector d'aigua gran",
  "water.catcher.small": "Recol·lector d'aigua petit",
  "water.purifier": "Purificador d'aigua",
  "generator.wind.scrap": "Turbina de vent",
  "box.wooden": "Caixa d'emmagatzematge de fusta",
  "apple": "Poma",
  "apple.spoiled": "Poma podrida",
  "black.raspberries": "Gerds negres",
  "blueberries": "Nabius",
  "botabag": "Bota",
  "cactusflesh": "Carn de cactus",
  "can.beans": "Pot de mongetes",
  "can.tuna": "Llauna de tonyina",
  "chocholate": "Barra de xocolata",
  "fish.cooked": "Peix cuit",
  "fish.raw": "Peix cru",
  "fish.minnows": "Peixets",
  "fish.troutsmall": "Truita Petita",
  "granolabar": "Barreta de cereals",
  "chicken.burned": "Pollastre Cremat",
  "chicken.cooked": "Pollastre Cuinat",
  "chicken.raw": "Pit de pollastre cru",
  "chicken.spoiled": "Pollastre podrit",
  "deermeat.burned": "Carn de Cérvol Cremada",
  "deermeat.cooked": "Carn de cérvol cuinada",
  "deermeat.raw": "Carn crua de cérvol",
  "horsemeat.burned": "Carn cremada de cavall",
  "horsemeat.cooked": "Carn de cavall cuinada",
  "horsemeat.raw": "Carn de cavall crua",
  "humanmeat.burned": "Carn Humana Cremada",
  "humanmeat.cooked": "Carn Humana Cuinada",
  "humanmeat.raw": "Carn humana crua",
  "humanmeat.spoiled": "Carn humana feta malbé",
  "bearmeat.burned": "Carn D'ós Cremada",
  "bearmeat.cooked": "Carn d'ós cuinada",
  "bearmeat": "Carn Crua D'ós",
  "wolfmeat.burned": "Carn de Llop Cremada",
  "wolfmeat.cooked": "Carn de llop cuinada",
  "wolfmeat.raw": "Carn de llop crua",
  "wolfmeat.spoiled": "Carn de llop podrida",
  "meat.pork.burned": "Carn de Porc Cremada",
  "meat.pork.cooked": "Carn de Porc cuita",
  "meat.boar": "Carn de porc crua",
  "mushroom": "Bolet",
  "jar.pickle": "Menjar en escabetx",
  "smallwaterbottle": "Ampolla d'aigua petita",
  "waterjug": "Gerra d'aigua",
  "fun.bass": "Baix de Jardiner",
  "fun.cowbell": "Esquella",
  "drumkit": "Kit de bateria de deposit de brossa",
  "fun.flute": "Flauta de pa",
  "fun.guitar": "Guitarra Acústica",
  "fun.jerrycanguitar": "Guitarra de bidó",
  "piano": "Piano de carreta",
  "fun.tambourine": "Pandereta",
  "fun.trumpet": "Trompeta de fontaner",
  "fun.tuba": "Tubaria",
  "xylophone": "Osòfon",
  "car.key": "Clau de cotxe",
  "door.key": "Clau de una porta",
  "lock.key": "Pany ",
  "lock.code": "Codi de Bloqueig",
  "blueprintbase": "Plànol",
  "chineselantern": "Fanal xinès",
  "dragondoorknocker": "Pany de porta de drac",
  "hat.dragonmask": "Màscara de drac",
  "newyeargong": "Gong d'Any Nou",
  "hat.oxmask": "Màscara de bou",
  "hat.ratmask": "Màscara de Rata",
  "lunar.firecrackers": "Cadena de petards",
  "arcade.machine.chippy": "Joc d'arcade Chippy",
  "door.closer": "Tancaportes",
  "attire.bunnyears": "Orelles de conill",
  "attire.bunny.onesie": "Conill Onesie",
  "hat.bunnyhat": "Bunny Hat",
  "easterdoorwreath": "Corona de la porta de Pasqua",
  "easterbasket": "Cistella d’ou",
  "rustige_egg_a": "Rustig? Ou - Vermell",
  "rustige_egg_b": "Ou de Rustig blau",
  "rustige_egg_c": "Rustig? Ou - Morat\n",
  "rustige_egg_d": "Rustig? Ou - Ivori\n",
  "rustige_egg_e": "Rustig? Egg - Green",
  "attire.nesthat": "Barret Niu",
  "easter.bronzeegg": "Ou de bronze",
  "easter.goldegg": "Ou d’or",
  "easter.paintedeggs": "Ou pintat",
  "easter.silveregg": "Ou de plata",
  "halloween.candy": "Llaminadures de Halloween",
  "largecandles": "Joc d'Espelmes Gran",
  "smallcandles": "Conjunt de veles petites",
  "coffin.storage": "Sarcòfag",
  "cursedcauldron": "Calderó maleït",
  "gravestone": "Làpida",
  "woodcross": "Creu de fusta",
  "wall.graveyard.fence": "Tanca del cementiri",
  "halloween.lootbag.large": "Bossa de dolços grans",
  "halloween.lootbag.medium": "Bossa de dolços mitjana",
  "halloween.lootbag.small": "Bossa de dolços petita",
  "pumpkinbasket": "Cubell de carbassa",
  "scarecrow": "Espantaocells",
  "skullspikes.candles": "Puntes de calavera",
  "skullspikes.pumpkin": "Puntes de calavera",
  "skullspikes": "Puntes de calavera",
  "skulldoorknocker": "Picar Porta del Crani",
  "skull_fire_pit": "Pila de calaveras",
  "spiderweb": "Teles d'aranya",
  "spookyspeaker": "Altaveu esgarrifós",
  "halloween.surgeonsuit": "Bata de cirurgia",
  "skull.trophy.jar": "Trofeu calavera",
  "skull.trophy.jar2": "Trofeu calavera",
  "skull.trophy.table": "Trofeu calavera",
  "skull.trophy": "Trofeu calavera",
  "movembermoustachecard": "Targeta del bigoti de Movember",
  "movembermoustache": "Bigoti Movember",
  "note": "Nota",
  "skull.human": "Crani humà",
  "abovegroundpool": "Piscina sobre la superfície. ",
  "beachchair": "Cadira de platja",
  "beachparasol": "Parasol de platja",
  "beachtable": "Taula de platja",
  "beachtowel": "Tovallola de platja",
  "boogieboard": "Taula de Bodyboard",
  "innertube": "Flotador",
  "innertube.horse": "Flotador",
  "innertube.unicorn": "Flotador",
  "tool.instant_camera": "Càmera de fotos",
  "paddlingpool": "Piscina de plàstic",
  "photo": "Fotografia",
  "photoframe.landscape": "Marc de fotos ",
  "photoframe.large": "Marc de fotos gran",
  "photoframe.portrait": "Marc de fotos de retrat",
  "sunglasses02black": "Ulleres de sol",
  "sunglasses02camo": "Ulleres de sol",
  "sunglasses02red": "Ulleres de sol",
  "sunglasses03black": "Ulleres de sol",
  "sunglasses03chrome": "Ulleres de sol",
  "sunglasses03gold": "Ulleres de sol",
  "sunglasses": "Ulleres de sol",
  "gun.water": "Pistola d'Aigua",
  "pistol.water": "Pistola d’aigua",
  "twitchsunglasses": "Ulleres de sol morades",
  "twitch.headset": "Auriculars",
  "hobobarrel": "Barril de Sense Sostre",
  "door.hinged.industrial.a": "Porta industrial",
  "candycaneclub": "Club Canya de Caramel",
  "xmas.lightstring": "Llums de Nadal",
  "xmas.door.garland": "Garlanda festiva per la porta",
  "candycane": "Bastó de caramel",
  "giantcandycanedecor": "Decoració gegant de dolços",
  "wall.ice.wall": "Mur de gel curt",
  "wall.external.high.ice": "Mur de gel alt",
  "giantlollipops": "Decoració gegant de piruleta",
  "sign.neon.125x125": "Rètol de neó petit",
  "sign.neon.125x215.animated": "Rètol animat de neó mitjà",
  "sign.neon.125x215": "Senyal de neó mitjà",
  "sign.neon.xl.animated": "Cartell gran de neó animat",
  "sign.neon.xl": "Rètol de neó gran",
  "pookie.bear": "Ós Pookie",
  "xmas.lightstring.advanced": "Llums de Nadal de luxe",
  "coal": "Carbó :(",
  "xmas.present.large": "Regal gran",
  "xmas.present.medium": "Regal mitjà",
  "xmas.present.small": "Regal Petit",
  "sled.xmas": "trineu",
  "sled": "trineu",
  "snowmachine": "Màquina de neu",
  "snowball": "Bola de neu",
  "snowballgun": "Rifle de boles de neu",
  "snowman": "Ninot de neu",
  "stocking.large": "SUPER mitjó",
  "stocking.small": "Mitjó petit",
  "attire.reindeer.headband": "Banyes de ren",
  "santabeard": "Barba de Santa",
  "santahat": "Barret del Pare Noel",
  "xmas.window.garland": "Garlanda festiva per finestres",
  "wrappedgift": "Regal embolicat",
  "wrappingpaper": "Paper de regal",
  "xmasdoorwreath": "Corona nadalenca per la porta",
  "xmas.decoration.baubels": "Boles decoratives",
  "xmas.decoration.candycanes": "Bastons de caramel de plàstic decoratius",
  "xmas.decoration.gingerbreadmen": "Galetes de pa de pessic decoratives",
  "xmas.decoration.lights": "Llums de l'arbre",
  "xmas.decoration.pinecone": "Pinyes decoratives",
  "xmas.decoration.star": "Estrella de l'arbre",
  "xmas.decoration.tinsel": "Oripell decoratiu",
  "xmas.tree": "Arbre de Nadal",
  "autoturret": "Auto-Torreta",
  "flameturret": "Torreta de flama",
  "gloweyes": "Ulls brillants",
  "ammo.rocket.sam": "Munició d'equip antiaeri",
  "samsite": "Lloc SAM",
  "black.berry": "Mora",
  "clone.black.berry": "Esqueix de Mora",
  "seed.black.berry": "Llavor de baia negra",
  "blue.berry": "Nabiu",
  "clone.blue.berry": "Esqueix de Nabiu",
  "seed.blue.berry": "Llavor de baia blava",
  "green.berry": "Agrassó",
  "clone.green.berry": "Exqueix d'Agrassó",
  "seed.green.berry": "Llavor de baia verda",
  "red.berry": "Baia vermella",
  "clone.red.berry": "Esqueix de Cirerer",
  "seed.red.berry": "Llavor de baia vermella",
  "white.berry": "Baia blanca",
  "clone.white.berry": "Esqueix de Baia Blanca",
  "seed.white.berry": "Llavor de baia blanca",
  "yellow.berry": "Baia groga",
  "clone.yellow.berry": "Clon de baies grogues",
  "seed.yellow.berry": "Llavor de baia groga",
  "corn": "Blat de moro",
  "clone.corn": "Còpia de blat",
  "seed.corn": "Llavor de Blat de Moro",
  "clone.hemp": "Còpia de cànem",
  "seed.hemp": "Llavor de Cànem",
  "potato": "Patata",
  "clone.potato": "Patata Clonada",
  "seed.potato": "Llavor de patata",
  "pumpkin": "Carbassa",
  "clone.pumpkin": "Còpia d'una planta de carabassa",
  "seed.pumpkin": "Llavor de Carbassa",
  "fat.animal": "Greix animal",
  "battery.small": "Bateria - Petita",
  "blood": "Sang",
  "bone.fragments": "Fragments d'ossos",
  "cctv.camera": "Càmera CCTV",
  "charcoal": "Carbó vegetal",
  "cloth": "Tela",
  "crude.oil": "Petroli",
  "diesel_barrel": "Combustible Diesel",
  "can.beans.empty": "Llauna de mongetes budia",
  "can.tuna.empty": "Llauna de tonyina buida",
  "explosives": "Explosius",
  "fertilizer": "Fertilitzant",
  "gunpowder": "Pólvora",
  "horsedung": "Femta de cavall",
  "hq.metal.ore": "Mineral de metall de alta cualitat",
  "metal.refined": "Metall d'alta qualitat",
  "leather": "Cuir",
  "lowgradefuel": "Combustible de baix grau",
  "metal.fragments": "Fragments de metall",
  "metal.ore": "Mena de metall",
  "paper": "Paper",
  "plantfiber": "Fibra vegetal",
  "researchpaper": "Plànol de Recerca",
  "water.salt": "\nAigua salada",
  "scrap": "Xatarra",
  "stones": "Pedres",
  "sulfur.ore": "Mineral de Sofre",
  "sulfur": "Sofre",
  "targeting.computer": "Ordenador d'apuntament",
  "water": "Aigua",
  "skull.wolf": "Crani de llop",
  "wood": "Fusta",
  "healingtea.advanced": "Te curatiu avançat",
  "healingtea": "Te curatiu bàsic",
  "healingtea.pure": "Te curatiu pur",
  "maxhealthtea.advanced": "Te avançat Max Health",
  "maxhealthtea": "Te de salut màxima bàsic",
  "maxhealthtea.pure": "Té pur de maxima vida",
  "oretea.advanced": "Te avançat de mineral",
  "oretea": "Te bàsic de mineral",
  "oretea.pure": "Te pur de mineral",
  "radiationremovetea.advanced": "Te elimina-radiació superior",
  "radiationremovetea": "Te anti-radiació",
  "radiationremovetea.pure": "Te elimina-radiació pura",
  "radiationresisttea.advanced": "Te antiradiació superior",
  "radiationresisttea": "Te antiradiació",
  "radiationresisttea.pure": "Te antiradiació pur",
  "scraptea.advanced": "Te de ferralla avançat",
  "scraptea": "Te bàsic de ferralla",
  "scraptea.pure": "Te de ferralla pur",
  "woodtea.advanced": "Te de llenyataire avançat",
  "woodtea": "Te de llenyataire bàsic",
  "woodtea.pure": "Te de llenyataire pur",
  "antiradpills": "Píndoles anti-radiació",
  "tool.binoculars": "Prismàtics",
  "explosive.timed": "Càrrega Explosiva Temporitzada",
  "tool.camera": "Càmera",
  "rf.detonator": "Transmissor de RF",
  "fishingrod.handmade": "Canya de pesca asrtesana",
  "flare": "Bengala",
  "flashlight.held": "Llanterna",
  "geiger.counter": "Comptador Geiger",
  "hosetool": "Mànega",
  "jackhammer": "Pic pneumàtic",
  "keycard_blue": "Targeta blava",
  "keycard_green": "Targeta Verda",
  "keycard_red": "Targeta vermella",
  "largemedkit": "Botiquí gran",
  "map": "Mapa de paper",
  "syringe.medical": "Xeringa mèdica",
  "rf_pager": "Cercador de RF",
  "building.planner": "Plànol de construcció",
  "grenade.smoke": "Granada de Fum",
  "supply.signal": "Senya de Subministrament",
  "surveycharge": "Carrega de prospecció",
  "wiretool": "Cable",
  "vehicle.chassis.2mod": "Xassís petit",
  "vehicle.chassis.3mod": "Xassís mitjà",
  "vehicle.chassis.4mod": "Xassís gran",
  "vehicle.chassis": "Xassís genèric",
  "vehicle.1mod.cockpit": "Mòdul de vehicle de cabina",
  "vehicle.1mod.cockpit.armored": "Mòdul de vehicle de cabina blindada",
  "vehicle.1mod.cockpit.with.engine": "Mòdul de vehicle de cabina motoritzada",
  "vehicle.1mod.engine": "Mòdul de vehicle de motor",
  "vehicle.1mod.flatbed": "Mòdul de vehicle de superfície plana",
  "vehicle.1mod.passengers.armored": "Mòdul de vehicle de passatgers blindat",
  "vehicle.1mod.rear.seats": "Mòdul de vehicle de seients del darrere",
  "vehicle.1mod.storage": "Mòdul de vehicle d’emmagatzematge",
  "vehicle.1mod.taxi": "Mòdul de vehicle de taxi",
  "vehicle.2mod.flatbed": "Mòdul de vehicle de superfície plana gran",
  "vehicle.2mod.fuel.tank": "Mòdul de vehicle de tanc de combustible",
  "vehicle.2mod.passengers": "Mòdul de vehicle de passatgers",
  "vehicle.module": "Mòdul de vehicle genèric",
  "boombox": "Boom Box",
  "fun.boomboxportable": "Portable Boom Box",
  "cassette": "Cassette - Long",
  "cassette.medium": "Cassette - Medium",
  "cassette.short": "Cassette - Short",
  "fun.casetterecorder": "Cassette Recorder",
  "discoball": "Disco Ball",
  "discofloor": "Disco Floor",
  "discofloor.largetiles": "Disco Floor",
  "connected.speaker": "Connected Speaker",
  "laserlight": "Laser Light",
  "megaphone": "Megaphone",
  "microphonestand": "Microphone Stand",
  "mobilephone": "Mobile Phone",
  "soundlight": "Sound Light",
  "telephone": "Telèfon",
  "weapon.mod.8x.scope": "Mira telescòpica d'augment x16",
  "weapon.mod.flashlight": "Llanterna per Armes",
  "weapon.mod.holosight": "Espiell",
  "weapon.mod.lasersight": "Punter Làser per a Armes",
  "weapon.mod.muzzleboost": "Impuls de boca",
  "weapon.mod.muzzlebrake": "Fre de boca",
  "weapon.mod.simplesight": "Una mira feta a mà",
  "weapon.mod.silencer": "Silenciador",
  "weapon.mod.small.scope": "Mira telescòpica d'augment x4",
  "rifle.ak": "Rifle d'Assalt",
  "bandage": "Gasa",
  "grenade.beancan": "Granada de llauna",
  "rifle.bolt": "Rifle de Forrellat",
  "bone.club": "Bastó d'ossos",
  "knife.bone": "Ganivet d'os",
  "bow.hunting": "Arc de caça",
  "cakefiveyear": "Pastís d'aniversari",
  "chainsaw": "Motoserra",
  "salvaged.cleaver": "Ganivet recuperat",
  "bow.compound": "Arc Compost",
  "crossbow": "Ballesta",
  "shotgun.double": "Escopeta de doble canó",
  "pistol.eoka": "Pistola Eoka",
  "grenade.f1": "Granada F1",
  "flamethrower": "Llançaflames",
  "multiplegrenadelauncher": "Llançador de granades múltiples",
  "knife.butcher": "Ganivet de carnisser",
  "pitchfork": "Forca",
  "sickle": "Falç",
  "hammer": "Martell",
  "hatchet": "Destral",
  "knife.combat": "Ganivet de combat",
  "rifle.l96": "Fusil L96",
  "rifle.lr300": "Rifle d'assalt LR-300",
  "lmg.m249": "M249",
  "rifle.m39": "Fusil M39",
  "pistol.m92": "Pistola M92",
  "mace": "Maça",
  "machete": "Matxet",
  "smg.mp5": "MP5A4",
  "pistol.nailgun": "Pistola de claus",
  "paddle": "Pàdel",
  "pickaxe": "Pic",
  "shotgun.waterpipe": "Escopeta Trabuc",
  "pistol.python": "Revòlver Python",
  "pistol.revolver": "Revòlver",
  "rock": "Roca",
  "rocket.launcher": "Llançacoets",
  "axe.salvaged": "Destral restaurada",
  "hammer.salvaged": "Martell recuperat",
  "icepick.salvaged": "Piolet recuperat",
  "explosive.satchel": "Bossa de Granades improvisada",
  "shotgun.pump": "Escopeta d'Acció Bombejada",
  "pistol.semiauto": "Pistola Semiautomàtica",
  "rifle.semiauto": "Rifle Semiautomàtic",
  "smg.2": "SMG Personalitzada",
  "shotgun.spas12": "Spas-12 Escopeta",
  "stonehatchet": "Destral de pedra",
  "stone.pickaxe": "Pic de Pedra",
  "spear.stone": "Llança de pedra",
  "longsword": "Espasa llarga",
  "salvaged.sword": "Espasa recuperada",
  "smg.thompson": "Thompson",
  "toolgun": "Pistola d'eines de Garry's Mod",
  "torch": "Torxa",
  "bucket.water": "Galleda d'aigua",
  "spear.wooden": "Llança de fusta",
  "horse.armor.roadsign": "Armadura de Senyals de Trànsit per Cavall",
  "horse.armor.wood": "Armadura de Fusta per Cavall",
  "horse.saddle": "Sella de Muntar",
  "horse.saddlebag": "Alforja",
  "horse.shoes.advanced": "Sabates de cavall d'alta qualitat",
  "horse.shoes.basic": "Ferradura bàsica"
}