{
  "hat.wolf": "Wilczy kaptur",
  "fogmachine": "Fogger-3000",
  "strobelight": "Światło stroboskopowe",
  "kayak": "Kajak",
  "rhib": "Łódź hybrydowa",
  "rowboat": "Kajak",
  "minihelicopter.repair": "Napraw",
  "aiming.module.mlrs": "Moduł celowniczy do MLRS",
  "mlrs": "WWR",
  "ammo.rocket.mlrs": "Rakieta gąsienicowej wyrzutni rakiet (MLRS)",
  "scraptransportheli.repair": "ScrapTransportHeliRepair",
  "snowmobile": "Skuter śnieżny",
  "snowmobiletomaha": "Skuter śnieżny Tomaha",
  "submarineduo": "Dwuosobowa łódź podwodna",
  "submarinesolo": "Pojedyncza łódź podwodna",
  "locomotive": "Lokomotywa",
  "wagon": "Wagon Kolejowy",
  "workcart": "Wózek roboczy",
  "ammo.grenadelauncher.buckshot": "Nabój 40mm do strzelby",
  "ammo.grenadelauncher.he": "Granat wybuchowy 40mm",
  "ammo.grenadelauncher.smoke": "Granat dymny 40mm",
  "arrow.hv": "Strzała o wysokiej prędkości",
  "arrow.wooden": "Drewniana strzała",
  "arrow.bone": "Kościana strzała",
  "arrow.fire": "Strzała zapalająca",
  "ammo.handmade.shell": "Nabój domowej roboty",
  "ammo.nailgun.nails": "Gwoździe do gwoździarki",
  "ammo.pistol": "Nabój do pistoletu",
  "ammo.pistol.fire": "Zapalający nabój pistoletowy",
  "ammo.pistol.hv": "Amunicja pistoletowa wysokiej prędkości",
  "ammo.rifle": "Amunicja kalibru 5.56",
  "ammo.rifle.explosive": "Wybuchowa amunicja kalibru 5.56",
  "ammo.rifle.incendiary": "Zapalająca amunicja kalibru 5.56",
  "ammo.rifle.hv": "Amunicja wysokiej prędkości kalibru 5.56",
  "ammo.rocket.basic": "Rakieta",
  "ammo.rocket.fire": "Rakieta zapalająca",
  "ammo.rocket.hv": "Rakieta wysokiej prędkości",
  "ammo.rocket.smoke": "Rakieta dymna",
  "ammo.shotgun": "Śrut kalibru 12",
  "ammo.shotgun.fire": "Zapalająca amunicja kalibru 12",
  "ammo.shotgun.slug": "Pocisk typu sabot, kalibru 12",
  "speargun.spear": "Harpun",
  "submarine.torpedo.straight": "Torpeda",
  "door.double.hinged.metal": "Podwójne blaszane drzwi",
  "door.double.hinged.toptier": "Podwójne pancerne drzwi",
  "door.double.hinged.wood": "Podwójne drewniane drzwi",
  "door.hinged.metal": "Drzwi z blachy",
  "door.hinged.toptier": "Pancerne drzwi",
  "door.hinged.wood": "Drewniane drzwi",
  "floor.grill": "Krata podłogowa",
  "floor.ladder.hatch": "Właz z drabiną",
  "floor.triangle.grill": "Trójkątna podłogowa krata",
  "floor.triangle.ladder.hatch": "Trójkątny właz z drabiną",
  "gates.external.high.stone": "Wysoka zewnętrzna brama z kamienia",
  "gates.external.high.wood": "Wysoka drewniana brama",
  "ladder.wooden.wall": "Drewniana drabina",
  "wall.external.high.stone": "Kamienny Mur",
  "wall.external.high": "Palisada",
  "wall.frame.cell.gate": "Drzwi kratowe",
  "wall.frame.cell": "Kraty więzienne",
  "wall.frame.fence.gate": "Drzwi z siatki",
  "wall.frame.fence": "Ogrodzenie z siatki drucianej",
  "wall.frame.garagedoor": "Drzwi garażowe",
  "wall.frame.netting": "Siatka",
  "wall.frame.shopfront": "Witryna sklepowa",
  "wall.frame.shopfront.metal": "Metalowa witryna sklepowa",
  "wall.window.bars.metal": "Metalowe kraty okienne",
  "wall.window.bars.toptier": "Wzmocnione okno",
  "wall.window.bars.wood": "Drewniane kraty okienne",
  "shutter.metal.embrasure.a": "Metalowa pozioma ambrazura",
  "shutter.metal.embrasure.b": "Metalowa pionowa ambrazura",
  "wall.window.glass.reinforced": "Wzmocnione szklane okno",
  "shutter.wood.a": "Drewniane okiennice",
  "watchtower.wood": "Wieża Obserwacyjna",
  "diving.fins": "Płetwy do nurkowania",
  "diving.mask": "Maska do nurkowania",
  "diving.tank": "Zbiornik do nurkowania",
  "diving.wetsuit": "Kombinezon",
  "boots.frog": "Żabie buty",
  "barrelcostume": "Kostium beczki",
  "cratecostume": "Kostium skrzyni",
  "hat.gas.mask": "Maska gazowa",
  "burlap.gloves.new": "Rękawiczki z płótna",
  "burlap.gloves": "Skórzane rękawice",
  "roadsign.gloves": "Rękawiczki ze znaków drogowych",
  "tactical.gloves": "Rękawice taktyczne",
  "ghostsheet": "Strój ducha",
  "halloween.mummysuit": "Strój mumii",
  "scarecrow.suit": "Kostium stracha na wróble",
  "scarecrowhead": "Chusta stracha na wróble",
  "metal.facemask.hockey": "Maska hokejowa",
  "attire.hide.helterneck": "Skórzana suknia",
  "hat.beenie": "Wełniana czapka",
  "hat.boonie": "Kapelusz polowy",
  "bucket.helmet": "Hełm z wiadra",
  "burlap.headwrap": "Chusta z płótna",
  "hat.candle": "Nakrycie głowy ze świecą",
  "hat.cap": "Bejsbolówka",
  "clatter.helmet": "Hełm Clatter'a",
  "coffeecan.helmet": "Hełm z puszki po kawie",
  "deer.skull.mask": "Kościany hełm",
  "heavy.plate.helmet": "Hełm z ciężkiej płyty",
  "hat.miner": "Czapka górnicza",
  "partyhat": "Czapka imprezowa",
  "riot.helmet": "Hełm prewencji",
  "wood.armor.helmet": "Drewniany pancerz na głowę",
  "hoodie": "Bluza",
  "bone.armor.suit": "Kościana zbroja",
  "heavy.plate.jacket": "Kurtka z ciężkiej płyty",
  "jacket.snow": "Kurtka zimowa",
  "jacket": "Kurtka",
  "wood.armor.jacket": "Drewniana zbroja",
  "lumberjack hoodie": "Bluza drwala",
  "mask.balaclava": "Improwizowana Kominiarka",
  "mask.bandana": "Chusta z maską",
  "metal.facemask": "Metalowa maska",
  "metal.facemask.icemask": "Lodowa, Metalowa Maska na twarz ",
  "nightvisiongoggles": "Gogle noktowizyjne",
  "attire.ninja.suit": "Strój ninja",
  "burlap.trousers": "Spodnie z płótna",
  "heavy.plate.pants": "Spodnie z ciężkiej płyty",
  "attire.hide.pants": "Skórzane spodnie",
  "roadsign.kilt": "Kilt ze znaków drogowych",
  "pants.shorts": "Szorty",
  "wood.armor.pants": "Drewniany pancerz na nogi",
  "pants": "Spodnie",
  "attire.hide.poncho": "Skórzane poncho",
  "burlap.shirt": "Koszula z płótna",
  "shirt.collared": "Koszula",
  "attire.hide.vest": "Skórzana kamizelka",
  "shirt.tanktop": "Bezrękawnik",
  "shoes.boots": "Buty",
  "burlap.shoes": "Buty z płótna",
  "attire.hide.boots": "Skórzane buty",
  "attire.hide.skirt": "Skórzana spódnica",
  "attire.banditguard": "Sprzęt ochronny bandyty",
  "hazmatsuit.arcticsuit": "Kombinezon arktyczny",
  "hazmatsuit": "Skafander ochronny",
  "hazmatsuit.lumberjack": "Bluza drwala",
  "hazmatsuit.nomadsuit": "Skafander nomada",
  "hazmatsuit_scientist": "Skafander ochronny naukowca",
  "hazmatsuit_scientist_arctic": "Skafander arktycznego naukowca",
  "hazmatsuit_scientist_peacekeeper": "Skafander ochronny naukowca",
  "hazmatsuit.spacesuit": "Skafander kosmiczny",
  "scientistsuit_heavy": "Strój ochronny opancerzonego naukowca",
  "jumpsuit.suit.blue": "Niebieski kombinezon",
  "jumpsuit.suit": "Kombinezon",
  "tshirt.long": "Koszulka z długim rękawem",
  "tshirt": "Koszulka",
  "metal.plate.torso": "Metalowy napierśnik",
  "metal.plate.torso.icevest": "Napierśnik z lodu i metalu",
  "roadsign.jacket": "Kurtka ze znaków drogowych",
  "bleach": "Wybielacz",
  "ducttape": "Taśma klejąca",
  "carburetor1": "Niskiej jakości Gaźnik",
  "carburetor2": "Gaźnik średniej jakości",
  "carburetor3": "Wysokiej jakości gaźnik",
  "crankshaft1": "Wał korbowy niskiej jakości",
  "crankshaft2": "Wał korbowy średniej jakości",
  "crankshaft3": "Wał korbowy wysokiej jakości",
  "piston1": "Tłoki niskiej jakości",
  "piston2": "Tłoki średniej jakości",
  "piston3": "Tłoki wysokiej jakości",
  "sparkplug1": "Świece zapłonowe niskiej jakości",
  "sparkplug2": "Świece zapłonowe średniej jakości",
  "sparkplug3": "Świece zapłonowe wysokiej jakości",
  "valve1": "Zawory niskiej jakości",
  "valve2": "Zawory średniej jakości",
  "valve3": "Zawory wysokiej jakości",
  "fuse": "Bezpiecznik elektryczny",
  "gears": "Koła zębate",
  "glue": "Klej",
  "metalblade": "Metalowe ostrze",
  "metalpipe": "Metalowa rurka",
  "propanetank": "Pusta butla na gaz",
  "roadsigns": "Znaki drogowe",
  "rope": "Lina",
  "sewingkit": "Zestaw do szycia",
  "sheetmetal": "Blacha",
  "metalspring": "Metalowa sprężyna",
  "sticks": "Patyki",
  "tarp": "Plandeka",
  "techparts": "Śmieci Elektroniczne",
  "riflebody": "Korpus Karabinu",
  "semibody": "Korpus broni półautomatycznej",
  "smgbody": "Korpus pistoletu maszynowego",
  "barricade.concrete": "Betonowa barykada",
  "barricade.wood.cover": "Drewniana osłona",
  "barricade.metal": "Metalowa barykada",
  "barricade.sandbags": "Barykada z worków z piaskiem",
  "barricade.stone": "Kamienna barykada",
  "barricade.wood": "Drewniana barykada",
  "barricade.woodwire": "Drewniana barykada z drutem kolczastym",
  "bbq": "Grill",
  "trap.bear": "Sidła",
  "bed": "Łóżko",
  "campfire": "Ognisko",
  "cardtable": "Stół do kart",
  "ceilinglight": "Lampa sufitowa",
  "chair": "Krzesło",
  "chair.icethrone": "Lodowy tron",
  "composter": "Kompostownik",
  "computerstation": "Stacja komputerowa",
  "drone": "Dron",
  "dropbox": "Wrzutnik",
  "elevator": "Winda",
  "fireplace.stone": "Kamienny kominek",
  "firework.boomer.blue": "Niebieskia Wyrzutnia",
  "firework.boomer.champagne": "Wulkan",
  "firework.boomer.green": "Zielone moździerzowe fajerwerki",
  "firework.boomer.orange": "Pomarańczowa Wyrzutnia",
  "firework.boomer.pattern": "Wzór Boomera",
  "firework.boomer.red": "Czerwona wyrzutnia",
  "firework.boomer.violet": "Fioletowa wyrzutnia",
  "firework.romancandle.blue": "Niebieskie rzymskie ognie",
  "firework.romancandle.green": "Zielone rzymskie ognie",
  "firework.romancandle.red": "Czerwone rzymskie ognie",
  "firework.romancandle.violet": "Fioletowe rzymskie ognie",
  "firework.volcano": "Biały wulkan",
  "firework.volcano.red": "Czerwony wulkan",
  "firework.volcano.violet": "Fioletowy wulkan",
  "spikes.floor": "Drewniane kolce",
  "frankensteintable": "Stół Frankensteina",
  "fridge": "Lodówka",
  "furnace.large": "Duży piec",
  "furnace": "Piec",
  "hitchtroughcombo": "Konowiąz z korytem",
  "habrepair": "Hab Repair",
  "jackolantern.angry": "Latarnia z dyni - zła",
  "jackolantern.happy": "Latarnia z dyni - szczęśliwa",
  "trap.landmine": "Domowa mina lądowa",
  "lantern": "Latarnia",
  "box.wooden.large": "Duża drewniana skrzynia",
  "water.barrel": "Beczka na Wodę",
  "locker": "Szafka",
  "mailbox": "Skrzynka pocztowa",
  "mixingtable": "Stół do mieszania",
  "modularcarlift": "Modułowy podnośnik samochodowy",
  "mining.pumpjack": "Kiwon",
  "small.oil.refinery": "Mała rafineria",
  "planter.large": "Duża donica",
  "planter.small": "Mała donica",
  "electric.audioalarm": "Alarm dźwiękowy",
  "smart.alarm": "Inteligentny Alarm",
  "smart.switch": "Inteligentny przełącznik",
  "storage.monitor": "Monitor magazynu",
  "electric.battery.rechargable.large": "Duża bateria",
  "electric.battery.rechargable.medium": "Średnia odnawialna bateria.",
  "electric.battery.rechargable.small": "Mały akumulator",
  "electric.button": "Przycisk",
  "electric.counter": "Licznik",
  "electric.hbhfsensor": "Czujnik HBHF",
  "electric.laserdetector": "Detektor laserowy",
  "electric.pressurepad": "Płytka naciskowa",
  "electric.doorcontroller": "Kontroler drzwi",
  "electric.furnace": "Piec elektryczny",
  "electric.heater": "Grzejnik elektryczny",
  "fluid.combiner": "Łącznik cieczy",
  "fluid.splitter": "Rozdzielacz płynu",
  "fluid.switch": "Przełącznik oraz pompa płynu",
  "electric.andswitch": "Przełącznik AND",
  "electric.blocker": "Blokada",
  "electrical.branch": "Rozgałęźnik",
  "electrical.combiner": "Główny łącznik",
  "electrical.memorycell": "Komórka pamięci",
  "electric.orswitch": "Przełącznik OR",
  "electric.random.switch": "Przełącznik RAND",
  "electric.rf.broadcaster": "Nadajnik radiowy",
  "electric.rf.receiver": "Odbiornik RF",
  "electric.xorswitch": "Przełącznik XOR",
  "electric.fuelgenerator.small": "Mały generator",
  "electric.generator.small": "Generator Testowy",
  "electric.solarpanel.large": "Duży panel słoneczny",
  "electric.igniter": "Zapalnik",
  "storageadaptor": "Adapter do przechowywania.",
  "industrial.combiner": "Łącznik przemysłowy",
  "industrial.conveyor": "Przenośnik przemysłowy",
  "industrial.crafter": "Rzemieślnik przemysłowy",
  "industrial.splitter": "Rozgałęźnik Przemysłowy",
  "electric.flasherlight": "Migające światło",
  "electric.simplelight": "Proste światło",
  "electric.sirenlight": "Światło syreny",
  "powered.water.purifier": "Zasilany oczyszczalnik wody",
  "electric.switch": "Przełącznik",
  "electric.splitter": "Rozdzielacz",
  "electric.sprinkler": "Spryskiwacz",
  "electric.teslacoil": "Cewka Tesli",
  "electric.timer": "Przełącznik czasowy",
  "electric.cabletunnel": "Kanał kablowy",
  "waterpump": "Pompa wodna",
  "ptz.cctv.camera": "Kamera obrotowa",
  "mining.quarry": "Kamieniołom",
  "target.reactive": "Tarcza Reakcyjna",
  "box.repair.bench": "Stół naprawczy",
  "research.table": "Stół do badań",
  "rug.bear": "Dywan ze skóry niedźwiedzia",
  "rug": "Dywan",
  "searchlight": "Szperacz",
  "secretlabchair": "Krzesło z sekretnego laboratorium.",
  "shelves": "Półki ze złomu",
  "sign.hanging.banner.large": "Duży wiszący baner",
  "sign.hanging": "Szyld dwustronny",
  "sign.hanging.ornate": "Ozdobny szyld (dwustronny)",
  "sign.pictureframe.landscape": "Ramka na pejzaż",
  "sign.pictureframe.portrait": "Ramka na portret",
  "sign.pictureframe.tall": "Wysoka ramka",
  "sign.pictureframe.xl": "Ramka XL",
  "sign.pictureframe.xxl": "Ramka XXL",
  "sign.pole.banner.large": "Duży baner na słupie",
  "sign.post.double": "Dwukierunkowy drogowskaz",
  "sign.post.single": "Pojedynczy drogowskaz",
  "sign.post.town": "Jednostronny znak nazwy miejscowości",
  "sign.post.town.roof": "Dwustronny znak nazwy miejscowości",
  "sign.wooden.huge": "Ogromny drewniany znak",
  "sign.wooden.large": "Duży drewniany znak",
  "sign.wooden.medium": "Średni drewniany znak",
  "sign.wooden.small": "Mały drewniany znak",
  "guntrap": "Pułapka ze strzelbą",
  "sleepingbag": "Śpiwór",
  "stash.small": "Mały schowek",
  "sofa": "Kanapa",
  "sofa.pattern": "Sofa - Wzorzec",
  "spinner.wheel": "Kołowrotek",
  "fishtrap.small": "Prowizoryczna Pułapka na Ryby",
  "table": "Stół",
  "workbench1": "Stół roboczy poziomu 1.",
  "workbench2": "Stół roboczy poziomu 2.",
  "workbench3": "Stół roboczy poziomu 3.",
  "cupboard.tool": "Szafa z narzędziami",
  "tunalight": "Lampa z puszki po tuńczyku",
  "vending.machine": "Automat do sprzedaży",
  "water.catcher.large": "Duży zbieracz deszczówki",
  "water.catcher.small": "Mały zbieracz deszczówki",
  "water.purifier": "Oczyszczalnik Wody",
  "generator.wind.scrap": "Turbina wiatrowa",
  "box.wooden": "Drewniana skrzynka",
  "apple": "Jabłko",
  "apple.spoiled": "Zgniłe jabłko",
  "black.raspberries": "Jeżyny",
  "blueberries": "Jagody",
  "botabag": "Bukłak na wodę",
  "grub": "Pędrak",
  "worm": "Robak",
  "cactusflesh": "Miąższ z kaktusa",
  "can.beans": "Puszka fasoli",
  "can.tuna": "Puszka tuńczyka",
  "chocolate": "Tabliczka czekolady",
  "fish.anchovy": "Anchois",
  "fish.catfish": "Sum",
  "fish.cooked": "Upieczona ryba",
  "fish.raw": "Surowa ryba",
  "fish.herring": "Śledź",
  "fish.minnows": "Rybki",
  "fish.orangeroughy": "Pomarańczowy Szorstki",
  "fish.salmon": "Łosoś",
  "fish.sardine": "Sardynka",
  "fish.smallshark": "Mały rekin",
  "fish.troutsmall": "Mały pstrąg",
  "fish.yellowperch": "Żółty Okoń",
  "granolabar": "Baton musli",
  "chicken.burned": "Spalony kurczak",
  "chicken.cooked": "Upieczony kurczak",
  "chicken.raw": "Surowa pierś z kurczaka",
  "chicken.spoiled": "Zepsuty kurczak",
  "deermeat.burned": "Spalone mięso z jelenia",
  "deermeat.cooked": "Upieczone mięso z jelenia",
  "deermeat.raw": "Surowe mięso z jelenia",
  "horsemeat.burned": "Spalone mięso z konia",
  "horsemeat.cooked": "Upieczone mięso z konia",
  "horsemeat.raw": "Surowe mięso z konia",
  "humanmeat.burned": "Spalone ludzkie mięso",
  "humanmeat.cooked": "Upieczone ludzkie mięso",
  "humanmeat.raw": "Surowe ludzkie mięso",
  "humanmeat.spoiled": "Zepsute ludzkie mięso",
  "bearmeat.burned": "Spalone mięso z niedźwiedzia",
  "bearmeat.cooked": "Upieczone mięso z niedźwiedzia",
  "bearmeat": "Surowe mięso z niedźwiedzia",
  "wolfmeat.burned": "Spalone mięso wilka",
  "wolfmeat.cooked": "Upieczone mięso wilka",
  "wolfmeat.raw": "Surowe mięso wilka",
  "wolfmeat.spoiled": "Zepsute Wilcze Mięso",
  "meat.pork.burned": "Spalona wieprzowina",
  "meat.pork.cooked": "Upieczona wieprzowina",
  "meat.boar": "Surowa wieprzowina",
  "mushroom": "Grzyb",
  "jar.pickle": "Ogórki kiszone",
  "smallwaterbottle": "Mała butelka wody",
  "waterjug": "Kanister na wodę",
  "fun.bass": "Basowa łopata",
  "fun.cowbell": "Krowi dzwonek",
  "drumkit": "Zestaw perkusyjny ze złomu",
  "fun.flute": "Fletnia Pana",
  "fun.guitar": "Gitara akustyczna",
  "fun.jerrycanguitar": "Jerry umie grać na gitarze",
  "piano": "Pianino na kołach",
  "fun.tambourine": "Tamburyno",
  "fun.trumpet": "Trąbka hydraulika",
  "fun.tuba": "Suzafon",
  "xylophone": "Ksylobon",
  "door.key": "Klucz do drzwi",
  "lock.key": "Zamek",
  "lock.code": "Zamek szyfrowy",
  "blueprintbase": "Schemat",
  "chineselantern": "Chińska latarnia",
  "dragondoorknocker": "Kołatka do drzwi z wizerunkiem smoka",
  "hat.dragonmask": "Maska smoka",
  "newyeargong": "Noworoczny gong",
  "hat.oxmask": "Bydlęca Maska",
  "hat.rabbitmask": "Królicza maska\n",
  "hat.ratmask": "Maska szczura",
  "skylantern": "Latający lampion",
  "skylantern.skylantern.green": "Latający lampion - zielony",
  "skylantern.skylantern.orange": "Latający lampion - pomarańczowy",
  "skylantern.skylantern.purple": "Latający lampion - fioletowy",
  "skylantern.skylantern.red": "Latający lampion - czerwony",
  "lunar.firecrackers": "Petardy",
  "hat.tigermask": "Maska tygrysa",
  "arcade.machine.chippy": "Automat do gry Chippy",
  "bluedogtags": "Niebieski pies zaznacza",
  "dogtagneutral": "Pies zaznacza",
  "reddogtags": "Czerwony pies zaznacza",
  "door.closer": "Samozamykacz",
  "attire.bunnyears": "Królicze uszy",
  "attire.bunny.onesie": "Strój króliczka",
  "hat.bunnyhat": "Królicze Uszy",
  "easterdoorwreath": "Wielkanocny wianek",
  "easterbasket": "Koszyk na jajka",
  "attire.egg.suit": "Strój z Jajka",
  "rustige_egg_a": "Rustig? Jajko - Czerwone",
  "rustige_egg_b": "Rustig? Jajko - Niebieskie",
  "rustige_egg_c": "Rustig? Jajko - Fioletowe",
  "rustige_egg_d": "Ristig? Jajko - Kość słoniowa",
  "rustige_egg_e": "Rustig? Zielone jajko",
  "attire.nesthat": "Czapka-gniazdo",
  "easter.bronzeegg": "Brązowe jajko",
  "easter.goldegg": "Złote jajko",
  "easter.paintedeggs": "Pomalowane jajko",
  "easter.silveregg": "Srebrne jajko",
  "halloween.candy": "Słodycze na Halloween",
  "largecandles": "Duży zestaw świec",
  "smallcandles": "Mały zestaw świeczek",
  "carvable.pumpkin": "Dynia nadająca się do rzeźbienia",
  "coffin.storage": "Trumna",
  "cursedcauldron": "Przeklęty kocioł",
  "gravestone": "Nagrobek",
  "woodcross": "Drewniany krzyż",
  "frankensteins.monster.01.head": "Lekka głowa Frankensteina",
  "frankensteins.monster.01.legs": "Lekkie nogi Frankensteina",
  "frankensteins.monster.01.torso": "Lekki tułów Frankensteina",
  "frankensteins.monster.02.head": "Średnia głowa Frankensteina",
  "frankensteins.monster.02.legs": "Średnie nogi Frankensteina",
  "frankensteins.monster.02.torso": "Średni tułów Frankensteina",
  "frankensteins.monster.03.head": "Ciężka głowa Frankensteina",
  "frankensteins.monster.03.legs": "Ciężkie nogi Frankensteina",
  "frankensteins.monster.03.torso": "Ciężki tułów Frankensteina",
  "wall.graveyard.fence": "Cmentarne ogrodzenie",
  "halloween.lootbag.large": "Duża torba na łupy",
  "halloween.lootbag.medium": "Średnia torba na łupy",
  "halloween.lootbag.small": "Mała torba na łupy",
  "pumpkinbasket": "Wiadro w kształcie dyni",
  "scarecrow": "Strach na wróble",
  "skullspikes.candles": "Kolce czaszkowe",
  "skullspikes.pumpkin": "Kolce czaszkowe",
  "skullspikes": "Kolce czaszkowe",
  "skulldoorknocker": "Kołatka do drzwi z czaszką",
  "skull_fire_pit": "Ognisko z czaszek",
  "spiderweb": "Pajęczyna",
  "spookyspeaker": "Straszny głośnik",
  "halloween.surgeonsuit": "Chirurgiczny fartuszek",
  "skull.trophy.jar": "Zdobyczna Czaszka",
  "skull.trophy.jar2": "Zdobyczna Czaszka",
  "skull.trophy.table": "Zdobyczna Czaszka",
  "skull.trophy": "Zdobyczna Czaszka",
  "movembermoustachecard": "Karta Movember Mustache",
  "movembermoustache": "Wąsy Movember",
  "note": "Notatka",
  "factorydoor": "Drzwi fabryczne",
  "industrial.wall.light.green": "Zielona Przemysłowa Lampa Ścienna",
  "industrial.wall.light": "Ścienna Lampa Przemysłowa",
  "industrial.wall.light.red": "Czerwona Przemysłowa Lampa Ścienna",
  "skull.human": "Ludzka czaszka",
  "abovegroundpool": "Basen naziemny",
  "beachchair": "Leżak",
  "beachparasol": "Parasol plażowy",
  "beachtable": "Stół plażowy\n",
  "beachtowel": "Ręcznik plażowy",
  "boogieboard": "Deska do boogie",
  "innertube": "Dętka\n",
  "innertube.horse": "Dętka\n",
  "innertube.unicorn": "Dętka\n",
  "tool.instant_camera": "Natychmiastowa kamera",
  "paddlingpool": "Brodzik ",
  "photo": "Fotografia",
  "photoframe.landscape": "Ramka na zdjęcia krajobrazowe",
  "photoframe.large": "Duża ramka na zdjęcia",
  "photoframe.portrait": "Ramka na zdjęcia portretowe",
  "sunglasses02black": "Okulary przeciwsłoneczne\n",
  "sunglasses02camo": "Okulary przeciwsłoneczne\n",
  "sunglasses02red": "Okulary przeciwsłoneczne\n",
  "sunglasses03black": "Okulary przeciwsłoneczne\n",
  "sunglasses03chrome": "Okulary przeciwsłoneczne\n",
  "sunglasses03gold": "Okulary przeciwsłoneczne\n",
  "sunglasses": "Okulary przeciwsłoneczne\n",
  "gun.water": "Pistolet na wode",
  "pistol.water": "Pistolet na wodę",
  "trophy": "Trofeum Twitch Rivals",
  "twitchsunglasses": "Fioletowe okulary przeciwsłoneczne",
  "twitch.headset": "Słuchawki",
  "hobobarrel": "Beczka bezdomnego",
  "door.hinged.industrial.a": "Drzwi przemysłowe",
  "xmas.advent": "Kalendarz Adwentowy",
  "candycaneclub": "Cukrowa laska",
  "xmas.lightstring": "Lampki świąteczne",
  "xmas.door.garland": "Świąteczna Girlanda na Drzwi",
  "xmas.double.door.garland": "Świąteczna Girlanda na podwójne drzwi",
  "candycane": "Cukierkowa laska",
  "giantcandycanedecor": "Olbrzymi cukierek dekoracyjny",
  "wall.ice.wall": "Krótka ściana lodowa",
  "wall.external.high.ice": "Wysoka ściana lodowa",
  "giantlollipops": "Olbrzymi lizak dekoracyjny",
  "sign.neon.125x125": "Mały Neonowy Znak",
  "sign.neon.125x215.animated": "Średni animowany neon",
  "sign.neon.125x215": "Średni Neonowy Znak",
  "sign.neon.xl.animated": "Duży animowany neon",
  "sign.neon.xl": "Duży Neonowy Znak",
  "pookie.bear": "Ukochany niedźwiadek",
  "xmas.lightstring.advanced": "Świąteczne lampki Deluxe",
  "coal": "Węgiel :(",
  "xmas.present.large": "Duży Prezent",
  "xmas.present.medium": "Średni Prezent",
  "xmas.present.small": "Mały Prezent",
  "sled.xmas": "Sanki",
  "sled": "Sanki",
  "snowmachine": "Maszyna śnieżna",
  "snowball": "Śnieżka",
  "snowballgun": "Pistolet na śnieżki",
  "snowman": "Bałwan",
  "stocking.large": "SUPER Skarpeta",
  "stocking.small": "Mała skarpeta",
  "gingerbreadsuit": "Strój Piernik",
  "attire.reindeer.headband": "Rogi renifera",
  "santabeard": "Broda Świętego Mikołaja",
  "santahat": "Czapka Mikołaja",
  "attire.snowman.helmet": "Hełm bałwana",
  "xmas.window.garland": "Świąteczna Girlanda Okienna",
  "wrappedgift": "Zapakowany prezent",
  "wrappingpaper": "Papier do pakowania",
  "xmasdoorwreath": "Wieniec świąteczny",
  "xmas.decoration.baubels": "Dekoracyjne bombki",
  "xmas.decoration.candycanes": "Dekoracyjne plastikowe cukierki",
  "xmas.decoration.gingerbreadmen": "Dekoracyjny człowiek z piernika",
  "xmas.decoration.lights": "Lampki choinkowe",
  "xmas.decoration.pinecone": "Dekoracyjne szyszki",
  "xmas.decoration.star": "Złota Gwiazda Choinkowa",
  "xmas.decoration.tinsel": "Dekoracyjna Błyskotka",
  "xmas.tree": "Choinka",
  "captainslog": "Dziennik Kapitana ",
  "fishing.tackle": "Sprzęt wędkarski",
  "bottle.vodka": "Butelka wódki",
  "autoturret": "Wieżyczka automatyczna",
  "flameturret": "Wieżyczka z miotaczem ognia",
  "gloweyes": "Świecące oczy",
  "ammo.rocket.sam": "Amunicja do wyrzutni rakiet ziemia-powietrze (SAM site)",
  "samsite": "Wyrzutnia rakiet ziemia-powietrze (SAM site)",
  "black.berry": "Czarna jagoda",
  "clone.black.berry": "Klon czarnej jagody",
  "seed.black.berry": "Nasiona czarnej jeżyny",
  "blue.berry": "Niebieska jagoda",
  "clone.blue.berry": "Klon niebieskiej jagody",
  "seed.blue.berry": "Nasiona niebieskiej jagody",
  "green.berry": "Zielona jagoda",
  "clone.green.berry": "Klon zielonej jagody",
  "seed.green.berry": "Nasiona zielonej jagody",
  "red.berry": "Czerwona jagoda",
  "clone.red.berry": "Klon czerwonej jagody",
  "seed.red.berry": "Nasiona czerwonej jagody",
  "white.berry": "Biała jagoda",
  "clone.white.berry": "Klon białej jagody",
  "seed.white.berry": "Nasiona białej jagody",
  "yellow.berry": "Żółta jagoda",
  "clone.yellow.berry": "Klon żółtej jagody",
  "seed.yellow.berry": "Nasiona żółtej jagody",
  "corn": "Kukurydza",
  "clone.corn": "Klon kukurydzy",
  "seed.corn": "Nasiona kukurydzy",
  "clone.hemp": "Klon konopi",
  "seed.hemp": "Nasiona konopi",
  "potato": "Ziemniak",
  "clone.potato": "Klon ziemniaka",
  "seed.potato": "Nasiono ziemniaka",
  "pumpkin": "Dynia",
  "clone.pumpkin": "Klon dyni",
  "seed.pumpkin": "Nasiona dyni",
  "fat.animal": "Tłuszcz zwierzęcy",
  "battery.small": "Mała bateria",
  "blood": "Krew",
  "bone.fragments": "Fragmenty kości",
  "cctv.camera": "Kamera przemysłowa",
  "charcoal": "Węgiel drzewny",
  "cloth": "Tkanina",
  "crude.oil": "Ropa naftowa",
  "diesel_barrel": "Olej napędowy",
  "can.beans.empty": "Pusta puszka po fasoli",
  "can.tuna.empty": "Pusta puszka po tuńczyku",
  "explosives": "Materiały wybuchowe",
  "fertilizer": "Nawóz",
  "gunpowder": "Proch strzelniczy",
  "horsedung": "Gnojówka",
  "hq.metal.ore": "Ruda metalu wysokiej jakości",
  "metal.refined": "Metal wysokiej jakości",
  "leather": "Skóra",
  "lowgradefuel": "Paliwo niskiej jakości",
  "metal.fragments": "Fragmenty metalu",
  "metal.ore": "Ruda metalu",
  "paper": "Papier",
  "plantfiber": "Włókno roślinne",
  "researchpaper": "Papier badawczy",
  "water.salt": "Słona woda",
  "scrap": "Złom",
  "stones": "Kamienie",
  "sulfur.ore": "Ruda siarki",
  "sulfur": "Siarka",
  "targeting.computer": "Komputer namierzający",
  "water": "Woda",
  "skull.wolf": "Wilcza czaszka",
  "wood": "Drewno",
  "healingtea.advanced": "Zaawansowana herbata lecznicza",
  "healingtea": "Podstawowa herbata lecznicza",
  "healingtea.pure": "Czysta herbata lecznicza",
  "maxhealthtea.advanced": "Zaawansowana maksymalna herbata lecznicza",
  "maxhealthtea": "Podstawowa maksymalna herbata lecznicza",
  "maxhealthtea.pure": "Czysta maksymalna herbata lecznicza",
  "oretea.advanced": "Zaawansowana herbata rudy",
  "oretea": "Podstawowa herbata rudy",
  "oretea.pure": "Czysta herbata rudy",
  "radiationremovetea.advanced": "Zaawansowana herbata do usuwania radiacji",
  "radiationremovetea": "Herbata do usuwania radiacji",
  "radiationremovetea.pure": "Czysta herbata do usuwania radiacji",
  "radiationresisttea.advanced": "Zaaw. herbata antyradiacyjna",
  "radiationresisttea": "Herbata antyradiacyjna",
  "radiationresisttea.pure": "Czysta herbata antyradiacyjna",
  "scraptea.advanced": "Zaawansowana herbata złomu",
  "scraptea": "Podstawowa herbata złomu",
  "scraptea.pure": "Czysta herbata złomu",
  "woodtea.advanced": "Zaawansowana herbata drzewna",
  "woodtea": "Podstawowa herbata drzewna",
  "woodtea.pure": "Czysta herbata drzewna",
  "antiradpills": "Pigułki antyradiacyjne",
  "tool.binoculars": "Lornetka",
  "explosive.timed": "Czasowy ładunek wybuchowy",
  "tool.camera": "Aparat fotograficzny",
  "rf.detonator": "Nadajnik RF",
  "fishingrod.handmade": "Ręcznie wykonana wędka",
  "flare": "Flara",
  "flashlight.held": "Latarka",
  "geiger.counter": "Licznik Geigera",
  "hosetool": "Narzędzie hydraulicze",
  "jackhammer": "Młot pneumatyczny",
  "keycard_blue": "Niebieska karta",
  "keycard_green": "Zielona karta",
  "keycard_red": "Czerwona karta",
  "largemedkit": "Duża apteczka",
  "concretehatchet": "Betonowa siekiera",
  "concretepickaxe": "Betonowy Kilof",
  "lumberjack.hatchet": "Prototypowy topór",
  "lumberjack.pickaxe": "Prototypowy kilof",
  "map": "Papierowa mapa",
  "syringe.medical": "Strzykawka medyczna",
  "rf_pager": "RF Pager",
  "pipetool": "Klucz francuski",
  "building.planner": "Plan budowy",
  "grenade.smoke": "Granat dymny",
  "spraycan": "Puszka spreju",
  "spraycandecal": "Kalka w spreju",
  "supply.signal": "Granat zaopatrzeniowy",
  "surveycharge": "Ładunek sprawdzający",
  "wiretool": "Narzędzie do kładzenia przewodów",
  "vehicle.chassis.2mod": "Małe podwozie",
  "vehicle.chassis.3mod": "Średnie podwozie",
  "vehicle.chassis.4mod": "Duże podwozie",
  "vehicle.chassis": "Ogólne podwozie pojazdu",
  "vehicle.1mod.cockpit": "Moduł kokpitu",
  "vehicle.1mod.cockpit.armored": "Moduł opancerzonego kokpitu",
  "vehicle.1mod.cockpit.with.engine": "Kokpit z modułem pojazdu silnikowego",
  "vehicle.1mod.engine": "Moduł pojazdu silnikowego",
  "vehicle.1mod.flatbed": "Moduł pojazdu z platformą",
  "vehicle.1mod.passengers.armored": "Opancerzony moduł pasażerski",
  "vehicle.1mod.rear.seats": "Moduł pojazdu z siedzeniami z tyłu",
  "vehicle.1mod.storage": "Moduł pojazdu magazynowego",
  "vehicle.1mod.taxi": "Moduł pojazdu Taxi",
  "vehicle.2mod.camper": "Moduł pojazdu kempingowego",
  "vehicle.2mod.flatbed": "Moduł dużego pojazdu z platformą",
  "vehicle.2mod.fuel.tank": "Moduł cysterny",
  "vehicle.2mod.passengers": "Moduł pasażerski",
  "vehicle.module": "Ogólne podwozie pojazdu",
  "boombox": "Boom Box",
  "fun.boomboxportable": "Przenośny Boom Box",
  "cassette": "Kaseta - Długa",
  "cassette.medium": "Kaseta - Średnia",
  "cassette.short": "Kaseta - Krotka",
  "fun.casetterecorder": "Magnetofon",
  "discoball": "Kula Disco",
  "discofloor": "Disco Parkiet",
  "discofloor.largetiles": "Disco Parkiet",
  "connected.speaker": "Podłączony głośnik",
  "laserlight": "Światło laserowe",
  "megaphone": "Megafon",
  "microphonestand": "Statyw na Mikrofon",
  "mobilephone": "Telefon komórkowy",
  "soundlight": "Światło dźwiękowe",
  "telephone": "Telefon",
  "weapon.mod.8x.scope": "Luneta z przybliżeniem x16",
  "weapon.mod.burstmodule": "Moduł serii",
  "weapon.mod.extendedmags": "Powiększony magazynek",
  "weapon.mod.flashlight": "Latarka do broni",
  "weapon.mod.holosight": "Celownik optyczny",
  "weapon.mod.lasersight": "Laser do broni",
  "weapon.mod.muzzleboost": "Kompensator",
  "weapon.mod.muzzlebrake": "Hamulec wylotowy",
  "weapon.mod.simplesight": "Prosty, ręcznie wykonany celownik",
  "weapon.mod.silencer": "Tłumik",
  "weapon.mod.small.scope": "Luneta z przybliżeniem x8",
  "rifle.ak": "Karabin szturmowy",
  "rifle.ak.ice": "Karabin szturmowy - MROŻONY",
  "bandage": "Bandaż",
  "grenade.beancan": "Granat z puszki po fasoli",
  "rifle.bolt": "Karabin powtarzalny",
  "bone.club": "Kościana maczuga",
  "knife.bone": "Kościany nóż",
  "bow.hunting": "Łuk myśliwski",
  "cakefiveyear": "Tort urodzinowy",
  "chainsaw": "Piła łańcuchowa",
  "salvaged.cleaver": "Tasak z recyklingu",
  "bow.compound": "Łuk bloczkowy",
  "crossbow": "Kusza",
  "shotgun.double": "Dubeltówka",
  "pistol.eoka": "Pistolet Eoka",
  "grenade.f1": "Granat F1",
  "flamethrower": "Miotacz ognia",
  "grenade.flashbang": "Granat ogłuszający",
  "pistol.prototype17": "Prototyp 17",
  "multiplegrenadelauncher": "Granatnik",
  "mace.baseballbat": "Kij baseballowy",
  "knife.butcher": "Nóż rzeźniczy",
  "pitchfork": "Widły",
  "sickle": "Sierp",
  "torch.torch.skull": "Pochodnia Kultu Jelenia",
  "skull": "Czaszka",
  "hammer": "Młotek",
  "hatchet": "Siekiera",
  "hmlmg": "Domowej Roboty Lekki Karabin Maszynowy",
  "knife.combat": "Nóż bojowy",
  "rifle.l96": "Karabin snajperski L96",
  "rifle.lr300": "Karabin szturmowy LR-300",
  "lmg.m249": "M249",
  "rifle.m39": "Karabin M39",
  "pistol.m92": "Pistolet M92",
  "mace": "Buzdygan",
  "machete": "Maczeta",
  "grenade.molotov": "Koktajl Mołotowa",
  "smg.mp5": "MP5A4",
  "pistol.nailgun": "Gwoździarka",
  "paddle": "Wiosło ",
  "pickaxe": "Kilof",
  "shotgun.waterpipe": "Strzelba rurowa",
  "pistol.python": "Rewolwer Colt Python",
  "pistol.revolver": "Rewolwer",
  "rock": "Kamień",
  "rocket.launcher": "Ręczna wyrzutnia rakiet",
  "axe.salvaged": "Topór z odzysku",
  "hammer.salvaged": "Młot z odzysku",
  "icepick.salvaged": "Czekan ze złomu",
  "explosive.satchel": "Ładunek wybuchowy",
  "shotgun.pump": "Strzelba tłokowa",
  "pistol.semiauto": "Pistolet półautomatyczny",
  "rifle.semiauto": "Karabin półautomatyczny",
  "smg.2": "Niestandardowy pistolet maszynowy",
  "shotgun.spas12": "Strzelba Spas-12",
  "speargun": "Kusza",
  "stonehatchet": "Kamienna siekiera",
  "stone.pickaxe": "Kamienny Kilof",
  "spear.stone": "Kamienna włócznia",
  "longsword": "Długi miecz",
  "salvaged.sword": "Miecz z odzysku",
  "smg.thompson": "Thompson",
  "toolgun": "Pistolet Garry's Moda",
  "torch": "Pochodnia",
  "bucket.water": "Wiadro na wodę",
  "spear.wooden": "Drewniana włócznia",
  "horse.armor.roadsign": "Zbroja ze znaków drogowych dla konia",
  "horse.armor.wood": "Drewniana zbroja dla konia",
  "horse.saddle": "Siodło konne",
  "horse.saddlebag": "Torba siodłowa",
  "horse.shoes.advanced": "Wysokiej jakości podkowy dla konia",
  "horse.shoes.basic": "Zwykle podkowy dla konia"
}