{
  "hat.wolf": "オオカミの頭巾",
  "fogmachine": "Fogger-3000",
  "strobelight": "ストロボライト",
  "kayak": "カヤック",
  "minihelicopter.repair": "MC修理",
  "scraptransportheli.repair": "スクラップ輸送ヘリ修理",
  "workcart": "ワークカート",
  "ammo.grenadelauncher.buckshot": "40mmショットガン弾",
  "ammo.grenadelauncher.he": "40mmグレネード（炸裂）",
  "ammo.grenadelauncher.smoke": "40mmグレネード（スモーク）",
  "arrow.hv": "木の矢（高速）",
  "arrow.wooden": "木の矢",
  "arrow.bone": "骨の矢",
  "arrow.fire": "火の矢",
  "ammo.handmade.shell": "手作りの散弾",
  "ammo.nailgun.nails": "ネイルガンの釘",
  "ammo.pistol": "ピストル弾",
  "ammo.pistol.fire": "ピストル弾（焼夷）",
  "ammo.pistol.hv": "ピストル弾（高速）",
  "ammo.rifle": "5.56mmライフル弾",
  "ammo.rifle.explosive": "5.56mmライフル弾（炸裂）",
  "ammo.rifle.incendiary": "5.56mmライフル弾（焼夷）",
  "ammo.rifle.hv": "5.56mmライフル弾（高速）",
  "ammo.rocket.basic": "ロケット弾",
  "ammo.rocket.fire": "ロケット弾（焼夷）",
  "ammo.rocket.hv": "ロケット弾（高速）",
  "ammo.rocket.smoke": "発煙ロケット - 未実装！！！",
  "ammo.shotgun": "12 ゲージ散弾",
  "ammo.shotgun.fire": "12ゲージ焼夷弾",
  "ammo.shotgun.slug": "12ゲージスラグ弾",
  "door.double.hinged.metal": "板金の両開きドア",
  "door.double.hinged.toptier": "装甲板の両開きドア",
  "door.double.hinged.wood": "木の両開きドア",
  "door.hinged.metal": "板金のドア",
  "door.hinged.toptier": "装甲板のドア",
  "door.hinged.wood": "木のドア",
  "floor.grill": "グレーチング床",
  "floor.ladder.hatch": "はしご昇降口付きの床",
  "floor.triangle.grill": "三角のグレーチング床",
  "floor.triangle.ladder.hatch": "三角のはしご付き昇降口",
  "gates.external.high.stone": "石の外塀用ゲート",
  "gates.external.high.wood": "木の外塀用ゲート",
  "ladder.wooden.wall": "木のはしご",
  "wall.external.high.stone": "石の外塀",
  "wall.external.high": "木の外塀",
  "wall.frame.cell.gate": "檻のゲート",
  "wall.frame.cell": "檻の鉄格子",
  "wall.frame.fence.gate": "金網のフェンス用ゲート",
  "wall.frame.fence": "金網のフェンス",
  "wall.frame.garagedoor": "ガレージドア",
  "wall.frame.netting": "ネット",
  "wall.frame.shopfront": "店頭カウンター",
  "wall.frame.shopfront.metal": "板金の店頭カウンター",
  "wall.window.bars.metal": "金属の窓格子",
  "wall.window.bars.toptier": "補強窓ガラス",
  "wall.window.bars.wood": "木の窓格子",
  "shutter.metal.embrasure.a": "水平方向の銃眼",
  "shutter.metal.embrasure.b": "垂直方向の銃眼",
  "wall.window.glass.reinforced": "強化ガラスの窓",
  "shutter.wood.a": "木のシャッター",
  "watchtower.wood": "監視塔",
  "diving.fins": "足ヒレ",
  "diving.mask": "ダイビングマスク",
  "diving.tank": "酸素ボンベ",
  "diving.wetsuit": "ウェットスーツ",
  "boots.frog": "カエルのブーツ",
  "barrelcostume": "バレルのコスチューム",
  "cratecostume": "木箱のコスチューム",
  "hat.gas.mask": "ガスマスク",
  "burlap.gloves.new": "麻の手袋",
  "burlap.gloves": "革の手袋",
  "roadsign.gloves": "道路標識グローブ",
  "tactical.gloves": "タクティカルグローブ",
  "ghostsheet": "ゴーストコスチューム",
  "halloween.mummysuit": "ミイラのスーツ",
  "scarecrow.suit": "かかしスーツ",
  "scarecrowhead": "かかしラップ",
  "attire.hide.helterneck": "革のホルターネック",
  "hat.beenie": "ニット帽",
  "hat.boonie": "ブーニーハット",
  "bucket.helmet": "バケツヘルメット",
  "burlap.headwrap": "麻の頭巾",
  "hat.candle": "ロウソク帽子",
  "hat.cap": "野球帽",
  "clatter.helmet": "Clatterヘルメット",
  "coffeecan.helmet": "コーヒー缶ヘルメット",
  "deer.skull.mask": "ボーンヘルメット",
  "heavy.plate.helmet": "重装ヘルメット",
  "hat.miner": "鉱夫向けの帽子",
  "partyhat": "パーティーハット",
  "riot.helmet": "暴徒鎮圧用ヘルメット",
  "wood.armor.helmet": "木製ヘルメット",
  "hoodie": "パーカー",
  "bone.armor.suit": "ボーンアーマー",
  "heavy.plate.jacket": "重装ジャケット",
  "jacket.snow": "スノージャケット",
  "jacket": "ジャケット",
  "wood.armor.jacket": "木の胸当て",
  "mask.balaclava": "即席の目出し帽",
  "mask.bandana": "フェイスマスク",
  "metal.facemask": "メタルマスク",
  "nightvisiongoggles": "暗視ゴーグル",
  "burlap.trousers": "麻のズボン",
  "heavy.plate.pants": "重装パンツ",
  "attire.hide.pants": "革のズボン",
  "roadsign.kilt": "道路標識の前垂れ",
  "pants.shorts": "半ズボン",
  "wood.armor.pants": "木のすね当て",
  "pants": "ズボン",
  "attire.hide.poncho": "革のポンチョ",
  "burlap.shirt": "麻のシャツ",
  "shirt.collared": "シャツ",
  "attire.hide.vest": "革のベスト",
  "shirt.tanktop": "タンクトップ",
  "shoes.boots": "ブーツ",
  "burlap.shoes": "麻の靴",
  "attire.hide.boots": "革のブーツ",
  "attire.hide.skirt": "麻のスカート",
  "attire.banditguard": "バンディットガードギア",
  "hazmatsuit": "防護スーツ",
  "hazmatsuit_scientist": "研究者の防護スーツ",
  "hazmatsuit_scientist_peacekeeper": "研究者の防護スーツ",
  "hazmatsuit.spacesuit": "宇宙服",
  "scientistsuit_heavy": "重装研究者の防護スーツ",
  "jumpsuit.suit": "ジャンプスーツ",
  "tshirt.long": "長袖のTシャツ",
  "tshirt": "Tシャツ",
  "metal.plate.torso": "金属の胸当て",
  "roadsign.jacket": "道路標識のジャケット",
  "bleach": "漂白剤",
  "ducttape": "ダクトテープ",
  "carburetor1": "低品質のキャブレター",
  "carburetor2": "中品質のキャブレター",
  "carburetor3": "高品質のキャブレター",
  "crankshaft1": "低品質のクランク軸",
  "crankshaft2": "中品質のクランク軸",
  "crankshaft3": "高品質のクランク軸",
  "piston1": "低品質のピストン",
  "piston2": "中品質のピストン",
  "piston3": "高品質のピストン",
  "sparkplug1": "低品質の点火プラグ",
  "sparkplug2": "中品質の点火プラグ",
  "sparkplug3": "高品質の点火プラグ",
  "valve1": "低品質のバルブ",
  "valve2": "中品質のバルブ",
  "valve3": "高品質のバルブ",
  "fuse": "電気フューズ",
  "gears": "歯車",
  "glue": "接着剤",
  "metalblade": "金属刃",
  "metalpipe": "金属パイプ",
  "propanetank": "空のプロパンガスボンベ",
  "roadsigns": "道路標識",
  "rope": "ロープ",
  "sewingkit": "裁縫道具",
  "sheetmetal": "板金",
  "metalspring": "金属バネ",
  "sticks": "棒",
  "tarp": "防水シート",
  "techparts": "ジャンク部品",
  "riflebody": "ライフルの本体",
  "semibody": "セミオート銃の本体",
  "smgbody": "SMGの本体",
  "barricade.concrete": "コンクリートのバリケード",
  "barricade.wood.cover": "木のバリケードカバー",
  "barricade.metal": "鉄のバリケード",
  "barricade.sandbags": "土嚢のバリケード",
  "barricade.stone": "石のバリケード",
  "barricade.wood": "木のバリケード",
  "barricade.woodwire": "有刺鉄線と木のバリケード",
  "bbq": "バーベキュー",
  "trap.bear": "トラバサミ",
  "bed": "ベッド",
  "campfire": "たき火",
  "ceilinglight": "シーリングライト",
  "chair": "椅子",
  "composter": "コンポスター",
  "computerstation": "コンピューターステーション",
  "drone": "ドローン",
  "dropbox": "ドロップボックス",
  "elevator": "エレベーター",
  "fireplace.stone": "石の暖炉",
  "firework.boomer.blue": "ブルーブーマー",
  "firework.boomer.champagne": "シャンパンブーマー",
  "firework.boomer.green": "グリーンブーマー",
  "firework.boomer.orange": "オレンジブーマー",
  "firework.boomer.red": "レッドブーマー",
  "firework.boomer.violet": "バイオレットブーマー",
  "firework.romancandle.blue": "ブルーローマンキャンドル",
  "firework.romancandle.green": "グリーンローマンキャンドル",
  "firework.romancandle.red": "赤いローマンキャンドル",
  "firework.romancandle.violet": "バイオレットローマンキャンドル",
  "firework.volcano": "白い火山の花火",
  "firework.volcano.red": "白い火山の花火",
  "firework.volcano.violet": "バイオレット火山の花火",
  "spikes.floor": "木のスパイク",
  "fridge": "冷蔵庫",
  "furnace.large": "大型の炉",
  "furnace": "かまど",
  "hitchtroughcombo": "ヒッチ＆トラフ",
  "habrepair": "Hab修理",
  "jackolantern.angry": "怒りのジャック・オー・ランタン",
  "jackolantern.happy": "喜びのジャック・オー・ランタン",
  "trap.landmine": "地雷",
  "lantern": "ランタン",
  "box.wooden.large": "大きな木箱",
  "water.barrel": "水樽",
  "locker": "ロッカー",
  "mailbox": "メールボックス",
  "mixingtable": "ミキシングテーブル",
  "modularcarlift": "モジュラー車両押上機",
  "mining.pumpjack": "油井",
  "small.oil.refinery": "小さな製油所",
  "planter.large": "大きなプランター",
  "planter.small": "小さなプランター",
  "electric.audioalarm": "アラーム",
  "smart.alarm": "スマートアラーム",
  "smart.switch": "スマートスイッチ",
  "storage.monitor": "ストレージモニター",
  "electric.battery.rechargable.large": "大型充電式バッテリー",
  "electric.battery.rechargable.medium": "中型充電式バッテリー",
  "electric.battery.rechargable.small": "小型充電式バッテリー",
  "electric.button": "ボタン",
  "electric.counter": "カウンター",
  "electric.hbhfsensor": "HBHFセンサー",
  "electric.laserdetector": "レーザーセンサー",
  "electric.pressurepad": "感圧板",
  "electric.doorcontroller": "ドアコントローラー",
  "electric.heater": "電気ヒーター",
  "fluid.combiner": "流体混合管",
  "fluid.splitter": "液体分配管",
  "fluid.switch": "流体スイッチ&ポンプ",
  "electric.andswitch": "AND スイッチ",
  "electric.blocker": "ブロッカー",
  "electrical.branch": "分岐器",
  "electrical.combiner": "混合器",
  "electrical.memorycell": "メモリーセル",
  "electric.orswitch": "OR スイッチ",
  "electric.random.switch": "RAND スイッチ",
  "electric.rf.broadcaster": "無線発信機",
  "electric.rf.receiver": "無線受信機",
  "electric.xorswitch": "XOR スイッチ",
  "electric.fuelgenerator.small": "小型発電機",
  "electric.generator.small": "テスト発電機",
  "electric.solarpanel.large": "大きなソーラーパネル",
  "electric.igniter": "点火装置",
  "electric.flasherlight": "ストロボライト",
  "electric.simplelight": "シンプルな光",
  "electric.sirenlight": "回転灯",
  "powered.water.purifier": "電気浄水器",
  "electric.switch": "スイッチ",
  "electric.splitter": "分配器",
  "electric.sprinkler": "スプリンクラー",
  "electric.teslacoil": "テスラコイル",
  "electric.timer": "タイマー",
  "electric.cabletunnel": "ケーブルトンネル",
  "waterpump": "ウォーターポンプ",
  "mining.quarry": "採掘場",
  "target.reactive": "ノックダウン標的",
  "box.repair.bench": "修理台",
  "research.table": "リサーチテーブル",
  "rug.bear": "熊皮の敷物",
  "rug": "敷物",
  "searchlight": "サーチライト",
  "secretlabchair": "シークレットラボチェア",
  "shelves": "収納棚",
  "sign.hanging.banner.large": "垂れ幕（大）",
  "sign.hanging": "両面の吊り下げ看板",
  "sign.hanging.ornate": "両面の装飾付き吊り看板",
  "sign.pictureframe.landscape": "横長の額縁",
  "sign.pictureframe.portrait": "縦長の額縁",
  "sign.pictureframe.tall": "額縁（背高）",
  "sign.pictureframe.xl": "額縁（大）",
  "sign.pictureframe.xxl": "額縁（巨大）",
  "sign.pole.banner.large": "柱付き垂れ幕（大）",
  "sign.post.double": "方向指示の標識（2方向）",
  "sign.post.single": "方向指示の標識（1方向）",
  "sign.post.town": "領地の標識（片面）",
  "sign.post.town.roof": "領地の標識（両面）",
  "sign.wooden.huge": "巨大な看板",
  "sign.wooden.large": "大きな看板",
  "sign.wooden.medium": "中ぐらいの看板",
  "sign.wooden.small": "小さな看板",
  "guntrap": "ショットガントラップ",
  "sleepingbag": "寝袋",
  "stash.small": "隠し箱",
  "sofa": "ソファ",
  "spinner.wheel": "回転ボード",
  "fishtrap.small": "原始的な捕魚器",
  "table": "テーブル",
  "workbench1": "ワークベンチ レベル1",
  "workbench2": "ワークベンチ レベル2",
  "workbench3": "ワークベンチ レベル3",
  "cupboard.tool": "工具棚",
  "tunalight": "ツナ缶ランプ",
  "vending.machine": "自動販売機",
  "water.catcher.large": "大きな採水器",
  "water.catcher.small": "小さな採水器",
  "water.purifier": "浄水器",
  "generator.wind.scrap": "風力発電機",
  "box.wooden": "小さな木箱",
  "apple": "リンゴ",
  "apple.spoiled": "腐ったリンゴ",
  "black.raspberries": "ブラックラズベリー",
  "blueberries": "ブルーベリー",
  "botabag": "革の水筒",
  "cactusflesh": "サボテン",
  "can.beans": "マメの缶詰",
  "can.tuna": "ツナの缶詰",
  "chocholate": "チョコバー",
  "fish.cooked": "調理した魚",
  "fish.raw": "生の魚",
  "fish.minnows": "小魚",
  "fish.troutsmall": "小さなマス",
  "granolabar": "シリアルバー",
  "chicken.burned": "焦げたトリ肉",
  "chicken.cooked": "焼いたトリ肉",
  "chicken.raw": "生のトリ肉",
  "chicken.spoiled": "腐ったトリ肉",
  "deermeat.burned": "焦げたシカ肉",
  "deermeat.cooked": "調理したシカ肉",
  "deermeat.raw": "生のシカ肉",
  "horsemeat.burned": "焦げたウマ肉",
  "horsemeat.cooked": "調理したウマ肉",
  "horsemeat.raw": "生のウマ肉",
  "humanmeat.burned": "焦げた人肉",
  "humanmeat.cooked": "調理した人肉",
  "humanmeat.raw": "生の人肉",
  "humanmeat.spoiled": "腐った人肉",
  "bearmeat.burned": "焦げたクマ肉",
  "bearmeat.cooked": "調理したクマ肉",
  "bearmeat": "生のクマ肉",
  "wolfmeat.burned": "焦げたオオカミ肉",
  "wolfmeat.cooked": "調理したオオカミ肉",
  "wolfmeat.raw": "生のオオカミ肉",
  "wolfmeat.spoiled": "腐ったオオカミ肉",
  "meat.pork.burned": "焦げたブタ肉",
  "meat.pork.cooked": "調理したブタ肉",
  "meat.boar": "生のブタ肉",
  "mushroom": "キノコ",
  "jar.pickle": "ピクルス",
  "smallwaterbottle": "小さな水ボトル",
  "waterjug": "水差し",
  "fun.bass": "シャベルベース",
  "fun.cowbell": "カウベル",
  "drumkit": "ジャンクヤードドラムキット",
  "fun.flute": "パンフルート",
  "fun.guitar": "アコースティックギター",
  "fun.jerrycanguitar": "ジェリカンギター",
  "piano": "手押し車のピアノ",
  "fun.tambourine": "カンバリン",
  "fun.trumpet": "配管工のトランペット",
  "fun.tuba": "スーザフォン",
  "xylophone": "骨琴",
  "car.key": "車のカギ",
  "door.key": "ドアの鍵",
  "lock.key": "キーロック",
  "lock.code": "コードロック",
  "blueprintbase": " - 設計図",
  "chineselantern": "中国の提灯",
  "dragondoorknocker": "龍のドアノッカー",
  "hat.dragonmask": "ドラゴンマスク",
  "newyeargong": "新年のドラ",
  "hat.oxmask": "雄牛マスク",
  "hat.ratmask": "ラットマスク",
  "lunar.firecrackers": "爆竹",
  "arcade.machine.chippy": "Chippyアーケードゲーム",
  "door.closer": "ドアクローザー",
  "attire.bunnyears": "ウサギの付け耳",
  "attire.bunny.onesie": "馬のコスチューム",
  "easterdoorwreath": "イースタードアリース",
  "easterbasket": "卵のバスケット",
  "rustige_egg_a": "赤のRustigé Egg",
  "rustige_egg_b": "青のRustigé Egg",
  "rustige_egg_c": "紫のRustig? 卵",
  "rustige_egg_d": "象牙のRustig? 卵",
  "attire.nesthat": "巣帽子",
  "easter.bronzeegg": "銅の卵",
  "easter.goldegg": "金の卵",
  "easter.paintedeggs": "色付き卵",
  "easter.silveregg": "銀の卵",
  "halloween.candy": "ハロウィンキャンディー",
  "largecandles": "大型キャンドルセット",
  "smallcandles": "小さなキャンドルセット",
  "coffin.storage": "棺",
  "cursedcauldron": "呪われた釜",
  "gravestone": "墓石",
  "woodcross": "木製の十字架",
  "wall.graveyard.fence": "墓地のフェンス",
  "halloween.lootbag.large": "大きなお宝バッグ",
  "halloween.lootbag.medium": "中ぐらいのお宝バッグ",
  "halloween.lootbag.small": "小さなお宝バッグ",
  "pumpkinbasket": "カボチャのバケット",
  "scarecrow": "かかし",
  "skullspikes.candles": "頭蓋骨のスパイク",
  "skullspikes.pumpkin": "頭蓋骨のスパイク",
  "skullspikes": "頭蓋骨のスパイク",
  "skulldoorknocker": "スカルドアノッカー",
  "skull_fire_pit": "骸骨の焚き火",
  "spiderweb": "クモの巣",
  "spookyspeaker": "不気味なスピーカー",
  "halloween.surgeonsuit": "外科医のスクラブ",
  "skull.trophy.jar": "頭蓋骨のトロフィー",
  "skull.trophy.jar2": "頭蓋骨のトロフィー",
  "skull.trophy.table": "頭蓋骨のトロフィー",
  "skull.trophy": "頭蓋骨のトロフィー",
  "movembermoustachecard": "モーベンバー口ひげ",
  "movembermoustache": "モーベンバーひげ",
  "note": "メモ",
  "skull.human": "人間の頭蓋骨",
  "abovegroundpool": "地上のプール",
  "beachchair": "ビーチチェア",
  "beachparasol": "ビーチパラソル",
  "beachtable": "ビーチテーブル",
  "beachtowel": "ビーチタオル",
  "boogieboard": "ビート板",
  "innertube": "浮き輪",
  "innertube.horse": "浮き輪",
  "innertube.unicorn": "浮き輪",
  "tool.instant_camera": "インスタントカメラ",
  "paddlingpool": "子供用プール",
  "photo": "写真",
  "photoframe.landscape": "横長のフォトフレーム",
  "photoframe.large": "大きなフォトフレーム",
  "photoframe.portrait": "縦長のフォトフレーム",
  "sunglasses02black": "サングラス",
  "sunglasses02camo": "サングラス",
  "sunglasses02red": "サングラス",
  "sunglasses03black": "サングラス",
  "sunglasses03chrome": "サングラス",
  "sunglasses03gold": "サングラス",
  "sunglasses": "サングラス",
  "gun.water": "ウォーターガン",
  "pistol.water": "水鉄砲",
  "twitchsunglasses": "紫のサングラス",
  "twitch.headset": "ヘッドセット",
  "hobobarrel": "ホーボーバレル",
  "door.hinged.industrial.a": "工業用ドア",
  "candycaneclub": "キャンディーの棍棒",
  "xmas.lightstring": "クリスマスライト",
  "xmas.door.garland": "お祝いの戸口ガーランド",
  "candycane": "キャンディーケイン",
  "giantcandycanedecor": "ジャイアントキャンディーの装飾",
  "wall.ice.wall": "低い氷の壁",
  "wall.external.high.ice": "高い氷の壁",
  "giantlollipops": "巨大なロリポップの装飾",
  "sign.neon.125x125": "小さなネオン看板",
  "sign.neon.125x215.animated": "中ぐらいのアニメーションのネオン看板",
  "sign.neon.125x215": "中ぐらいのネオン看板",
  "sign.neon.xl.animated": "大きなアニメーションのネオン看板",
  "sign.neon.xl": "大きなネオン看板",
  "pookie.bear": "プーキーベア",
  "xmas.lightstring.advanced": "デラックスクリスマスライト",
  "coal": "石炭 ：(",
  "xmas.present.large": "でかいプレゼント",
  "xmas.present.medium": "そこそこのプレゼント",
  "xmas.present.small": "ささやかなプレゼント",
  "sled.xmas": "ソリ",
  "sled": "ソリ",
  "snowmachine": "人工降雪機",
  "snowball": "雪玉",
  "snowballgun": "スノーボールガン",
  "snowman": "雪だるま",
  "stocking.large": "スーパーストッキング",
  "stocking.small": "小さなストッキング",
  "attire.reindeer.headband": "鹿の頭の剥製",
  "santabeard": "サンタのヒゲ",
  "santahat": "サンタの帽子",
  "xmas.window.garland": "窓のクリスマスリース",
  "wrappedgift": "包装されたギフト",
  "wrappingpaper": "包装紙",
  "xmasdoorwreath": "クリスマスリース",
  "xmas.decoration.baubels": "クリスマスオーナメントボール",
  "xmas.decoration.candycanes": "クリスマス装飾用キャンディー",
  "xmas.decoration.gingerbreadmen": "装飾用ジンジャーブレッドマン",
  "xmas.decoration.lights": "ツリーライト",
  "xmas.decoration.pinecone": "装飾用松かさ",
  "xmas.decoration.star": "木の天辺の星",
  "xmas.decoration.tinsel": "装飾用ティンセル",
  "xmas.tree": "クリスマスツリー",
  "autoturret": "自動砲台",
  "flameturret": "火炎砲台",
  "gloweyes": "光る眼",
  "ammo.rocket.sam": "地対空ミサイル弾",
  "samsite": "地対空ミサイル発射機",
  "black.berry": "ブラックベリー",
  "clone.black.berry": "ブラックベリーのクローン",
  "seed.black.berry": "ブラックベリーの種",
  "blue.berry": "ブルーベリー",
  "clone.blue.berry": "ブルーベリーのクローン",
  "seed.blue.berry": "ブルーベリーの種",
  "green.berry": "グリーンベリー",
  "clone.green.berry": "グリーンベリーのクローン",
  "seed.green.berry": "グリーンベリーの種",
  "red.berry": "レッドベリー",
  "clone.red.berry": "レッドベリーのクローン",
  "seed.red.berry": "レッドベリーの種",
  "white.berry": "ホワイトベリー",
  "clone.white.berry": "ホワイトベリーのクローン",
  "seed.white.berry": "ホワイトベリーの種",
  "yellow.berry": "イエローティー",
  "clone.yellow.berry": "イエローベリーのクローン",
  "seed.yellow.berry": "イエローベリーの種",
  "corn": "トウモロコシ",
  "clone.corn": "トウモロコシのクローン",
  "seed.corn": "トウモロコシの種",
  "clone.hemp": "麻のクローン",
  "seed.hemp": "麻の実",
  "potato": "ジャガイモ",
  "clone.potato": "ジャガイモのクローン",
  "seed.potato": "ジャガイモの種",
  "pumpkin": "カボチャ",
  "clone.pumpkin": "カボチャのクローン",
  "seed.pumpkin": "カボチャの種",
  "fat.animal": "動物の脂肪",
  "battery.small": "バッテリー（小）",
  "blood": "血液",
  "bone.fragments": "骨の破片",
  "cctv.camera": "監視カメラ",
  "charcoal": "木炭",
  "cloth": "布",
  "crude.oil": "原油",
  "diesel_barrel": "ディーゼル燃料",
  "can.beans.empty": "からっぽのマメの缶詰",
  "can.tuna.empty": "からっぽのツナの缶詰",
  "explosives": "爆薬",
  "fertilizer": "肥料",
  "gunpowder": "火薬",
  "horsedung": "馬の糞",
  "hq.metal.ore": "鉱石（上質の金属）",
  "metal.refined": "上質の金属",
  "leather": "革",
  "lowgradefuel": "低質燃料",
  "metal.fragments": "金属の破片",
  "metal.ore": "鉱石（金属）",
  "paper": "紙",
  "plantfiber": "植物繊維",
  "researchpaper": "研究用ペーパー",
  "water.salt": "塩水",
  "scrap": "スクラップ",
  "stones": "石",
  "sulfur.ore": "鉱石（硫黄）",
  "sulfur": "硫黄",
  "targeting.computer": "照準コンピューター",
  "water": "水",
  "skull.wolf": "オオカミの頭蓋骨",
  "wood": "木材",
  "healingtea.advanced": "高度なヒーリングティー",
  "healingtea": "基本的なヒーリングティー",
  "healingtea.pure": "純粋なヒーリングティー",
  "maxhealthtea.advanced": "高度な最大ヘルスティー",
  "maxhealthtea": "基本的な最大ヘルスティー",
  "maxhealthtea.pure": "純粋な最大ヘルスティー",
  "oretea.advanced": "高度な鉱石ティー",
  "oretea": "基本的な鉱石ティー",
  "oretea.pure": "純粋な鉱石ティー",
  "radiationremovetea.advanced": "高度な放射線除去ティー",
  "radiationremovetea": "放射線除去ティー",
  "radiationremovetea.pure": "純粋な放射線除去ティー",
  "radiationresisttea.advanced": "高度な抗放射線ティー",
  "radiationresisttea": "抗放射線ティー",
  "radiationresisttea.pure": "純粋な抗放射線ティー",
  "scraptea.advanced": "高度なスクラップティー",
  "scraptea": "基本的なスクラップティー",
  "scraptea.pure": "純粋なスクラップティー",
  "woodtea.advanced": "高度なウッドティー",
  "woodtea": "基本的なウッドティー",
  "woodtea.pure": "純粋なウッドティー",
  "antiradpills": "抗放射線薬",
  "tool.binoculars": "双眼鏡",
  "explosive.timed": "時限爆弾",
  "tool.camera": "カメラ",
  "rf.detonator": "携帯型無線発信機",
  "fishingrod.handmade": "手作りの釣り竿",
  "flare": "フレア",
  "flashlight.held": "フラッシュライト",
  "geiger.counter": "放射能測定器",
  "hosetool": "ホースツール",
  "jackhammer": "削岩機",
  "keycard_blue": "青のキーカード",
  "keycard_green": "緑のキーカード",
  "keycard_red": "赤のキーカード",
  "largemedkit": "救急キット（大）",
  "map": "紙の地図",
  "syringe.medical": "注射器",
  "rf_pager": "ポケベル",
  "building.planner": "建築計画書",
  "grenade.smoke": "スモークグレネード",
  "supply.signal": "サプライシグナル",
  "surveycharge": "地質調査用爆薬",
  "wiretool": "ワイヤーツール",
  "vehicle.chassis.2mod": "小型のシャーシ",
  "vehicle.chassis.3mod": "中型のシャーシ",
  "vehicle.chassis.4mod": "大型のシャーシ",
  "vehicle.chassis": "一般的な車両シャーシ",
  "vehicle.1mod.cockpit": "コックピット車両モジュール",
  "vehicle.1mod.cockpit.armored": "装甲コックピット車両モジュール",
  "vehicle.1mod.cockpit.with.engine": "エンジン付きコックピット車両モジュール",
  "vehicle.1mod.engine": "エンジン車両モジュール",
  "vehicle.1mod.flatbed": "短い平台車両モジュール",
  "vehicle.1mod.passengers.armored": "装甲乗用車モジュール",
  "vehicle.1mod.rear.seats": "後部座席車両モジュール",
  "vehicle.1mod.storage": "保管車両モジュール",
  "vehicle.1mod.taxi": "タクシー車両モジュール",
  "vehicle.2mod.flatbed": "長い平台車両モジュール",
  "vehicle.2mod.fuel.tank": "燃料タンク車両モジュール",
  "vehicle.2mod.passengers": "乗用車モジュール",
  "vehicle.module": "汎用車両モジュール",
  "telephone": "電話",
  "weapon.mod.8x.scope": "16倍スコープ",
  "weapon.mod.flashlight": "フラッシュライト",
  "weapon.mod.holosight": "ホロサイト",
  "weapon.mod.lasersight": "レーザーサイト",
  "weapon.mod.muzzleboost": "マズルブースター",
  "weapon.mod.muzzlebrake": "マズルブレーキ",
  "weapon.mod.simplesight": "簡素な手作りの照準",
  "weapon.mod.silencer": "サイレンサー",
  "weapon.mod.small.scope": "8倍スコープ",
  "rifle.ak": "アサルトライフル",
  "bandage": "包帯",
  "grenade.beancan": "豆缶グレネード",
  "rifle.bolt": "ボルトアクション式ライフル",
  "bone.club": "骨のこんぼう",
  "knife.bone": "骨製のナイフ",
  "bow.hunting": "弓",
  "cakefiveyear": "バースデーケーキ",
  "chainsaw": "チェンソー",
  "salvaged.cleaver": "スクラップの包丁",
  "bow.compound": "強化弓",
  "crossbow": "ボウガン",
  "shotgun.double": "ダブルバレルショットガン",
  "pistol.eoka": "エオカピストル",
  "grenade.f1": "F1グレネード",
  "flamethrower": "火炎放射器",
  "multiplegrenadelauncher": "多連装グレネードランチャー",
  "knife.butcher": "ブッチャーナイフ",
  "pitchfork": "熊手",
  "sickle": "鎌",
  "hammer": "ハンマー",
  "hatchet": "鉄の手斧",
  "knife.combat": "コンバットナイフ",
  "rifle.l96": "L96ライフル",
  "rifle.lr300": "LR-300アサルトライフル",
  "lmg.m249": "M249",
  "rifle.m39": "M39ライフル",
  "pistol.m92": "M92ピストル",
  "mace": "メイス",
  "machete": "ナタ",
  "smg.mp5": "MP5A4",
  "pistol.nailgun": "ネイルガン",
  "paddle": "パドル",
  "pickaxe": "ツルハシ",
  "shotgun.waterpipe": "水道管のショットガン",
  "pistol.python": "マグナムリボルバー",
  "pistol.revolver": "リボルバー",
  "rock": "岩",
  "rocket.launcher": "ロケットランチャー",
  "axe.salvaged": "廃材の斧",
  "hammer.salvaged": "廃材のハンマー",
  "icepick.salvaged": "廃材のアイスピック",
  "explosive.satchel": "梱包爆薬",
  "shotgun.pump": "ポンプアクション式ショットガン",
  "pistol.semiauto": "セミオートピストル",
  "rifle.semiauto": "セミオートライフル",
  "smg.2": "カスタムSMG",
  "shotgun.spas12": "SPAS-12 ショットガン",
  "stonehatchet": "石の手斧",
  "stone.pickaxe": "石のツルハシ",
  "spear.stone": "石槍",
  "longsword": "ロングソード",
  "salvaged.sword": "廃材の剣",
  "smg.thompson": "トンプソン",
  "toolgun": "ギャリーのModツールガン",
  "torch": "松明",
  "bucket.water": "水バケツ",
  "spear.wooden": "木の槍",
  "horse.armor.roadsign": "道路標識の馬の鎧",
  "horse.armor.wood": "木製の馬の鎧",
  "horse.saddle": "馬のサドル",
  "horse.saddlebag": "サドルバッグ",
  "horse.shoes.advanced": "上質な馬の靴",
  "horse.shoes.basic": "普通の馬の靴"
}