{
  "hat.wolf": "Шапка з вовка",
  "fogmachine": "Фоггер-3000",
  "strobelight": "Стробоскопічний світильник",
  "kayak": "Kayak",
  "minihelicopter.repair": "Ремкомплект для коптера",
  "scraptransportheli.repair": "Ремкомплект для гелікоптера",
  "ammo.grenadelauncher.buckshot": "40-мм картеч",
  "ammo.grenadelauncher.he": "40-мм фугасна граната",
  "ammo.grenadelauncher.smoke": "40-мм димова граната",
  "arrow.hv": "Стріла (Швидкісна)",
  "arrow.wooden": "Стріла (Дерев'яна)",
  "arrow.bone": "Кістяна стріла",
  "arrow.fire": "Вогняна стріла",
  "ammo.handmade.shell": "Саморобна картеч",
  "ammo.nailgun.nails": "Цвяхи",
  "ammo.pistol": "Набої для пістолета",
  "ammo.pistol.fire": "Запалювальний пістолетний набій",
  "ammo.pistol.hv": "Швидкісній пістолетний набій",
  "ammo.rifle": "Набій 5.56мм для Гвинтівки",
  "ammo.rifle.explosive": "Набій 5,56мм (Розривний)",
  "ammo.rifle.incendiary": "Набій 5,56 мм (Запалювальний)",
  "ammo.rifle.hv": "Набій 5,56мм (швидкісний)",
  "ammo.rocket.basic": "Ракета",
  "ammo.rocket.fire": "Ракета (Запалювальна)",
  "ammo.rocket.hv": "Ракета (Швидкісна)",
  "ammo.rocket.smoke": "Ракета (Димова)",
  "ammo.shotgun": "Картеч 12-ого калібру",
  "ammo.shotgun.fire": "Запалювальний набій 12-го калібру",
  "ammo.shotgun.slug": "Куля 12-го калібру",
  "door.double.hinged.metal": "Подвійні металеві двері",
  "door.double.hinged.toptier": "Броньовані подвійні двері",
  "door.double.hinged.wood": "Подвійні дерев'яні двері",
  "door.hinged.metal": "Залізні двері",
  "door.hinged.toptier": "Броньовані двері",
  "door.hinged.wood": "Дерев'яні двері",
  "floor.grill": "Металевий дах с отворами",
  "floor.ladder.hatch": "Люк зі сходами",
  "floor.triangle.grill": "Трикутний каркас",
  "floor.triangle.ladder.hatch": "Трикутний люк",
  "gates.external.high.stone": "Високі зовніші кам’яні ворота",
  "gates.external.high.wood": "Високі зовнішні дерев'янні ворота",
  "ladder.wooden.wall": "Дерев'яна драбина",
  "wall.external.high.stone": "Висока зовнішня кам'яна стіна",
  "wall.external.high": "Висока зовнішня стіна (Дерев'яна)",
  "wall.frame.cell.gate": "Тюремні ворота",
  "wall.frame.cell": "Тюремні грати",
  "wall.frame.fence.gate": "Сітчасті двері",
  "wall.frame.fence": "Сітчастий паркан",
  "wall.frame.garagedoor": "Гаражні ворота",
  "wall.frame.netting": "Сітка",
  "wall.frame.shopfront": "Вітрина",
  "wall.frame.shopfront.metal": "Металева вітрина магазину",
  "wall.window.bars.metal": "Металеві віконні грати",
  "wall.window.bars.toptier": "Укріплені віконні грати",
  "wall.window.bars.wood": "Дерев’яні віконні решітки",
  "shutter.metal.embrasure.a": "Металева горизонтальна амбразура",
  "shutter.metal.embrasure.b": "Металева вертикальна амбразура",
  "wall.window.glass.reinforced": "Вікно з посиленного скла",
  "shutter.wood.a": "Дерев'яні віконниці",
  "watchtower.wood": "Сторожова вежа",
  "diving.fins": "Ласти для дайвінга",
  "diving.mask": "Маска для підводного плавання",
  "diving.tank": "Балон з повітрям",
  "diving.wetsuit": "Гідрокостюм",
  "boots.frog": "Чоботи жабки",
  "barrelcostume": "Костюм-бочка",
  "cratecostume": "Ящик-костюм",
  "burlap.gloves.new": "Рукавиці з мішковини",
  "burlap.gloves": "Шкіряні рукавиці",
  "roadsign.gloves": "Рукавички із дорожніх знаків",
  "tactical.gloves": "Тактичні рукавички",
  "halloween.mummysuit": "Костюм мумії",
  "scarecrow.suit": "Костюм Опудало",
  "scarecrowhead": "Пов'язка опудала",
  "attire.hide.helterneck": "Нагрудна пов’язка",
  "hat.beenie": "В'язана шапочка",
  "hat.boonie": "Шапка",
  "bucket.helmet": "Шолом з відра",
  "burlap.headwrap": "Маска з мішковини",
  "hat.candle": "Капелюх зі свічкою",
  "hat.cap": "Бейсболка",
  "clatter.helmet": "Шолом Clatter",
  "coffeecan.helmet": "Шолом за кавової банки",
  "deer.skull.mask": "Кістяний шолом",
  "heavy.plate.helmet": "Важкий латний шолом",
  "hat.miner": "Фуражка з ліхтариком",
  "partyhat": "Святковий капелюх",
  "riot.helmet": "Захисний шолом",
  "wood.armor.helmet": "Дерев'яний шолом",
  "hoodie": "Толстовка (Червона з капюшоном)",
  "bone.armor.suit": "Кістяна броня",
  "heavy.plate.jacket": "Важкий металевий нагрудник",
  "jacket.snow": "Снігова куртка",
  "jacket": "Куртка",
  "wood.armor.jacket": "Нагрудник iз дерева",
  "mask.balaclava": "Імпровізована Балаклава",
  "mask.bandana": "Бандана Маска",
  "metal.facemask": "Металева маска",
  "nightvisiongoggles": "Окуляри нічного бачення",
  "burlap.trousers": "Штани з мішковини",
  "heavy.plate.pants": "Важкі металеві штани",
  "attire.hide.pants": "Шкіряні штани",
  "roadsign.kilt": "Спідниця з дорожніх знаків",
  "pants.shorts": "Шорти",
  "wood.armor.pants": "Штани (Дерев'яні)",
  "pants": "Штани",
  "attire.hide.poncho": "Шкіряне пончо",
  "burlap.shirt": "Сорочка з мішковини",
  "shirt.collared": "Сорочка",
  "attire.hide.vest": "Шкіряний жилет",
  "shirt.tanktop": "Майка",
  "shoes.boots": "Черевики",
  "burlap.shoes": "Взуття з мішковини",
  "attire.hide.boots": "Шкіряні черевики",
  "attire.hide.skirt": "Шкiряна спiдниця",
  "attire.banditguard": "Одяг бандита-охоронця",
  "hazmatsuit": "Костюм хімзахисту",
  "hazmatsuit_scientist": "Костюм ученого",
  "hazmatsuit_scientist_peacekeeper": "Костюм ученого",
  "scientistsuit_heavy": "Броньований костюм",
  "tshirt.long": "Водолазка",
  "tshirt": "Футболка",
  "metal.plate.torso": "Металевий нагрудник",
  "roadsign.jacket": "Броня з дорожніх знаків",
  "bleach": "Відбілювач",
  "ducttape": "Клейка стрічка",
  "carburetor1": "Карбюратор низької якості",
  "carburetor2": "Карбюратор середньої якості",
  "carburetor3": "Карбюратор високої якості",
  "crankshaft1": "Колінчастий вал низької якості",
  "crankshaft2": "Колінчастий вал середньої якості",
  "crankshaft3": "Колінчастий вал високої якості",
  "piston1": "Поршні низької якості",
  "piston2": "Поршні середньої якості",
  "piston3": "Поршні високої якості",
  "sparkplug1": "Свічка запалювання низької якості",
  "sparkplug2": "Свічка запалювання середньої якості",
  "sparkplug3": "Свічка запалювання високої якості",
  "valve1": "Клапани низької якості",
  "valve2": "Клапани середнього якості",
  "valve3": "Клапани високої якості",
  "fuse": "Електричний запобіжник",
  "gears": "Шестерні",
  "glue": "Клей",
  "metalblade": "Металеве лезо",
  "metalpipe": "Металева труба",
  "propanetank": "Порожній пропановий балон",
  "roadsigns": "Дорожні знаки",
  "rope": "Мотузка",
  "sewingkit": "Швейний набір",
  "sheetmetal": "Лист метала",
  "metalspring": "Металева пружина",
  "sticks": "Палички",
  "tarp": "Брезент",
  "techparts": "Тех сміття",
  "riflebody": "Основа гвинтівки",
  "semibody": "Корпус напівавтомата",
  "smgbody": "Основа SMG",
  "barricade.concrete": "Бетонна барикада",
  "barricade.wood.cover": "Дерев'яна барикада",
  "barricade.metal": "Металева барикада",
  "barricade.sandbags": "Мішки з піском",
  "barricade.stone": "Кам'яна барикада",
  "barricade.wood": "Дерев'яна барикада",
  "barricade.woodwire": "Дерев'яна барикада з шипами",
  "bbq": "Барбекю",
  "trap.bear": "Встановити пастку",
  "bed": "Ліжко",
  "campfire": "Багаття",
  "ceilinglight": "Стельовий світильник",
  "chair": "Стілець",
  "composter": "Компостер",
  "computerstation": "Комп'ютерна станція",
  "dropbox": "Ящик для предметів",
  "fireplace.stone": "Кам’яний камін",
  "firework.boomer.blue": "Блакитний бумер",
  "firework.boomer.champagne": "Бумер шампанського",
  "firework.boomer.green": "Зелений Бумер",
  "firework.boomer.orange": "Помаранчевий бумер",
  "firework.boomer.red": "Червоний феєрверк",
  "firework.boomer.violet": "Фіолетовий феєрверк",
  "firework.romancandle.blue": "Синя Римська Свічка",
  "firework.romancandle.green": "Зелена римська свічка",
  "firework.romancandle.red": "Червона Римська Свічка",
  "firework.romancandle.violet": "Фіолетова Римська Свічка",
  "firework.volcano": "Білий феєрверк типу \"Вулкан\"",
  "firework.volcano.red": "Червоний феєрверк типу \"Вулкан\"",
  "firework.volcano.violet": "Фіолетовий феєрверк типу \"Вулкан\"",
  "spikes.floor": "Дерев'яні шипи",
  "fridge": "Холодильник",
  "furnace.large": "Велика піч",
  "furnace": "Піч",
  "hitchtroughcombo": "Конов'язь і годівниця",
  "habrepair": "Ремонт повітряної кулі",
  "jackolantern.angry": "Ліхтар з гарбуза (Злий)",
  "jackolantern.happy": "Ліхтар з гарбуза (Усміхнений)",
  "trap.landmine": "Міна",
  "lantern": "Ліхтар",
  "box.wooden.large": "Великий дерев‘яний ящик",
  "water.barrel": "Бочка з водою",
  "locker": "Шафа",
  "mailbox": "Поштова скринька",
  "mixingtable": "Змішувальний стіл",
  "modularcarlift": "Підйомник для транспорту",
  "mining.pumpjack": "Нафтовий насос",
  "small.oil.refinery": "Нафтопереробна станція",
  "planter.large": "Велика плантація",
  "planter.small": "Мала плантація",
  "electric.audioalarm": "Аудіо сигнал тривоги",
  "smart.alarm": "Розумна сигналізація",
  "smart.switch": "Розумний перемикач",
  "storage.monitor": "Storage Monitor",
  "electric.battery.rechargable.large": "Велика акумуляторна батарея",
  "electric.battery.rechargable.medium": "Середня акумуляторна батарея",
  "electric.battery.rechargable.small": "Невелика акумуляторна батарея",
  "electric.button": "Кнопки",
  "electric.counter": "Лічильник",
  "electric.hbhfsensor": "HBHF-датчик",
  "electric.laserdetector": "Лазерний детектор",
  "electric.pressurepad": "Нажимна плита",
  "electric.doorcontroller": "Дверний контролер",
  "electric.heater": "Електричний обігрівач",
  "fluid.combiner": "Змішувач рідини",
  "fluid.splitter": "Розріджувач рідини",
  "fluid.switch": "Перемикач рідин та насос",
  "electric.andswitch": "Перемикач \"І\"",
  "electric.blocker": "Блокувальник",
  "electrical.branch": "Електричний розгалужувач",
  "electrical.combiner": "Комбінатор живлення",
  "electrical.memorycell": "Комірка пам'яті",
  "electric.orswitch": "Перемикач \"АБО\"",
  "electric.random.switch": "Перемикач RAND",
  "electric.rf.broadcaster": "Транслятор",
  "electric.rf.receiver": "Радіоприймач",
  "electric.xorswitch": "Перемикач \"Виключне АБО\"",
  "electric.fuelgenerator.small": "Невеликий генератор",
  "electric.generator.small": "Тестовий генератор",
  "electric.solarpanel.large": "Велика сонячна панель",
  "electric.igniter": "Запальник",
  "electric.flasherlight": "Світлова мигалка",
  "electric.simplelight": "Проста лампа",
  "electric.sirenlight": "Світлова сирена",
  "powered.water.purifier": "Очисник води з живленням",
  "electric.switch": "Перемикач",
  "electric.splitter": "Розгалужувач",
  "electric.sprinkler": "Розбризкувач",
  "electric.teslacoil": "Котушка Тесли",
  "electric.timer": "Таймер",
  "electric.cabletunnel": "Кабельний тунель",
  "waterpump": "Водяний насос",
  "mining.quarry": "Гірничий кар'єр",
  "target.reactive": "Реактивна мішень",
  "box.repair.bench": "Стіл для ремонту",
  "research.table": "Стіл для дослідів",
  "rug.bear": "Килим з ведмежої шкури",
  "rug": "Килим",
  "searchlight": "Прожектор",
  "shelves": "Саморобні полиці",
  "sign.hanging.banner.large": "Великий прапор (Настінний)",
  "sign.hanging": "Двостороння вивіска",
  "sign.hanging.ornate": "Двостороння вивіска з орнаментом",
  "sign.pictureframe.landscape": "Картина в рамці (Маленька)",
  "sign.pictureframe.portrait": "Картина в рамці (Середня)",
  "sign.pictureframe.tall": "Картина в рамці (Висока)",
  "sign.pictureframe.xl": "Картина у рамці (Велика)",
  "sign.pictureframe.xxl": "Картина в рамці (Величезна)",
  "sign.pole.banner.large": "Великий прапор (На флагштоку)",
  "sign.post.double": "Покажчик напрямку (подвійний)",
  "sign.post.single": "Покажчик напрямку",
  "sign.post.town": "Дошка оголошень",
  "sign.post.town.roof": "Дошка оголошень (двостороння)",
  "sign.wooden.huge": "Величезний дерев'яний знак",
  "sign.wooden.large": "Великий дерев'яний знак",
  "sign.wooden.medium": "Середня дерев'яна табличка",
  "sign.wooden.small": "Маленький дерев'яний знак",
  "guntrap": "Пастка з дробовика",
  "sleepingbag": "Спальний мішок",
  "stash.small": "Мала схованка",
  "spinner.wheel": "Обертати колело",
  "fishtrap.small": "Пастка для риби",
  "table": "Стіл",
  "workbench1": "Робочий стіл 1 рівня",
  "workbench2": "Робочий Стіл 2 Рівня",
  "workbench3": "Робочий Стіл 3 Рівня",
  "cupboard.tool": "Шафа з інструментами",
  "tunalight": "Настінний світильник",
  "vending.machine": "Торговий автомат",
  "water.catcher.large": "Великий водозбірник",
  "water.catcher.small": "Маленький водозбірник",
  "water.purifier": "Водоочисник",
  "generator.wind.scrap": "Вітрова турбіна",
  "box.wooden": "Дерев‘яний ящик",
  "apple": "Яблуко",
  "apple.spoiled": "Гниле яблуко",
  "black.raspberries": "Чорна малина",
  "blueberries": "Чорниця",
  "botabag": "Бурдюк",
  "cactusflesh": "М'якоть кактуса",
  "can.beans": "Банка бобів",
  "can.tuna": "Бляшанка Тунця",
  "chocholate": "Шоколадний батончик",
  "fish.cooked": "Приготована риба",
  "fish.raw": "Сира риба",
  "fish.minnows": "Піскар",
  "fish.troutsmall": "Невелика форель",
  "granolabar": "Батончик зі злаками",
  "chicken.burned": "Згоріле м'ясо курки",
  "chicken.cooked": "Приготовлене м'ясо курки",
  "chicken.raw": "Сира Куряча Грудка",
  "chicken.spoiled": "Зіпсоване м'ясо курки",
  "deermeat.burned": "Згоріле м'ясо оленя",
  "deermeat.cooked": "Приготовлене м’ясо оленя",
  "deermeat.raw": "Сире оленяче м'ясо",
  "horsemeat.burned": "Згоріле коняче м’ясо",
  "horsemeat.cooked": "Приготовлене м'ясо коня",
  "horsemeat.raw": "Сира конятина",
  "humanmeat.burned": "Спалене людське м'ясо",
  "humanmeat.cooked": "Приготовлене людське м'ясо",
  "humanmeat.raw": "Сире м'ясо людини",
  "humanmeat.spoiled": "Зіпсоване людське м'ясо",
  "bearmeat.burned": "Згоріле ведмеже м'ясо",
  "bearmeat.cooked": "Приготовлене ведмеже м'ясо",
  "bearmeat": "Сире Ведмеже М'ясо",
  "wolfmeat.burned": "Спалене м'ясо вовка",
  "wolfmeat.cooked": "Запечене м'ясо вовка",
  "wolfmeat.raw": "Сире м'ясо вовка",
  "wolfmeat.spoiled": "Зіпсоване м'ясо вовка",
  "meat.pork.burned": "Спалена свинина",
  "meat.pork.cooked": "Приготовлена свинина",
  "meat.boar": "Сира свинина",
  "mushroom": "Гриб",
  "jar.pickle": "Соління",
  "smallwaterbottle": "Пляшечка Води",
  "waterjug": "Каністра для води",
  "fun.bass": "Бас-лопата",
  "fun.cowbell": "Дзвіночок",
  "drumkit": "Барабанна установка з мотлоху",
  "fun.flute": "Пан-флейта",
  "fun.guitar": "Акустична гітара",
  "fun.jerrycanguitar": "Гітара з каністри",
  "piano": "Піаніно на тачки",
  "fun.tambourine": "Бубон",
  "fun.trumpet": "Труба сантехніка",
  "fun.tuba": "Сузафон",
  "xylophone": "Ксилобон",
  "car.key": "Ключ від машини",
  "door.key": "Дверний ключ",
  "lock.key": "Дверний замок",
  "lock.code": "Кодовий Замок",
  "blueprintbase": "Креслення",
  "chineselantern": "Китайський ліхтар",
  "dragondoorknocker": "Дверний молоток Дракона",
  "hat.dragonmask": "Маска дракона",
  "newyeargong": "Новорічний гонг",
  "hat.ratmask": "Маска щура",
  "lunar.firecrackers": "Нитка петард",
  "arcade.machine.chippy": "Ігровий автомат Чіппі",
  "door.closer": "Дверний довiдник",
  "attire.bunnyears": "Кролячі вушка",
  "attire.bunny.onesie": "Костюм кролика",
  "easterdoorwreath": "Великодній вінок",
  "easterbasket": "Кошик для Яєць",
  "rustige_egg_a": "Червоне яйце Фаберже",
  "rustige_egg_b": "Синє яйце Фаберже",
  "rustige_egg_c": "Фіолетове яйце Фаберже",
  "rustige_egg_d": "Яйце Фаберже зі слонової кістки",
  "attire.nesthat": "Гніздо-капелюх",
  "easter.bronzeegg": "Бронзове Яйце",
  "easter.goldegg": "Золоте Яйце",
  "easter.paintedeggs": "Пофарбоване Яйце",
  "easter.silveregg": "Срібне Яйце",
  "halloween.candy": "Цукерка на Хеллоуїн",
  "largecandles": "Великий набір свічок",
  "smallcandles": "Набір маленьких свічок",
  "coffin.storage": "Труна",
  "cursedcauldron": "Проклятий котел",
  "gravestone": "Надгробок",
  "woodcross": "Дерев'яний хрест",
  "wall.graveyard.fence": "Паркан із цвинтаря",
  "halloween.lootbag.large": "Великий мішок зі здобиччю",
  "halloween.lootbag.medium": "Середній мішок зі здобиччю",
  "halloween.lootbag.small": "Маленький мішок зі здобиччю",
  "pumpkinbasket": "Відро з гарбузи",
  "scarecrow": "Опудало",
  "skulldoorknocker": "Дверний молоток «Череп»",
  "skull_fire_pit": "Вогнище з черепів",
  "spiderweb": "Павутина",
  "spookyspeaker": "Моторошний гучномовець",
  "halloween.surgeonsuit": "Хірургічний халат",
  "note": "Записка",
  "skull.human": "Людський череп",
  "abovegroundpool": "Надземний басейн",
  "beachchair": "Лежак",
  "beachparasol": "Пляжна парасолька",
  "beachtable": "Пляжний столик",
  "beachtowel": "Пляжний рушник",
  "boogieboard": "Дошка",
  "innertube": "Рятувальний круг",
  "innertube.horse": "Рятувальний круг",
  "innertube.unicorn": "Рятувальний круг",
  "tool.instant_camera": "Полароїд",
  "paddlingpool": "Надувний басейн",
  "photo": "Фотографія",
  "photoframe.landscape": "Горизонтальна фоторамка",
  "photoframe.large": "Величезна фоторамка",
  "photoframe.portrait": "Портретна фоторамка",
  "sunglasses02black": "Сонцезахисні окуляри",
  "sunglasses02camo": "Сонцезахисні окуляри",
  "sunglasses02red": "Сонцезахисні окуляри",
  "sunglasses03black": "Сонцезахисні окуляри",
  "sunglasses03chrome": "Сонцезахисні окуляри",
  "sunglasses03gold": "Сонцезахисні окуляри",
  "sunglasses": "Сонцезахисні окуляри",
  "gun.water": "Водяна рушниця",
  "pistol.water": "Водяний пістолет",
  "candycaneclub": "Льодянець-палиця",
  "xmas.lightstring": "Різдвяні вогні",
  "xmas.door.garland": "Святкова дверна гірлянда",
  "candycane": "Карамельна паличка",
  "giantcandycanedecor": "Величезний декоративний льодяник",
  "giantlollipops": "Гігантські декоративні льодяники на патичку",
  "pookie.bear": "Плюшеве Ведмежатко",
  "xmas.lightstring.advanced": "Розкішні різдвяні вогники",
  "coal": "Вугілля :(",
  "xmas.present.large": "Великий Подарунок",
  "xmas.present.medium": "Середній Подарунок",
  "xmas.present.small": "Маленький Подарунок",
  "snowmachine": "Генератор снігу",
  "snowball": "Сніжка",
  "snowman": "Сніговик",
  "stocking.large": "СУПЕР панчоха",
  "stocking.small": "Мала панчоха",
  "attire.reindeer.headband": "Оленячі роги",
  "santabeard": "Борода Санты",
  "santahat": "Шапка Санти",
  "xmas.window.garland": "Святкова віконна гірлянда",
  "wrappedgift": "Запакований подарунок",
  "wrappingpaper": "Обгортковий папір",
  "xmasdoorwreath": "Різдвяний вінок на двері",
  "xmas.decoration.baubels": "Декоративні ялинкові прикраси",
  "xmas.decoration.candycanes": "Декоративні пластикові льодяники",
  "xmas.decoration.gingerbreadmen": "Декоративний пряник",
  "xmas.decoration.lights": "Вогники для дерева",
  "xmas.decoration.pinecone": "Декоративні шишки",
  "xmas.decoration.star": "Ялинкова зірка",
  "xmas.decoration.tinsel": "Декоративна мішура",
  "xmas.tree": "Різдвяна ялинка",
  "autoturret": "Автоматична турель",
  "flameturret": "Вогнеметна турель",
  "gloweyes": "Очі які світяться",
  "ammo.rocket.sam": "Зенітна керована ракета",
  "samsite": "Зенітна турель \"земля-повітря\"",
  "black.berry": "Ожина",
  "clone.black.berry": "Клон ожини",
  "seed.black.berry": "Насіння ожини",
  "blue.berry": "Чорниця",
  "clone.blue.berry": "Клон синьої ягоди",
  "seed.blue.berry": "Насіння чорниці",
  "green.berry": "Зелена ягода",
  "clone.green.berry": "Клон зеленої ягоди",
  "seed.green.berry": "Насіння зеленої ягоди",
  "red.berry": "Червона ягода",
  "clone.red.berry": "Клон червоної ягоди",
  "seed.red.berry": "Насіння червоної ягоди",
  "white.berry": "Біла ягода",
  "clone.white.berry": "Клон білої ягоди",
  "seed.white.berry": "Насіння білої ягоди",
  "yellow.berry": "Жовта ягода",
  "clone.yellow.berry": "Клон жовтої ягоди",
  "seed.yellow.berry": "Насіння жовтого ягоди",
  "corn": "Кукурудза",
  "clone.corn": "Росток кукурудзи",
  "seed.corn": "Насіння кукурудзи",
  "clone.hemp": "Росток конопель",
  "seed.hemp": "Насіння коноплі",
  "potato": "Картопля",
  "clone.potato": "Клон картоплі",
  "seed.potato": "Насіння картоплі",
  "pumpkin": "Гарбуз",
  "clone.pumpkin": "Клон гарбузової плантації",
  "seed.pumpkin": "Насіння гарбуза",
  "fat.animal": "Тваринний жир",
  "battery.small": "Маленький акумулятор",
  "blood": "Кров",
  "bone.fragments": "Кісткові фрагменти",
  "cctv.camera": "Камера відеоспостереження",
  "charcoal": "Древесне вугілля",
  "cloth": "Тканина",
  "crude.oil": "Сира нафта",
  "diesel_barrel": "Дизельне паливо",
  "can.beans.empty": "Порожня банка з під бобів",
  "can.tuna.empty": "Порожня Бляшанка зі шпротів",
  "explosives": "Вибухівка",
  "fertilizer": "Добриво",
  "gunpowder": "Порох",
  "horsedung": "Кінський гній",
  "hq.metal.ore": "Металева руда високої якості",
  "metal.refined": "Високоякісний метал",
  "leather": "Шкіра",
  "lowgradefuel": "Низькоякісне пальне",
  "metal.fragments": "Металеві фрагменти",
  "metal.ore": "Металева руда",
  "paper": "Папір",
  "plantfiber": "Рослинні Волокна",
  "researchpaper": "Лист для досліджень",
  "water.salt": "Солона вода",
  "scrap": "Брухт",
  "stones": "Каміння",
  "sulfur.ore": "Сірчана руда",
  "sulfur": "Сірка",
  "targeting.computer": "Комп'ютер спостереження",
  "water": "Вода",
  "skull.wolf": "Череп Вовка",
  "wood": "Деревина",
  "healingtea.advanced": "Прогресивний лікувальний чай",
  "healingtea": "Простий цілющий чай",
  "healingtea.pure": "Чистий цілющий чай",
  "maxhealthtea.advanced": "Прогресивний максимально лікувальний чай",
  "maxhealthtea": "Простий чай на макс. здоров'я",
  "maxhealthtea.pure": "Чистий максимальний лікувальний чай",
  "oretea.advanced": "Прогресивний рудний чай",
  "oretea": "Простий чай на руду",
  "oretea.pure": "Чистий рудний чай",
  "radiationremovetea.advanced": "Прогресивний чай для опору до радіації",
  "radiationremovetea": "Чай для опору до радіації",
  "radiationremovetea.pure": "Чистий чай для опору до радіації",
  "radiationresisttea.advanced": "Прогресивний протирадіаційний чай",
  "radiationresisttea": "Протирадіаційний чай",
  "radiationresisttea.pure": "Чистий протирадіаційний чай",
  "scraptea.advanced": "Прогресивний чай з брухту",
  "scraptea": "Простий чай на металобрухт",
  "scraptea.pure": "Чистий чай з брухту",
  "woodtea.advanced": "Прогресивний чай з дерева",
  "woodtea": "Простий чай на дерево",
  "woodtea.pure": "Чистий чай з дерева",
  "antiradpills": "Протирадіаційні пігулки",
  "tool.binoculars": "Бінокль",
  "explosive.timed": "Вибуховий заряд з таймером",
  "tool.camera": "Камера",
  "rf.detonator": "Дистанційний пульт",
  "fishingrod.handmade": "Саморобна вудка",
  "flare": "Фаєр",
  "flashlight.held": "Ліхтарик",
  "geiger.counter": "Лічильник Гейгера",
  "hosetool": "Шланг",
  "jackhammer": "Відбійний молоток",
  "keycard_blue": "Синя картка доступу",
  "keycard_green": "Зелена картка доступу",
  "keycard_red": "Червона картка доступу",
  "largemedkit": "Велика Аптечка",
  "map": "Паперова мапа",
  "syringe.medical": "Медичний Шприц",
  "rf_pager": "Пейджер",
  "building.planner": "Будівельний план",
  "grenade.smoke": "Димова граната",
  "supply.signal": "Сигнальна граната",
  "surveycharge": "Геологічний заряд",
  "wiretool": "Інструмент провідки",
  "vehicle.chassis.2mod": "Маленьке шасі",
  "vehicle.chassis.3mod": "Середнє шасі",
  "vehicle.chassis.4mod": "Велике шасі",
  "vehicle.chassis": "Базове шасі",
  "vehicle.1mod.cockpit": "Модуль транспортного засобу в кабіні",
  "vehicle.1mod.cockpit.armored": "Броньований модуль",
  "vehicle.1mod.cockpit.with.engine": "Кабіна з двигуном",
  "vehicle.1mod.engine": "Модуль двигуна транспорту",
  "vehicle.1mod.flatbed": "Модуль двигуна автомобіля",
  "vehicle.1mod.passengers.armored": "Броньований пасажирський модуль автомобіля",
  "vehicle.1mod.rear.seats": "Модуль задніх сидінь",
  "vehicle.1mod.storage": "Пасажирський модуль",
  "vehicle.2mod.flatbed": "Модуль для Великої Вантажівки",
  "vehicle.2mod.fuel.tank": "Паливний бак",
  "vehicle.2mod.passengers": "Пасажирський модуль",
  "vehicle.module": "Базовий модуль транспорту",
  "weapon.mod.8x.scope": "Приціл 16х",
  "weapon.mod.flashlight": "Підствольний ліхтарик",
  "weapon.mod.holosight": "Голографічний приціл",
  "weapon.mod.lasersight": "Лазерний приціл",
  "weapon.mod.muzzleboost": "Дульний прискорювач",
  "weapon.mod.muzzlebrake": "Дулове гальмо",
  "weapon.mod.simplesight": "Простий саморобний приціл",
  "weapon.mod.silencer": "Глушник",
  "weapon.mod.small.scope": "Приціл 8х",
  "rifle.ak": "Штурмова гвинтівка",
  "bandage": "Бинт",
  "grenade.beancan": "Граната з бляшанки",
  "rifle.bolt": "Гвинтівка з затвором",
  "bone.club": "Кістяна булава",
  "knife.bone": "Кістяний Ніж",
  "bow.hunting": "Мисливський лук",
  "cakefiveyear": "Святковий торт",
  "chainsaw": "Бензопила",
  "salvaged.cleaver": "Великий ніж м'ясника",
  "bow.compound": "Композитний лук",
  "crossbow": "Арбалет",
  "shotgun.double": "Двоствольний дробовик",
  "pistol.eoka": "Саморобний пістолет",
  "grenade.f1": "Граната F1",
  "flamethrower": "Вогнемет",
  "multiplegrenadelauncher": "Багатозарядний гранатомет",
  "knife.butcher": "Ніж м'ясника",
  "pitchfork": "Вила",
  "sickle": "Серп",
  "hammer": "Киянка",
  "hatchet": "Сокира",
  "knife.combat": "Бойовий ніж",
  "rifle.l96": "Гвинтівка L96",
  "rifle.lr300": "Штурмова гвинтівка LR-300",
  "lmg.m249": "Кулемет M249",
  "rifle.m39": "Гвинтівка L39",
  "pistol.m92": "Пістолет M92",
  "mace": "Булава",
  "machete": "Мачете",
  "smg.mp5": "MP5A4",
  "pistol.nailgun": "Цвяхозабивач",
  "paddle": "Paddle",
  "pickaxe": "Кірка",
  "shotgun.waterpipe": "Саморобний Дробовик",
  "pistol.python": "Револьвер \"Пітон\" ",
  "pistol.revolver": "Револьвер",
  "rock": "Камінь",
  "rocket.launcher": "Ракетниця",
  "axe.salvaged": "Саморобна сокира",
  "hammer.salvaged": "Саморобний молот",
  "icepick.salvaged": "Саморобний льодоруб",
  "explosive.satchel": "Ранцевий заряд",
  "shotgun.pump": "Помповий дробовик",
  "pistol.semiauto": "Напівавтоматичний пістолет",
  "rifle.semiauto": "Напівавтоматична гвинтівка",
  "smg.2": "Пістолет-кулемет (Саморобний)",
  "shotgun.spas12": "Дробовик Spas-12",
  "stonehatchet": "Кам‘яна сокира",
  "stone.pickaxe": "Кам‘яна кирка",
  "spear.stone": "Кам‘яний спис",
  "longsword": "Довгий меч",
  "salvaged.sword": "Саморобний меч",
  "smg.thompson": "Пістолет-кулемет (Томпсон)",
  "toolgun": "Garry's Mod Tool Gun",
  "torch": "Смолоскип",
  "bucket.water": "Відро води",
  "spear.wooden": "Дерев'яний спис",
  "horse.armor.roadsign": "Кінний панцир із дорожніх знаків",
  "horse.armor.wood": "Кінний панцир із дерева",
  "horse.saddlebag": "Сідельна сумка",
  "horse.shoes.advanced": "Підкови високої якості",
  "horse.shoes.basic": "Звичайні підкови"
}