{
  "hat.wolf": "Cocar de Cabeça de Lobo",
  "fogmachine": "Fogger-3000",
  "strobelight": "Luz estroboscópica",
  "kayak": "Caiaque",
  "minihelicopter.repair": "Reparar Mini Helicóptero ",
  "scraptransportheli.repair": "ScrapTransportHeliRepair",
  "workcart": "Carrinho de Trabalho",
  "ammo.grenadelauncher.buckshot": "Cartucho 40mm de Caçadeira",
  "ammo.grenadelauncher.he": "Granada Explosiva 40mm",
  "ammo.grenadelauncher.smoke": "Granada de fumo 40mm",
  "arrow.hv": "Flecha de Alta Velocidade",
  "arrow.wooden": "Flecha de Madeira",
  "arrow.bone": "Flecha de osso",
  "arrow.fire": "Flecha Incendiária",
  "ammo.handmade.shell": "Cartucho Artesanal",
  "ammo.nailgun.nails": "Pregos",
  "ammo.pistol": "Bala de Pistola",
  "ammo.pistol.fire": "Bala Incendiária de Pistola",
  "ammo.pistol.hv": "Bala de Pistola AV",
  "ammo.rifle": "Munição de Espingarda 5.56",
  "ammo.rifle.explosive": "Munição Explosiva de Espingarda 5.56",
  "ammo.rifle.incendiary": "Munição Incendiária de Espingarda 5.56",
  "ammo.rifle.hv": "Munição AV de Espingarda 5.56",
  "ammo.rocket.basic": "Míssil",
  "ammo.rocket.fire": "Míssil Incendiário",
  "ammo.rocket.hv": "Míssil de Alta Velocidade",
  "ammo.rocket.smoke": "Míssil de Fumo",
  "ammo.shotgun": "Cartuchos de Calibre 12",
  "ammo.shotgun.fire": "Munição Incendiária Calibre 12",
  "ammo.shotgun.slug": "Cartucho Slug Calibre 12",
  "door.double.hinged.metal": "Porta Dupla de Folha de Metal",
  "door.double.hinged.toptier": "Porta Dupla Blindada",
  "door.double.hinged.wood": "Porta Dupla de Madeira",
  "door.hinged.metal": "Porta de Folha de Metal",
  "door.hinged.toptier": "Porta Blindada",
  "door.hinged.wood": "Porta de Madeira",
  "floor.grill": "Grelhas de pavimento",
  "floor.ladder.hatch": "Escotilha de Escada",
  "floor.triangle.grill": "Grelha de chão triangular",
  "floor.triangle.ladder.hatch": "Escotilha de escada triangular",
  "gates.external.high.stone": "Portão Externo Alto de Pedra",
  "gates.external.high.wood": "Portão Externo Alto de Madeira",
  "ladder.wooden.wall": "Escada de Madeira",
  "wall.external.high.stone": "Parede Externa Alta de Pedra",
  "wall.external.high": "Parede Externa Alta de Madeira",
  "wall.frame.cell.gate": "Portão de Cela de Prisão",
  "wall.frame.cell": "Parede de Cela de Prisão",
  "wall.frame.fence.gate": "Portão de Cerca de Arame",
  "wall.frame.fence": "Vedação de Arame",
  "wall.frame.garagedoor": "Porta de Garagem",
  "wall.frame.netting": "Rede",
  "wall.frame.shopfront": "Frente de Loja",
  "wall.frame.shopfront.metal": "Frente de Loja de Metal",
  "wall.window.bars.metal": "Barras de Janela de Metal",
  "wall.window.bars.toptier": "Janela de Vidro Reforçada",
  "wall.window.bars.wood": "Barras de Janela de Madeira",
  "shutter.metal.embrasure.a": "Fresta horizontal de metal",
  "shutter.metal.embrasure.b": "Fresta Vertical de metal",
  "wall.window.glass.reinforced": "Janela de vidro reforçado",
  "shutter.wood.a": "Persianas de Madeira",
  "watchtower.wood": "Torre de Vigia",
  "diving.fins": "Barbatanas de Mergulho",
  "diving.mask": "Máscara de mergulho",
  "diving.tank": "Tanque de mergulho",
  "diving.wetsuit": "Fato de Mergulho",
  "boots.frog": "Botins",
  "barrelcostume": "Um disfarçe de barril",
  "cratecostume": "Caixa sorrateira",
  "hat.gas.mask": "Máscara de Gás",
  "burlap.gloves.new": "Luvas de Pano",
  "burlap.gloves": "Luvas de Couro",
  "roadsign.gloves": "Luvas de Sinais de Transito",
  "tactical.gloves": "Luvas Táticas",
  "ghostsheet": "Fantasia de Fantasma",
  "halloween.mummysuit": "Fato de múmia",
  "scarecrow.suit": "Fato de espantalho ",
  "scarecrowhead": "Embrulho de Espantalho",
  "attire.hide.helterneck": "Top de couro",
  "hat.beenie": "Gorro",
  "hat.boonie": "Gorro",
  "bucket.helmet": "Capacete de Balde",
  "burlap.headwrap": "Máscara de pano",
  "hat.candle": "Chapéu de Vela",
  "hat.cap": "Chapéu de Basebol",
  "clatter.helmet": "Capacete do Ruído",
  "coffeecan.helmet": "Capacete de Lata de Café",
  "deer.skull.mask": "Capacete de Osso",
  "heavy.plate.helmet": "Capacete balístico",
  "hat.miner": "Chapéu de Mineiro",
  "partyhat": "Festa do Chapéu",
  "riot.helmet": "Capacete de Motim",
  "wood.armor.helmet": "Capacete de madeira",
  "hoodie": "Casaco de Capuz",
  "bone.armor.suit": "Armadura de Osso",
  "heavy.plate.jacket": "Colete balístico",
  "jacket.snow": "Casaco da Neve",
  "jacket": "Casaco",
  "wood.armor.jacket": "Peitoral de Madeira",
  "mask.balaclava": "Balaclava Improvisada",
  "mask.bandana": "Bandana",
  "metal.facemask": "Mascara de Metal",
  "nightvisiongoggles": "Óculos de visão noturna",
  "attire.ninja.suit": "Roupa de ninja",
  "burlap.trousers": "Calças de Pano",
  "heavy.plate.pants": "Calças de Placa Pesada",
  "attire.hide.pants": "Calças de Couro",
  "roadsign.kilt": "Saiote de Sinais de Trânsito",
  "pants.shorts": "Calções",
  "wood.armor.pants": "Calças de Armadura de Madeira",
  "pants": "Calças",
  "attire.hide.poncho": "Poncho de Couro",
  "burlap.shirt": "Camisola de Pano",
  "shirt.collared": "Camisa",
  "attire.hide.vest": "Colete de Couro",
  "shirt.tanktop": "Camisola de Alças",
  "shoes.boots": "Botas",
  "burlap.shoes": "Sapatos de Pano",
  "attire.hide.boots": "Botas de Couro",
  "attire.hide.skirt": "Saia de couro",
  "attire.banditguard": "Equipamento de Guarda Bandido",
  "hazmatsuit": "Fato Hazmat",
  "hazmatsuit_scientist": "Traje de Cientista",
  "hazmatsuit_scientist_peacekeeper": "Traje de Cientista",
  "hazmatsuit.spacesuit": "Fato Espacial",
  "scientistsuit_heavy": "Fato Pesado de Cientista",
  "jumpsuit.suit": "Macacão",
  "tshirt.long": "T-Shirt de Manga Comprida",
  "tshirt": "T-Shirt",
  "metal.plate.torso": "Colete de Metal",
  "roadsign.jacket": "Colete de Sinais de Trânsito",
  "bleach": "Lexívia",
  "ducttape": "Fita Adesiva",
  "carburetor1": "Carburador de Baixa Qualidade",
  "carburetor2": "Carburador de Média Qualidade",
  "carburetor3": "Carburador de Alta Qualidade",
  "crankshaft1": "Cambota de Baixa Qualidade",
  "crankshaft2": "Cambota de Média Qualidade",
  "crankshaft3": "Cambota de Alta Qualidade",
  "piston1": "Pistões de Baixa Qualidade",
  "piston2": "Pistões de Média Qualidade",
  "piston3": "Pistões de Alta Qualidade",
  "sparkplug1": "Velas de ignição de baixa qualidade",
  "sparkplug2": "Velas de ignição de qualidade média",
  "sparkplug3": "Velas de ignição de alta qualidade",
  "valve1": "Válvulas de baixa qualidade",
  "valve2": "Válvulas de média qualidade",
  "valve3": "Válvulas de alta qualidade",
  "fuse": "Fusível Elétrico",
  "gears": "Engrenagens",
  "glue": "Cola",
  "metalblade": "Lâmina de Metal",
  "metalpipe": "Tubo de Metal",
  "propanetank": "Tanque de Gás Vazio",
  "roadsigns": "Sinais de Trânsito",
  "rope": "Corda",
  "sewingkit": "Kit de Costura",
  "sheetmetal": "Chapa de Metal",
  "metalspring": "Mola de Metal",
  "sticks": "Paus",
  "tarp": "Lona",
  "techparts": "Lixo Tecnológico",
  "riflebody": "Corpo de Espingarda",
  "semibody": "Corpo de Semi-Automática",
  "smgbody": "Corpo de SMG",
  "barricade.concrete": "Barricada de betão",
  "barricade.wood.cover": "Barricada de Madeira",
  "barricade.metal": "Barricada de metal",
  "barricade.sandbags": "Barricada de Sacos de Areia",
  "barricade.stone": "Barricada de Pedra",
  "barricade.wood": "Barricada de Madeira",
  "barricade.woodwire": "Barricada de Madeira com Arame Farpado",
  "bbq": "Churrasco",
  "trap.bear": "Armadilha de Urso",
  "bed": "Cama",
  "campfire": "Fogueira",
  "cardtable": "Mesa de cartas",
  "ceilinglight": "Luz de Teto",
  "chair": "Cadeira",
  "composter": "Compositor",
  "computerstation": "Estação de Computador",
  "drone": "Drone",
  "dropbox": "Depósito",
  "elevator": "Elevador",
  "fireplace.stone": "Lareira de pedra",
  "firework.boomer.blue": "Fogo de artifício azul",
  "firework.boomer.champagne": "Fogo de artifício cor de champanhe ",
  "firework.boomer.green": "Fogo de artifício verde ",
  "firework.boomer.orange": "Fogo de artifício laranja",
  "firework.boomer.red": "Fogo de artifício vermelho",
  "firework.boomer.violet": "Fogo de artifício violeta",
  "firework.romancandle.blue": "Vela Romana Azul",
  "firework.romancandle.green": "Vela Romana Verde",
  "firework.romancandle.red": "Vela Romana Vermelha",
  "firework.romancandle.violet": "Vela Romana Violeta",
  "firework.volcano": "Fogo de artifício do vulcão branco",
  "firework.volcano.red": "Fogo de artifício do vulcão vermelho",
  "firework.volcano.violet": "Fogo de artifício do vulcão violeta",
  "spikes.floor": "Espigões de Madeira",
  "fridge": "Frigorífico",
  "furnace.large": "Fornalha Grande",
  "furnace": "Fornalha",
  "hitchtroughcombo": "Posto de ração",
  "habrepair": "Reparar Hab",
  "jackolantern.angry": "Abóbora de Halloween Raivosa",
  "jackolantern.happy": "Abóbora de Halloween Feliz",
  "trap.landmine": "Mina Terrestre",
  "lantern": "Lanterna",
  "box.wooden.large": "Caixa de Madeira Grande",
  "water.barrel": "Barril de Água",
  "locker": "Cacifo",
  "mailbox": "Caixa de Correio",
  "mixingtable": "Mesa de Mistura",
  "modularcarlift": "Elevador de Veículos Modulares",
  "mining.pumpjack": "Extrator de Petróleo",
  "small.oil.refinery": "Refinaria de Petróleo Pequena",
  "planter.large": "Caixa de Plantação Grande",
  "planter.small": "Canteiro de Plantas Pequeno",
  "electric.audioalarm": "Alarme Sonoro",
  "smart.alarm": "Alarme inteligente",
  "smart.switch": "Interruptor Inteligente",
  "storage.monitor": "Monitor de Armazenamento",
  "electric.battery.rechargable.large": "Bateria Recarregável Grande",
  "electric.battery.rechargable.medium": "Batéria Recarregável Média",
  "electric.battery.rechargable.small": "Bateria Recarregável Pequena",
  "electric.button": "Botão",
  "electric.counter": "Contador",
  "electric.hbhfsensor": "Sensor HBHF",
  "electric.laserdetector": "Detetor Laser",
  "electric.pressurepad": "Bloco de pressão ",
  "electric.doorcontroller": "Controlador de porta",
  "electric.heater": "Aquecedor Elétrico",
  "fluid.combiner": "Misturador de Fluidos",
  "fluid.splitter": "Divisor de Fluídos",
  "fluid.switch": "Interruptor de fluído & Bomba",
  "electric.andswitch": "Interruptor AND",
  "electric.blocker": "Bloqueador",
  "electrical.branch": "Ramo Elétrico",
  "electrical.combiner": "Combinador de Raiz",
  "electrical.memorycell": "Célula de Memória",
  "electric.orswitch": "Interruptor OR",
  "electric.random.switch": "Interruptor RAND",
  "electric.rf.broadcaster": "Emissor RF",
  "electric.rf.receiver": "Recetor RF",
  "electric.xorswitch": "Interruptor XOR",
  "electric.fuelgenerator.small": "Gerador Pequeno",
  "electric.generator.small": "Gerador de teste",
  "electric.solarpanel.large": "Painel Solar Grande",
  "electric.igniter": "Isqueiro",
  "electric.flasherlight": "Luz pisca-pisca",
  "electric.simplelight": "Luz simples",
  "electric.sirenlight": "Sirene Luminosa",
  "powered.water.purifier": "Purificador de água a eletricidade.",
  "electric.switch": "Interruptor",
  "electric.splitter": "Separador",
  "electric.sprinkler": "Aspersor",
  "electric.teslacoil": "Bobina de Tesla",
  "electric.timer": "Temporizador",
  "electric.cabletunnel": "Túnel de Cabo",
  "waterpump": "Bomba de água",
  "mining.quarry": "Extrator de Minério",
  "target.reactive": "Alvo Reativo",
  "box.repair.bench": "Bancada de Reparação",
  "research.table": "Mesa de Pesquisa",
  "rug.bear": "Tapete de Pele de Urso",
  "rug": "Tapete",
  "searchlight": "Luz de Pesquisa",
  "secretlabchair": "Cadeira de Laboratório Secreto. ",
  "shelves": "Prateleiras Recuperadas",
  "sign.hanging.banner.large": "Estandarte Grande",
  "sign.hanging": "Sinal de Dois Lados Suspenso",
  "sign.hanging.ornate": "Sinal de Dois Lados Ornamentado Suspenso",
  "sign.pictureframe.landscape": "Moldura Panorâmica",
  "sign.pictureframe.portrait": "Moldura de Retrato",
  "sign.pictureframe.tall": "Moldura Alta",
  "sign.pictureframe.xl": "Moldura XL",
  "sign.pictureframe.xxl": "Moldura XXL",
  "sign.pole.banner.large": "Estandarte Grande num poste",
  "sign.post.double": "Poste de Sinais Duplo",
  "sign.post.single": "Poste de Sinal Único",
  "sign.post.town": "Sinal de Localidade com Um Lado",
  "sign.post.town.roof": "Sinal de Localidade com Dois Lados",
  "sign.wooden.huge": "Sinal de Madeira Enorme",
  "sign.wooden.large": "Sinal de Madeira Grande",
  "sign.wooden.medium": "Placa de madeira média",
  "sign.wooden.small": "Sinal de Madeira Pequeno",
  "guntrap": "Armadilha de Caçadeira",
  "sleepingbag": "Saco-Cama",
  "stash.small": "Esconderijo Pequeno",
  "sofa": "Sofá",
  "spinner.wheel": "Roda giratória",
  "fishtrap.small": "Armadilha de Peixe de Sobrevivência",
  "table": "Mesa",
  "workbench1": "Bancada de Trabalho Nível 1",
  "workbench2": "Bancada de Trabalho Nível 2",
  "workbench3": "Bancada de Trabalho Nível 3",
  "cupboard.tool": "Armário de Ferramentas",
  "tunalight": "Lâmpada de Lata de Atum",
  "vending.machine": "Máquina de Venda",
  "water.catcher.large": "Colector de Água Grande",
  "water.catcher.small": "Coletor de Água Pequeno",
  "water.purifier": "Purificador de Água",
  "generator.wind.scrap": "Turbina de Vento",
  "box.wooden": "Caixa de Madeira",
  "apple": "Maçã",
  "apple.spoiled": "Maçã Podre",
  "black.raspberries": "Framboesas Pretas",
  "blueberries": "Mirtilos",
  "botabag": "Cantil",
  "cactusflesh": "Carne de cacto",
  "can.beans": "Lata de feijões",
  "can.tuna": "Lata de atum",
  "chocholate": "Barra de Chocolate",
  "fish.cooked": "Peixe Cozinhado",
  "fish.raw": "Peixe Cru",
  "fish.minnows": "Peixinhos",
  "fish.troutsmall": "Truta Pequena",
  "granolabar": "Barra de Cereais",
  "chicken.burned": "Galinha Queimada",
  "chicken.cooked": "Galinha Cozinhada",
  "chicken.raw": "Peito de galinha cru",
  "chicken.spoiled": "Galinha Estragada",
  "deermeat.burned": "Carne de Veado Queimada",
  "deermeat.cooked": "Carne de veado cozinhada",
  "deermeat.raw": "Carne de veado crua",
  "horsemeat.burned": "Carne de Cavalo Queimada",
  "horsemeat.cooked": "Carne de Cavalo Cozida",
  "horsemeat.raw": "Carne de Cavalo Crua",
  "humanmeat.burned": "Carne Humana Queimada",
  "humanmeat.cooked": "Carne Humana Cozinhada",
  "humanmeat.raw": "Carne Humana Crua",
  "humanmeat.spoiled": "Carne Humana Estragada",
  "bearmeat.burned": "Carne de Urso Queimada",
  "bearmeat.cooked": "Carne de urso cozida",
  "bearmeat": "Carne de urso crua",
  "wolfmeat.burned": "Carne de Lobo Queimada",
  "wolfmeat.cooked": "Carne de Lobo Cozinhada",
  "wolfmeat.raw": "Carne de Lobo Crua",
  "wolfmeat.spoiled": "Carne de Lobo Estragada",
  "meat.pork.burned": "Carne de porco queimada",
  "meat.pork.cooked": "Carne de Porco Cozinhada",
  "meat.boar": "Carne de porco crua",
  "mushroom": "Cogumelo",
  "jar.pickle": "Picles",
  "smallwaterbottle": "Garrafa de Água Pequena",
  "waterjug": "Bidão de Água",
  "fun.bass": "Baixo pá",
  "fun.cowbell": "Chocalho",
  "drumkit": "Bateria de lixo",
  "fun.flute": "Fluta de Pan",
  "fun.guitar": "Guitarra Acústica",
  "fun.jerrycanguitar": "Guitarra de Jerrycan",
  "piano": "Piano carrinho de mão",
  "fun.tambourine": "Canbourine",
  "fun.trumpet": "Trompete do Canalizador",
  "fun.tuba": "Sousaphone",
  "xylophone": "Xilofone",
  "car.key": "Chave do carro",
  "door.key": "Chave de Porta",
  "lock.key": "Fechadura",
  "lock.code": "Fechadura de Código",
  "blueprintbase": "Esquema",
  "chineselantern": "Lanterna chinesa",
  "dragondoorknocker": "Aldrava de porta de dragão",
  "hat.dragonmask": "Máscara de dragão",
  "newyeargong": "Gongo de Ano Novo",
  "hat.oxmask": "Máscara de Boi",
  "hat.ratmask": "Máscara de Rato",
  "lunar.firecrackers": "Cordão de Bombinhas",
  "arcade.machine.chippy": "Jogo de arcade Chippy",
  "door.closer": "Mola de Porta",
  "attire.bunnyears": "Orelhas de Coelho",
  "attire.bunny.onesie": "Macacão de coelhinho",
  "hat.bunnyhat": "Chapéu de coelhinho",
  "easterdoorwreath": "Grinalda de Páscoa para Porta",
  "easterbasket": "Cesta de Ovos",
  "rustige_egg_a": "Rustig? Ovo - Vermelho",
  "rustige_egg_b": "Rustig? Ovo - Azul",
  "rustige_egg_c": "Rustig? Ovo - Roxo",
  "rustige_egg_d": "Rustig? Ovo - Marfim",
  "rustige_egg_e": "Rustig? Ovo - Verde",
  "attire.nesthat": "Chapéu de Ninho",
  "easter.bronzeegg": "Ovo de Bronze",
  "easter.goldegg": "Ovo Dourado",
  "easter.paintedeggs": "Ovo Pintado",
  "easter.silveregg": "Ovo Prateado",
  "halloween.candy": "Doces de Halloween",
  "largecandles": "Grande Conjunto de Velas",
  "smallcandles": "Conjunto de velas pequenas",
  "coffin.storage": "Caixão",
  "cursedcauldron": "Caldeirão Amaldiçoado",
  "gravestone": "Lápide",
  "woodcross": "Cruz de Madeira",
  "wall.graveyard.fence": "Cerca de cemitério",
  "halloween.lootbag.large": "Saco de Loot grande",
  "halloween.lootbag.medium": "Saco de Loot Médio",
  "halloween.lootbag.small": "Saco de Loot pequeno",
  "pumpkinbasket": "Balde de Abóbora",
  "scarecrow": "Espantalho",
  "skullspikes.candles": "Espinho de Crânio",
  "skullspikes.pumpkin": "Espinho de Crânio",
  "skullspikes": "Espinho de Crânio",
  "skulldoorknocker": "Aldrava de porta em forma de crânio",
  "skull_fire_pit": "Fogueira de Caveiras",
  "spiderweb": "Teias de aranha",
  "spookyspeaker": "Alti-falante Assustador",
  "halloween.surgeonsuit": "Bata do cirurgião",
  "skull.trophy.jar": "Troféu de Crânio",
  "skull.trophy.jar2": "Troféu de Crânio",
  "skull.trophy.table": "Troféu de Crânio",
  "skull.trophy": "Troféu de Crânio",
  "movembermoustachecard": "Carta de Bigode Movember ",
  "movembermoustache": "Bigode Movember",
  "note": "Anotação",
  "skull.human": "Caveira humana",
  "abovegroundpool": "Piscina Acima do Solo",
  "beachchair": "Cadeira de Praia",
  "beachparasol": "Guarda-sol de Praia",
  "beachtable": "Mesa de Praia",
  "beachtowel": "Toalha de Praia",
  "boogieboard": "Boogie Board",
  "innertube": "Tubo Interno",
  "innertube.horse": "Tubo Interno",
  "innertube.unicorn": "Tubo Interno",
  "tool.instant_camera": "Câmera Instantânea",
  "paddlingpool": "Piscina Inflável",
  "photo": "Fotografia",
  "photoframe.landscape": "Moldura para Fotos Panorâmicas",
  "photoframe.large": "Moldura Grande para Fotos",
  "photoframe.portrait": "Moldura de Retrato",
  "sunglasses02black": "Óculos de Sol",
  "sunglasses02camo": "Óculos de Sol",
  "sunglasses02red": "Óculos de Sol",
  "sunglasses03black": "Óculos de Sol",
  "sunglasses03chrome": "Óculos de Sol",
  "sunglasses03gold": "Óculos de Sol",
  "sunglasses": "Óculos de Sol",
  "gun.water": "Arma de Água",
  "pistol.water": "Pistola de Água",
  "twitchsunglasses": "Óculos de sol roxos",
  "twitch.headset": "Headset",
  "hobobarrel": "Barril de Sem-Abrigo",
  "door.hinged.industrial.a": "Porta industrial",
  "candycaneclub": "Bastão de cana doce",
  "xmas.lightstring": "Luzes de Natal",
  "xmas.door.garland": "Guirlanda de porta festiva",
  "candycane": "Cana doce",
  "giantcandycanedecor": "Decoração Gigante De Doces",
  "wall.ice.wall": "Parede de Gelo Baixa",
  "wall.external.high.ice": "Parede de Gelo Alta",
  "giantlollipops": "Decoração Gigante de Lollipop",
  "sign.neon.125x125": "Sinal de Néon Pequeno",
  "sign.neon.125x215.animated": "Letreiro de Néon Médio Animado",
  "sign.neon.125x215": "Letreiro de Néon Médio",
  "sign.neon.xl.animated": "Letreiro de Néon Grande Animado",
  "sign.neon.xl": "Letreiro de Néon Grande",
  "pookie.bear": "Ursinho Carinhoso",
  "xmas.lightstring.advanced": "Luzes de Natal Deluxe",
  "coal": "Carvão :(",
  "xmas.present.large": "Presente Grande",
  "xmas.present.medium": "Presente Médio",
  "xmas.present.small": "Presente Pequeno",
  "sled.xmas": "Trenó",
  "sled": "Trenó",
  "snowmachine": "Máquina de Neve",
  "snowball": "Bola de neve",
  "snowballgun": "Pistola de Bolas de Neve",
  "snowman": "Boneco de Neve",
  "stocking.large": "SUPER Meia",
  "stocking.small": "Meia Pequena",
  "attire.reindeer.headband": "Chifres de rena",
  "santabeard": "Barba do Pai Natal",
  "santahat": "Chapéu de Pai Natal",
  "xmas.window.garland": "Guirlanda de janela festiva",
  "wrappedgift": "Presente Embrulhado",
  "wrappingpaper": "Papel de Embrulho",
  "xmasdoorwreath": "Coroa de natal",
  "xmas.decoration.baubels": "Baubels Decorativos",
  "xmas.decoration.candycanes": "Bastões de doces plásticos decorativos",
  "xmas.decoration.gingerbreadmen": "Homens decorativos de gengibre",
  "xmas.decoration.lights": "Luzes de Árvore",
  "xmas.decoration.pinecone": "Pinhas decorativas",
  "xmas.decoration.star": "Star Tree Topper",
  "xmas.decoration.tinsel": "Ouropel decorativo",
  "xmas.tree": "Árvore de Natal",
  "autoturret": "Torreta automática",
  "flameturret": "Torre Incendiária",
  "gloweyes": "Olhos brilhantes",
  "ammo.rocket.sam": "Munição SAM",
  "samsite": "Local de Sistema Anti-Aéreo ",
  "black.berry": "Fruta Preta",
  "clone.black.berry": "Clone de Fruta Preta",
  "seed.black.berry": "Semente de Fruta Preta",
  "blue.berry": "Fruta Azul",
  "clone.blue.berry": "Clone de Fruta Azul",
  "seed.blue.berry": "Semente de Fruta Azul",
  "green.berry": "Fruta Verde",
  "clone.green.berry": "Clone de Fruta Verde",
  "seed.green.berry": "Semente de Fruta Verde",
  "red.berry": "Fruta Vermelha",
  "clone.red.berry": "Clone de Fruta Vermelha",
  "seed.red.berry": "Semente de Fruta Vermelha",
  "white.berry": "Fruta Branca",
  "clone.white.berry": "Clone de Fruta Branca",
  "seed.white.berry": "Semente de Fruta Branca",
  "yellow.berry": "Fruta Amarela",
  "clone.yellow.berry": "Clone de Fruta Amarelo",
  "seed.yellow.berry": "Semente de Fruta Amarela",
  "corn": "Milho",
  "clone.corn": "Clone de Milho",
  "seed.corn": "Semente de Milho",
  "clone.hemp": "Clone de Linho",
  "seed.hemp": "Semente de Linho",
  "potato": "Batata",
  "clone.potato": "Clone de Batata",
  "seed.potato": "Semente de Batata",
  "pumpkin": "Abóbora",
  "clone.pumpkin": "Clone de Planta de Abóbora",
  "seed.pumpkin": "Semente de Abóbora",
  "fat.animal": "Gordura Animal",
  "battery.small": "Bateria - Pequena",
  "blood": "Sangue",
  "bone.fragments": "Fragmentos de Osso",
  "cctv.camera": "Câmara CCTV",
  "charcoal": "Carvão",
  "cloth": "Tecido",
  "crude.oil": "Petróleo Bruto",
  "diesel_barrel": "Gasóleo",
  "can.beans.empty": "Lata de feijões vazia",
  "can.tuna.empty": "Lata de Atum Vazia",
  "explosives": "Explosivos",
  "fertilizer": "Fertilizante",
  "gunpowder": "Pólvora",
  "horsedung": "Estrume de cavalo",
  "hq.metal.ore": "Minério de Metal de Alta Qualidade",
  "metal.refined": "Metal de Alta Qualidade",
  "leather": "Couro",
  "lowgradefuel": "Combustível de Baixo Grau",
  "metal.fragments": "Fragmentos de metal",
  "metal.ore": "Minério de Metal",
  "paper": "Papel",
  "plantfiber": "Fibra de planta",
  "researchpaper": "Papel de Pesquisa",
  "water.salt": "Água Salgada",
  "scrap": "Sucata",
  "stones": "Pedras",
  "sulfur.ore": "Minério de Enxofre",
  "sulfur": "Enxofre",
  "targeting.computer": "Computador de Alvo",
  "water": "Água",
  "skull.wolf": "Crânio de Lobo",
  "wood": "Madeira",
  "healingtea.advanced": "Chá de Cura Avançado",
  "healingtea": "Chá de Cura Básico",
  "healingtea.pure": "Chá de Cura Puro",
  "maxhealthtea.advanced": "Chá de Vida Máx Avançado",
  "maxhealthtea": "Chá de Vida Máx Básico",
  "maxhealthtea.pure": "Chá de Vida Máx Puro",
  "oretea.advanced": "Chá de Minério Avançado",
  "oretea": "Chá de Minério Básico",
  "oretea.pure": "Chá de Minério Puro",
  "radiationremovetea.advanced": "Rad. Chá de Remoção Avançado",
  "radiationremovetea": "Rad. Chá de Remoção",
  "radiationremovetea.pure": "Rad. Chá de Remoção Puro",
  "radiationresisttea.advanced": "Chá Anti-Rad Avançado",
  "radiationresisttea": "Chá Anti-Rad",
  "radiationresisttea.pure": "Chá Anti-Rad Puro",
  "scraptea.advanced": "Chá de Sucata Avançado",
  "scraptea": "Chá de Sucata Básico",
  "scraptea.pure": "Chá de Sucata Puro",
  "woodtea.advanced": "Chá de Madeira Avançado",
  "woodtea": "Chá de Madeira Básico",
  "woodtea.pure": "Chá de Madeira Puro",
  "antiradpills": "Comprimidos Anti-Radiação",
  "tool.binoculars": "Binóculos",
  "explosive.timed": "Carga Explosiva Temporizada",
  "tool.camera": "Câmera",
  "rf.detonator": "Transmissor de RF",
  "fishingrod.handmade": "Cana de pesca artesanal",
  "flare": "Sinalizador",
  "flashlight.held": "Lanterna",
  "geiger.counter": "Contador Geiger",
  "hosetool": "Mangueira Ferramenta",
  "jackhammer": "Martelo pneumático",
  "keycard_blue": "Cartão azul",
  "keycard_green": "Cartão verde",
  "keycard_red": "Cartão vermelho",
  "largemedkit": "Kit médico grande",
  "map": "Mapa de Papel",
  "syringe.medical": "Seringa Médica",
  "rf_pager": "Monitor de Radiofrequência",
  "building.planner": "Plano de construção",
  "grenade.smoke": "Granada de Fumo",
  "supply.signal": "Sinal de Suprimentos",
  "surveycharge": "Carga de Sondagem",
  "wiretool": "Ferramenta de Fio",
  "vehicle.chassis.2mod": "Chassi Pequeno",
  "vehicle.chassis.3mod": "Chassi Médio",
  "vehicle.chassis.4mod": "Chassi Grande",
  "vehicle.chassis": "Chassis de veículo genérico",
  "vehicle.1mod.cockpit": "Módulo de Veículo do Cockpit",
  "vehicle.1mod.cockpit.armored": "Módulo de veículo blindado para cockpit",
  "vehicle.1mod.cockpit.with.engine": "Cabina do piloto com módulo de veículo motorizado",
  "vehicle.1mod.engine": "Módulo do veículo motorizado",
  "vehicle.1mod.flatbed": "Módulo de veículo de mesa",
  "vehicle.1mod.passengers.armored": "Módulo de Passageiro Blindado",
  "vehicle.1mod.rear.seats": "Módulo de veículo de assentos traseiros",
  "vehicle.1mod.storage": "Módulo de veículo de armazenamento",
  "vehicle.1mod.taxi": "Módulo de Táxi",
  "vehicle.2mod.flatbed": "Módulo de veículo de mesa grande",
  "vehicle.2mod.fuel.tank": "Módulo do veículo do tanque de combustível",
  "vehicle.2mod.passengers": "Módulo de veículo de passageiro",
  "vehicle.module": "Módulo de veículo genérico",
  "boombox": "Caixa de Som",
  "fun.boomboxportable": "Caixa de Boom Portátil",
  "cassette": "Cassette - Longo",
  "cassette.medium": "Cassette - Médio",
  "cassette.short": "Cassette - Curto",
  "fun.casetterecorder": "Gravador de Cassette",
  "discoball": "Bola de Discoteca",
  "discofloor": "Chão da Discoteca",
  "discofloor.largetiles": "Chão da Discoteca",
  "connected.speaker": "Alto-falante Conectado",
  "laserlight": "Luz Laser",
  "megaphone": "Megafone",
  "microphonestand": "Estande do Microfone",
  "mobilephone": "Telemóvel",
  "soundlight": "Som claro",
  "telephone": "Telefone",
  "weapon.mod.8x.scope": "Mira de Aumento 16x",
  "weapon.mod.flashlight": "Lanterna para Arma",
  "weapon.mod.holosight": "Mira Holográfica",
  "weapon.mod.lasersight": "Mira Laser para Arma",
  "weapon.mod.muzzleboost": "Melhora de Recuo",
  "weapon.mod.muzzlebrake": "Tapa Chamas",
  "weapon.mod.simplesight": "Mira Simples Feita À Mão",
  "weapon.mod.silencer": "Silenciador",
  "weapon.mod.small.scope": "Mira de Aumento 8x",
  "rifle.ak": "Espingarda de Assalto",
  "bandage": "Ligadura",
  "grenade.beancan": "Granada de Lata de Feijões",
  "rifle.bolt": "Rifle de Longo Alcance",
  "bone.club": "Clava de Osso",
  "knife.bone": "Faca de Osso",
  "bow.hunting": "Arco de Caça",
  "cakefiveyear": "Bolo de aniversário",
  "chainsaw": "Motosserra",
  "salvaged.cleaver": "Cutelo Recondicionado",
  "bow.compound": "Arco Composto",
  "crossbow": "Besta",
  "shotgun.double": "Caçadeira de Cano Duplo",
  "pistol.eoka": "Pistola Eoka",
  "grenade.f1": "Granada de fragmentação",
  "flamethrower": "Lança-Chamas",
  "multiplegrenadelauncher": "Múltiplos Lançador de Granadas",
  "knife.butcher": "Faca do talho",
  "pitchfork": "Forquilha",
  "sickle": "Foice",
  "hammer": "Martelo",
  "hatchet": "Machado",
  "knife.combat": "Faca de combate",
  "rifle.l96": "Espingarda L96",
  "rifle.lr300": "Espingarda de Assalto LR-300",
  "lmg.m249": "M249",
  "rifle.m39": "Espingarda M39",
  "pistol.m92": "Pistola M92",
  "mace": "Maço",
  "machete": "Machete",
  "smg.mp5": "MP5A4",
  "pistol.nailgun": "Pistola de pregos",
  "paddle": "Remo",
  "pickaxe": "Picareta",
  "shotgun.waterpipe": "Caçadeira de Tubo de Água",
  "pistol.python": "Revólver Python",
  "pistol.revolver": "Revólver",
  "rock": "Rocha",
  "rocket.launcher": "Lança-Mísseis",
  "axe.salvaged": "Machado Recondicionado",
  "hammer.salvaged": "Martelo Recuperado",
  "icepick.salvaged": "Picareta de Gelo Recuperada",
  "explosive.satchel": "Mochila explosiva",
  "shotgun.pump": "Caçadeira de Bomba",
  "pistol.semiauto": "Pistola Semi-Automática",
  "rifle.semiauto": "Espingarda Semi-Automática",
  "smg.2": "SMG personalizada",
  "shotgun.spas12": "Espingarda Spas-12",
  "stonehatchet": "Machado de Pedra",
  "stone.pickaxe": "Picareta de Pedra",
  "spear.stone": "Lança de Pedra",
  "longsword": "Espada Comprida",
  "salvaged.sword": "Espada Recuperada",
  "smg.thompson": "Thompson",
  "toolgun": "Arma de Mods de Garry’s Mod",
  "torch": "Tocha",
  "bucket.water": "Balde de Água",
  "spear.wooden": "Lança de Madeira",
  "horse.armor.roadsign": "Armadura de metal para cavalo",
  "horse.armor.wood": "Armadura de madeira para cavalo",
  "horse.saddle": "Sela de Cavalo",
  "horse.saddlebag": "Bolsa de cela",
  "horse.shoes.advanced": "Sapatos de cavalo de alta qualidade",
  "horse.shoes.basic": "Ferraduras de cavalo normais"
}