{
  "hat.wolf": "Wolfshoofddeksel",
  "fogmachine": "Rookmachine-3000",
  "strobelight": "Stroboscoop",
  "kayak": "Kajak",
  "minihelicopter.repair": "Minicopter repareren",
  "scraptransportheli.repair": "ScrapTransportHeliRepair Dummy",
  "ammo.grenadelauncher.buckshot": "40mm Shotgun Patroon",
  "ammo.grenadelauncher.he": "40mm HE granaat",
  "ammo.grenadelauncher.smoke": "40mm Rookgranaat",
  "arrow.hv": "Hoge snelheids pijl",
  "arrow.wooden": "Houten pijl",
  "arrow.bone": "Botpijl",
  "arrow.fire": "Vuurpijl",
  "ammo.handmade.shell": "Handgemaakt Patroon",
  "ammo.nailgun.nails": "Nagelgeweer nagels",
  "ammo.pistol": "Pistool kogel",
  "ammo.pistol.fire": "Ontvlambare Pistoolkogel",
  "ammo.pistol.hv": "HS Pistool Munitie",
  "ammo.rifle": "5.56 Geweer Munitie",
  "ammo.rifle.explosive": "Explosieve 5.56 Geweer Kogels",
  "ammo.rifle.incendiary": "Ontvlambare 5.56 Geweer Munitie",
  "ammo.rifle.hv": "HS 5.56 Geweer Munitie",
  "ammo.rocket.basic": "Raket",
  "ammo.rocket.fire": "Ontvlambare Raket",
  "ammo.rocket.hv": "Hogesnelheidsraket",
  "ammo.rocket.smoke": "Rookraket WIP!!!!",
  "ammo.shotgun": "Hagelpatroon",
  "ammo.shotgun.fire": "12 Gauge Ontvlambaar Patroon",
  "ammo.shotgun.slug": "12 Gauge Hagelpatroon",
  "door.double.hinged.metal": "Dubbele Plaatwerk Deur",
  "door.double.hinged.toptier": "Gepantserde dubbele deur",
  "door.double.hinged.wood": "Houten Dubbele Deur",
  "door.hinged.metal": "Plaatmetaal deur",
  "door.hinged.toptier": "Gepantserd Deur",
  "door.hinged.wood": "Houten Deur",
  "floor.grill": "Vloergrill",
  "floor.ladder.hatch": "Ladder luik",
  "floor.triangle.grill": "Vloer driehoek grill",
  "floor.triangle.ladder.hatch": "Triangle Ladder Hatch",
  "gates.external.high.stone": "Hoge externe stenen poort",
  "gates.external.high.wood": "Hoge Externe Houten Poort",
  "ladder.wooden.wall": "Houten Ladder",
  "wall.external.high.stone": "Hoge Externe Stenen Muur",
  "wall.external.high": "Hoge Externe Houten Muur",
  "wall.frame.cell.gate": "Gevangenis cel poort",
  "wall.frame.cell": "Gevangenis cel muur",
  "wall.frame.fence.gate": "Gaaswerken poort",
  "wall.frame.fence": "Gaaswerken hek",
  "wall.frame.garagedoor": "GarageDeur",
  "wall.frame.netting": "Netmateriaal",
  "wall.frame.shopfront": "Een toonbank",
  "wall.frame.shopfront.metal": "Metalen Winkelpui",
  "wall.window.bars.metal": "Metalen raam hek",
  "wall.window.bars.toptier": "Versterkt venster",
  "wall.window.bars.wood": "Houten venster hek",
  "shutter.metal.embrasure.a": "Metalen horizontale schietgat",
  "shutter.metal.embrasure.b": "Metalen verticaal schietgat",
  "wall.window.glass.reinforced": "Versterkt raam",
  "shutter.wood.a": "Houten luiken",
  "watchtower.wood": "Uitkijktoren",
  "diving.fins": "Duikvinnen",
  "diving.mask": "Duikmasker",
  "diving.tank": "Duiktank",
  "diving.wetsuit": "Wetsuit",
  "boots.frog": "Kikker Laarzen",
  "barrelcostume": "Een Ton Pak",
  "cratecostume": "Kisten kostuum",
  "burlap.gloves.new": "Jute Handschoenen",
  "burlap.gloves": "Leren handschoenen",
  "roadsign.gloves": "Verkeersbord handschoenen",
  "tactical.gloves": "Tactische handschoenen",
  "ghostsheet": "Spook kostuum",
  "halloween.mummysuit": "Mummie pak",
  "scarecrow.suit": "Vogelverschrikkerpak",
  "scarecrowhead": "Vogelverschrikker Hoed",
  "attire.hide.helterneck": "Huid Halterneck",
  "hat.beenie": "Muts",
  "hat.boonie": "Boonie hoed",
  "bucket.helmet": "Emmerhelm",
  "burlap.headwrap": "Jute hoofdwikkel",
  "hat.candle": "Kaarshelm",
  "hat.cap": "Baseballpet",
  "clatter.helmet": "Clatter-helm",
  "coffeecan.helmet": "Koffiekan Helm",
  "deer.skull.mask": "Botten Helm",
  "heavy.plate.helmet": "Zwaar bepantserde helm",
  "hat.miner": "Mijnwerkershelm",
  "partyhat": "Feesthoed",
  "riot.helmet": "Rel helm",
  "wood.armor.helmet": "Houten helm",
  "hoodie": "Hoodie",
  "bone.armor.suit": "Bot Armor",
  "heavy.plate.jacket": "Zwaar bepantserd jack",
  "jacket.snow": "Winterjas",
  "jacket": "Jas",
  "wood.armor.jacket": "Houten borstplaat",
  "mask.balaclava": "Geïmproviseerde Balaclava",
  "mask.bandana": "Bandana Masker",
  "metal.facemask": "Metalen Masker",
  "nightvisiongoggles": "Nachtzicht bril",
  "burlap.trousers": "Jute broek",
  "heavy.plate.pants": "Zwaar bepantserde broek",
  "attire.hide.pants": "Huiden broek",
  "roadsign.kilt": "Verkeersbordenkilt",
  "pants.shorts": "Korte broek",
  "wood.armor.pants": "Houten Pantser broek",
  "pants": "Broek",
  "attire.hide.poncho": "Huid poncho",
  "burlap.shirt": "Jute Shirt",
  "shirt.collared": "Shirt",
  "attire.hide.vest": "Huid vest",
  "shirt.tanktop": "Hemd",
  "shoes.boots": "Laarzen",
  "burlap.shoes": "Jute schoenen",
  "attire.hide.boots": "Huiden schoenen",
  "attire.hide.skirt": "Huid rok",
  "attire.banditguard": "Bandiet Bewaker Uitrusting",
  "hazmatsuit": "Gaspak",
  "hazmatsuit_scientist": "Wetenschapper Pak",
  "hazmatsuit_scientist_peacekeeper": "Wetenschapper Pak",
  "hazmatsuit.spacesuit": "Ruimtepak",
  "scientistsuit_heavy": "Heavy Scientist Suit",
  "tshirt.long": "Een t-shirt met lange mouwen",
  "tshirt": "T-shirt",
  "metal.plate.torso": "Metalen Borstplaat",
  "roadsign.jacket": "Verkeersbordenjas",
  "bleach": "Bleekmiddel",
  "ducttape": "Duct tape",
  "carburetor1": "Carburateur van lage kwaliteit",
  "carburetor2": "Carburateur van gemiddelde kwaliteit",
  "carburetor3": "Carburateur van hoge kwaliteit",
  "crankshaft1": "Krukas van lage kwaliteit",
  "crankshaft2": "Krukas van gemiddelde kwaliteit",
  "crankshaft3": "Krukas van hoge kwaliteit",
  "piston1": "Lage kwaliteit Pistons",
  "piston2": "Gemiddelde Kwaliteit Pistons",
  "piston3": "Hoge kwaliteit Pistons",
  "sparkplug1": "Bougies van lage kwaliteit",
  "sparkplug2": "Bougies van gemiddelde kwaliteit",
  "sparkplug3": "Bougies van Hoge kwaliteit",
  "valve1": "Kleppen van lage kwaliteit",
  "valve2": "Kleppen van gemiddelde kwaliteit",
  "valve3": "Kleppen van hoge kwaliteit",
  "fuse": "Elektrische zekering",
  "gears": "Tandwielen",
  "glue": "Lijm",
  "metalblade": "Metalen blad",
  "metalpipe": "Metalen pijp",
  "propanetank": "Lege Propaan Tank",
  "roadsigns": "Verkeersborden",
  "rope": "Touw",
  "sewingkit": "Naaidoosje",
  "sheetmetal": "Metaalplaat",
  "metalspring": "Metalen veer",
  "sticks": "Stokken",
  "tarp": "Zeil",
  "techparts": "Tech Troep",
  "riflebody": "Geweerkolf",
  "semibody": "Halfautomatisch herladingsmechanisme",
  "smgbody": "Machinepistool Herladingsmechanisme",
  "barricade.concrete": "Betonnen Barricade",
  "barricade.wood.cover": "Houten Barricade Bescherming",
  "barricade.metal": "Metalen barricade",
  "barricade.sandbags": "Zandzak Barricade",
  "barricade.stone": "Stenen barricade",
  "barricade.wood": "Houten barricade",
  "barricade.woodwire": "Houten barricade met prikkeldraad",
  "bbq": "Barbecue",
  "trap.bear": "Berenval",
  "bed": "Bed",
  "campfire": "Kampvuur",
  "ceilinglight": "Plafond lamp",
  "chair": "Stoel",
  "composter": "Composter",
  "computerstation": "Computer station",
  "dropbox": "Drop Box",
  "elevator": "Lift",
  "fireplace.stone": "Stenen Open haard",
  "firework.boomer.blue": "Blauwe Boomer",
  "firework.boomer.champagne": "Champagne Boomer",
  "firework.boomer.green": "Groene Boomer",
  "firework.boomer.orange": "Oranje Boomer",
  "firework.boomer.red": "Rode Boomer",
  "firework.boomer.violet": "Violet Boomer",
  "firework.romancandle.blue": "Blauwe Romeinse kaars",
  "firework.romancandle.green": "Groene Romeinse kaars",
  "firework.romancandle.red": "Rode Romeinse kaars",
  "firework.romancandle.violet": "Violette Romeinse kaars",
  "firework.volcano": "Witte Vulkaan Vuurwerk",
  "firework.volcano.red": "Rode Vulkaan Vuurwerk",
  "firework.volcano.violet": "Viollete Vulkaan Vuurwerk",
  "spikes.floor": "Houten Staken",
  "fridge": "Koelkast",
  "furnace.large": "Grote Oven",
  "furnace": "Oven",
  "hitchtroughcombo": "Koppeling en trog",
  "habrepair": "Huis Reparatie",
  "jackolantern.angry": "Jack O Lantern boos",
  "jackolantern.happy": "Blije Jack-O'-Lantern",
  "trap.landmine": "Landmijn",
  "lantern": "Lantaarn",
  "box.wooden.large": "Grote houten opslagdoos",
  "water.barrel": "Water vat",
  "locker": "Kluis",
  "mailbox": "Post Bus",
  "mixingtable": "Mengtafel",
  "modularcarlift": "Modulaire autolift",
  "mining.pumpjack": "Olie pomp",
  "small.oil.refinery": "Kleine Olieraffinaderij",
  "planter.large": "Grotere bloembak",
  "planter.small": "Kleine bloembak",
  "electric.audioalarm": "Geluid alarm",
  "smart.alarm": "Slim alarm",
  "smart.switch": "Slimme schakelaar",
  "storage.monitor": "Opslagmonitor",
  "electric.battery.rechargable.large": "Grote oplaadbare batterij",
  "electric.battery.rechargable.medium": "Grote oplaadbare batterij",
  "electric.battery.rechargable.small": "Kleine oplaadbare batterij",
  "electric.button": "Knop",
  "electric.counter": "Teller",
  "electric.hbhfsensor": "HBHF-sensor",
  "electric.laserdetector": "Laserdetector",
  "electric.pressurepad": "Drukgevoelig platform",
  "electric.doorcontroller": "Deur Besturing",
  "electric.heater": "Elektrische verwarmer",
  "fluid.combiner": "Vloeistof Combinator",
  "fluid.splitter": "Vloeistof verdeler",
  "fluid.switch": "Vloeistofschakelaar & pomp",
  "electric.andswitch": "AND switch",
  "electric.blocker": "Blokkeerder",
  "electrical.branch": "Electrische aftakking",
  "electrical.combiner": "Elektrische. toevoeger. naam",
  "electrical.memorycell": "Geheugencel",
  "electric.orswitch": "OF schakelaar",
  "electric.random.switch": "RAND schakelaar",
  "electric.rf.broadcaster": "Radiosignaal zender",
  "electric.rf.receiver": "Ontvanger",
  "electric.xorswitch": "XOR schakelaar",
  "electric.fuelgenerator.small": "Kleine generator",
  "electric.generator.small": "Test Generator",
  "electric.solarpanel.large": "Groot zonnepaneel",
  "electric.igniter": "Aansteker\n",
  "electric.flasherlight": "Zaklamp",
  "electric.simplelight": "Eenvoudig licht",
  "electric.sirenlight": "Zijlamp",
  "powered.water.purifier": "Aangedreven waterzuiveraar",
  "electric.switch": "Schakelaar",
  "electric.splitter": "Verdeler",
  "electric.sprinkler": "Sproeier",
  "electric.teslacoil": "Tesla Spoel",
  "electric.timer": "Timer",
  "electric.cabletunnel": "Kabeltunnel",
  "waterpump": "Waterpomp",
  "mining.quarry": "Mijn quarry",
  "target.reactive": "Reagerend doelwit",
  "box.repair.bench": "Reparatie werkbank",
  "research.table": "Onderzoekstafel",
  "rug.bear": "Berenhuid",
  "rug": "Tapijt",
  "searchlight": "Zoeklicht",
  "secretlabchair": "Geheime Lab Stoel",
  "shelves": "Geborgen Planken",
  "sign.hanging.banner.large": "Grote hangende banner",
  "sign.hanging": "Dubbelzijdig hangend bord",
  "sign.hanging.ornate": "Dubbelzijdig sierlijk hangend bord",
  "sign.pictureframe.landscape": "Landschap foto Frame",
  "sign.pictureframe.portrait": "Portret Foto Frame",
  "sign.pictureframe.tall": "Hoog Picture Frame",
  "sign.pictureframe.xl": "XL Foto Frame",
  "sign.pictureframe.xxl": "XXL foto Frame",
  "sign.pole.banner.large": "Groot spandoek op een poot",
  "sign.post.double": "Dubbel bord",
  "sign.post.single": "Bord",
  "sign.post.town": "Eenzeidig Dorp Bord",
  "sign.post.town.roof": "Dubbelzijdig Dorp Bord",
  "sign.wooden.huge": "Groot houten bord",
  "sign.wooden.large": "Groot Houten Bord",
  "sign.wooden.medium": "Middelgroot Houten Bord",
  "sign.wooden.small": "Klein Houten Bord",
  "guntrap": "Shotgun Trap",
  "sleepingbag": "Slaapzak",
  "stash.small": "Kleine zak",
  "spinner.wheel": "Spinnewiel",
  "fishtrap.small": "Overlevingsvissenval",
  "table": "Tafel",
  "workbench1": "Werkbank Level 1",
  "workbench2": "Werkbank Level 2",
  "workbench3": "Werkbank Level 3",
  "cupboard.tool": "Gereedschapskast",
  "tunalight": "Tonijnblik lamp",
  "vending.machine": "Verkoop automaat",
  "water.catcher.large": "Grote watervanger",
  "water.catcher.small": "Kleine watervanger",
  "water.purifier": "Waterzuiveraar",
  "generator.wind.scrap": "Windturbine",
  "box.wooden": "Houten Opslagdoos",
  "apple": "Appel",
  "apple.spoiled": "Rotte Appel",
  "black.raspberries": "Zwarte frambozen",
  "blueberries": "Bosbessen",
  "botabag": "Water zak",
  "cactusflesh": "Cactusvruchtvlees",
  "can.beans": "Blikje bonen",
  "can.tuna": "Blik tonijn",
  "chocholate": "Chocoladereep",
  "fish.cooked": "Gebakken vis",
  "fish.raw": "Rauwe vis",
  "fish.minnows": "Voorn",
  "fish.troutsmall": "Kleine forel",
  "granolabar": "Mueslireep",
  "chicken.burned": "Verbrande Kip",
  "chicken.cooked": "Gekookte kip",
  "chicken.raw": "Rauwe Kippenborst",
  "chicken.spoiled": "Bedorven Kip",
  "deermeat.burned": "Verbrand Hertenvlees",
  "deermeat.cooked": "Gekookt hertenvlees",
  "deermeat.raw": "Rauw hertenvlees",
  "horsemeat.burned": "Verbrand Paarden Vlee",
  "horsemeat.cooked": "Gebakken Paarden Vlee",
  "horsemeat.raw": "Rauw Paarden Vlee",
  "humanmeat.burned": "Verbrand Mensenvlees",
  "humanmeat.cooked": "Gebakken mensenvlees",
  "humanmeat.raw": "Rauw mensenvlees",
  "humanmeat.spoiled": "Bedorven mensenvlees",
  "bearmeat.burned": "Verbrand Berenvlees",
  "bearmeat.cooked": "Gekookt Beren Vlees",
  "bearmeat": "Rauw berenvlees",
  "wolfmeat.burned": "Verbrand Wolfsvlees",
  "wolfmeat.cooked": "Gebakken wolfsvlees",
  "wolfmeat.raw": "Rauw wolfsvlees",
  "wolfmeat.spoiled": "Bedorven wolfsvlees",
  "meat.pork.burned": "Verbrand Varkensvlees",
  "meat.pork.cooked": "Gekookt varkensvlees",
  "meat.boar": "Rauw Varkensvlees",
  "mushroom": "Paddestoel",
  "jar.pickle": "Augurken",
  "smallwaterbottle": "Kleine fles Water",
  "waterjug": "Waterkan",
  "fun.bass": "Schep bass",
  "fun.cowbell": "Koebel",
  "drumkit": "Schroothoop Drumstel",
  "fun.flute": "Panfluit",
  "fun.guitar": "Akoestische Gitaar",
  "fun.jerrycanguitar": "Jerry Can Gitaar",
  "piano": "Kruiwagen piano",
  "fun.tambourine": "Canbourine",
  "fun.trumpet": "Loodgieters trompet",
  "fun.tuba": "Sousaphone",
  "xylophone": "Xylobone",
  "car.key": "Auto sleutel",
  "door.key": "Deur sleutel",
  "lock.key": "Slot",
  "lock.code": "Code Slot",
  "blueprintbase": "Blauwdruk",
  "chineselantern": "Chinese lantaarn",
  "dragondoorknocker": "Draken Deurklopper",
  "hat.dragonmask": "Drakenmasker",
  "newyeargong": "Nieuwjaarsgong",
  "hat.ratmask": "Rat Masker",
  "lunar.firecrackers": "Rotjes ",
  "arcade.machine.chippy": "Chippy Arcade Spel",
  "door.closer": "Deur stop",
  "attire.bunnyears": "Konijnen oren",
  "attire.bunny.onesie": "Konijnen Onesie",
  "easterdoorwreath": "Pasen Deur Krans",
  "easterbasket": "Eiermand",
  "rustige_egg_a": "Rustig? Ei - Rood",
  "rustige_egg_b": "Rustig? Ei - Blauw",
  "rustige_egg_c": "Rustig? Egg - Purple",
  "rustige_egg_d": "Rustig? Egg - Ivory",
  "attire.nesthat": "Nest Hoed",
  "easter.bronzeegg": "Bronzen Ei",
  "easter.goldegg": "Gouden Ei",
  "easter.paintedeggs": "Beschilderd Ei",
  "easter.silveregg": "Zilveren Ei",
  "halloween.candy": "Halloween Snoep",
  "largecandles": "Grote kaarsenset",
  "smallcandles": "Kleine kaarsenset",
  "coffin.storage": "Kist",
  "cursedcauldron": "Vervloekte Ketel",
  "gravestone": "Grafsteen",
  "woodcross": "Houten kruis",
  "wall.graveyard.fence": "Kerkhof hek",
  "halloween.lootbag.large": "Grote zak met buit",
  "halloween.lootbag.medium": "Normale zak met buit",
  "halloween.lootbag.small": "Kleine buitentas",
  "pumpkinbasket": "Pompoenemmer",
  "scarecrow": "Vogelverschrikker",
  "skullspikes.candles": "Schedel Staken",
  "skullspikes.pumpkin": "Schedel Staken",
  "skullspikes": "Schedel Staken",
  "skulldoorknocker": "Schedel deurklopper",
  "skull_fire_pit": "Schedel VuurKorf",
  "spiderweb": "Spinnenweb",
  "spookyspeaker": "Spookachtige luidspreker",
  "halloween.surgeonsuit": "Chirurg Scrubs",
  "skull.trophy.jar": "Schedel trofee",
  "skull.trophy.jar2": "Schedel trofee",
  "skull.trophy.table": "Schedel trofee",
  "skull.trophy": "Schedel trofee",
  "note": "Aantekening",
  "skull.human": "Menselijke Schedel",
  "abovegroundpool": "Bovengronds zwembad",
  "beachchair": "Strandstoel",
  "beachparasol": "Strandparasol",
  "beachtable": "Strandtafel",
  "beachtowel": "Strandlaken",
  "boogieboard": "Boogie Board",
  "innertube": "Binnenste buis",
  "innertube.horse": "Binnenste buis",
  "innertube.unicorn": "Binnenste buis",
  "tool.instant_camera": "Instant camera",
  "paddlingpool": "Kinderzwembad",
  "photo": "Fotograaf",
  "photoframe.landscape": "Landschap foto Frame",
  "photoframe.large": "Grote fotolijst",
  "photoframe.portrait": "Portret fotolijst",
  "sunglasses02black": "Zonnebril",
  "sunglasses02camo": "Zonnebril",
  "sunglasses02red": "Zonnebril",
  "sunglasses03black": "Zonnebril",
  "sunglasses03chrome": "Zonnebril",
  "sunglasses03gold": "Zonnebril",
  "sunglasses": "Zonnebril",
  "gun.water": "Waterpistool",
  "pistol.water": "Waterpistool",
  "candycaneclub": "Zuurstok Knuppel",
  "xmas.lightstring": "Kerstverlichting",
  "xmas.door.garland": "Feestelijke deur Garland",
  "candycane": "Zuurstok",
  "giantcandycanedecor": "Gigantische Snoep Decor",
  "giantlollipops": "Gigantische Lolly Decor",
  "pookie.bear": "Pookie beer",
  "xmas.lightstring.advanced": "Luxe kerstlampen",
  "coal": "Kool :(",
  "xmas.present.large": "Groot cadeau",
  "xmas.present.medium": "Middelgroot cadeau",
  "xmas.present.small": "Klein cadeau",
  "snowmachine": "Sneeuw Machine",
  "snowball": "Sneeuwbal",
  "snowman": "Sneeuwman",
  "stocking.large": "Super kous",
  "stocking.small": "Kleine kous",
  "attire.reindeer.headband": "Rendiergeweien",
  "santabeard": "Baard van de Kerstman",
  "santahat": "Kerstmuts",
  "xmas.window.garland": "Feestelijke Raamkrans",
  "wrappedgift": "Ingepakt Cadeau",
  "wrappingpaper": "Inpakpapier",
  "xmasdoorwreath": "Deur Kerstkrans",
  "xmas.decoration.baubels": "Decoratieve Kerstballen",
  "xmas.decoration.candycanes": "Decoratieve Plastieken Zuurstokken",
  "xmas.decoration.gingerbreadmen": "Decoratieve Peperkoeken Mannetjes",
  "xmas.decoration.lights": "Boom lampjes",
  "xmas.decoration.pinecone": "Decoratieve Dennenappels",
  "xmas.decoration.star": "Piek",
  "xmas.decoration.tinsel": "Decoratieve Kerstslinger",
  "xmas.tree": "Kerstboom",
  "autoturret": "Automatische geschut",
  "flameturret": "Vlammenwerper",
  "gloweyes": "Gloeiende Ogen",
  "ammo.rocket.sam": "SAM munitie",
  "samsite": "SAM site",
  "black.berry": "Zwarte bes",
  "clone.black.berry": "Gekloonde Zwarte Bes",
  "seed.black.berry": "Zwarte Bessen Zaad",
  "blue.berry": "Bosbes",
  "clone.blue.berry": "Bosbessen kloon",
  "seed.blue.berry": "Blauwen Bessen Zaad",
  "green.berry": "Groene bes",
  "clone.green.berry": "Groene bessenkloon",
  "seed.green.berry": "Groen bessenzaad",
  "red.berry": "Rode Bes",
  "clone.red.berry": "Rode bes kloon",
  "seed.red.berry": "Rode bes zaad",
  "white.berry": "Witte Bes",
  "clone.white.berry": "Witte bessen kloon",
  "seed.white.berry": "Witte bessenzaad",
  "yellow.berry": "Gele Bes",
  "clone.yellow.berry": "Gele bessenkloon",
  "seed.yellow.berry": "Geel bessenzaad",
  "corn": "Maïs",
  "clone.corn": "Maïskloon",
  "seed.corn": "Maïs zaad",
  "clone.hemp": "Hennepkloon",
  "seed.hemp": "Hennep zaad",
  "potato": "Aardappel",
  "clone.potato": "Aardappel kloon",
  "seed.potato": "Aardappel Zaad",
  "pumpkin": "Pompoen",
  "clone.pumpkin": "Pompoenplantkloon",
  "seed.pumpkin": "Pompoenzaad",
  "fat.animal": "Dierlijke vetten",
  "battery.small": "Kleine batterij",
  "blood": "Bloed",
  "bone.fragments": "Stukjes bot",
  "cctv.camera": "Beveiligingscamera",
  "charcoal": "Houtskool",
  "cloth": "Stof",
  "crude.oil": "Ruwe olie",
  "diesel_barrel": "Diesel brandstof",
  "can.beans.empty": "Lege blik met bonen",
  "can.tuna.empty": "Leeg tonijnenblikje",
  "explosives": "Explosieven",
  "fertilizer": "Mest",
  "gunpowder": "Buskruit",
  "horsedung": "Paardenmest",
  "hq.metal.ore": "Hoogwaardige metaalerts",
  "metal.refined": "Metaal van Hoge Kwaliteit",
  "leather": "Leer",
  "lowgradefuel": "Lage kwaliteit brandstof",
  "metal.fragments": "Metaalfragmenten",
  "metal.ore": "Metaalerts",
  "paper": "Papier",
  "plantfiber": "Plantenvezel",
  "researchpaper": "Onderzoeksplan",
  "water.salt": "Zout Water",
  "scrap": "Schroot",
  "stones": "Stenen",
  "sulfur.ore": "Zwavel erts",
  "sulfur": "Zwavel",
  "targeting.computer": "Doelzoekende Computer",
  "water": "Water",
  "skull.wolf": "Wolfschedel",
  "wood": "Hout",
  "healingtea.advanced": "Geavanceerde helende thee",
  "healingtea": "Simpele Helende Thee",
  "healingtea.pure": "Pure Helende Thee",
  "maxhealthtea.advanced": "Geavanceerde Maximale Gezondheids Thee",
  "maxhealthtea": "Simpele maximale gezondheids thee",
  "maxhealthtea.pure": "Pure maximale gezondheid thee",
  "oretea.advanced": "Geavanceerde Erts-thee",
  "oretea": "Basis Erts Thee",
  "oretea.pure": "Pure Erts Thee",
  "radiationremovetea.advanced": "Geadvanceerde straling verwijdering thee",
  "radiationremovetea": "Straling verwijdering thee",
  "radiationremovetea.pure": "Pure Straling Verwijdering Thee",
  "radiationresisttea.advanced": "Geadvanceerde Anti-Straling Thee",
  "radiationresisttea": "Anti-Straling Thee",
  "radiationresisttea.pure": "Pure Anti-Straling Thee",
  "scraptea.advanced": "Geadvanceerde schroot thee",
  "scraptea": "Basis Schroot Thee",
  "scraptea.pure": "Pure Schroot Thee",
  "woodtea.advanced": "Geavanceerde hout thee",
  "woodtea": "Basis hout thee",
  "woodtea.pure": "Pure hout thee",
  "antiradpills": "Anti-stralingspillen",
  "tool.binoculars": "Verrekijkers",
  "explosive.timed": "Getimede explosieve lading",
  "tool.camera": "Camera",
  "rf.detonator": "RF-zender",
  "fishingrod.handmade": "Handgemaakte Vishengel",
  "flare": "Signaalfakkel",
  "flashlight.held": "Zaklamp",
  "geiger.counter": "Geigerteller",
  "hosetool": "Brandweerslang",
  "jackhammer": "Drilboor",
  "keycard_blue": "Blauwe Toegangskaart",
  "keycard_green": "Groene Toegangskaart",
  "keycard_red": "Rode toegangskaart",
  "largemedkit": "Grote verbanddoos",
  "map": "Papieren kaart",
  "syringe.medical": "Medische spuit",
  "rf_pager": "RF-pager",
  "building.planner": "Bouwplan",
  "grenade.smoke": "Rook Granaat",
  "supply.signal": "Bevoorradingssignaal",
  "surveycharge": "Onderzoeksspringlading",
  "wiretool": "Draad Gereedschap",
  "vehicle.chassis.2mod": "Kleine Chassis",
  "vehicle.chassis.3mod": "Middelgroot chassis",
  "vehicle.chassis.4mod": "Grote Chassis",
  "vehicle.chassis": "Algemene voertuigchassis",
  "vehicle.1mod.cockpit": "Cockpit voertuigmodule",
  "vehicle.1mod.cockpit.armored": "gepantserde cockpit voertuigen module",
  "vehicle.1mod.cockpit.with.engine": "Cockpit met motorvoertuigmodule",
  "vehicle.1mod.engine": "Motor voertuig module",
  "vehicle.1mod.flatbed": "Oplegger voertuig module",
  "vehicle.1mod.passengers.armored": "Gepantserd passagiersvoertuig module",
  "vehicle.1mod.rear.seats": "Achterbank voertuig module\n",
  "vehicle.1mod.storage": "Opslag voertuig module",
  "vehicle.2mod.flatbed": "Grote oplegger voertuig module",
  "vehicle.2mod.fuel.tank": "Brandstoftank voertuig module",
  "vehicle.2mod.passengers": "Gepantserd passagiersvoertuig module",
  "vehicle.module": "Generieke voertuigmodule",
  "weapon.mod.8x.scope": "16x zoem kijker",
  "weapon.mod.flashlight": "Wapenlamp",
  "weapon.mod.holosight": "Holosight",
  "weapon.mod.lasersight": "Lasersight voor op een wapen",
  "weapon.mod.muzzleboost": "Snuit Boost",
  "weapon.mod.muzzlebrake": "Mondingsrem",
  "weapon.mod.simplesight": "Simpel Handgemaakt Vizier",
  "weapon.mod.silencer": "Geluidsdemper",
  "weapon.mod.small.scope": "8x zoem vergroting",
  "rifle.ak": "Aanvalsgeweer",
  "bandage": "Verband",
  "grenade.beancan": "Bonenblik granaat",
  "rifle.bolt": "Jachtgeweer",
  "bone.club": "Knuppel van bot",
  "knife.bone": "Mes van bot",
  "bow.hunting": "Pijl en boog",
  "cakefiveyear": "Verjaardagstaart",
  "chainsaw": "Kettingzaag",
  "salvaged.cleaver": "Geborgen Hakmes",
  "bow.compound": "Samengestelde Boog",
  "crossbow": "Kruisboog",
  "shotgun.double": "Dubbele loop hagelgeweer",
  "pistol.eoka": "Eoka Pistool",
  "grenade.f1": "Fragmentatiegranaat",
  "flamethrower": "Vlammenwerper",
  "multiplegrenadelauncher": "Meerdere Granaatwerpers",
  "knife.butcher": "Slagersmes",
  "pitchfork": "Hooivork",
  "sickle": "Sikkel",
  "hammer": "Hamer",
  "hatchet": "Bijl",
  "knife.combat": "Gevechtsmes",
  "rifle.l96": "L96 geweer",
  "rifle.lr300": "LR-300 Aanvalsgeweer",
  "lmg.m249": "M249",
  "rifle.m39": "M39 geweer",
  "pistol.m92": "M92 pistool",
  "mace": "Strijdknots",
  "machete": "Machete",
  "smg.mp5": "MP5A4",
  "pistol.nailgun": "Nagelgeweer",
  "paddle": "Peddel",
  "pickaxe": "Houweel",
  "shotgun.waterpipe": "Waterpijpgeweer",
  "pistol.python": "Python Revolver",
  "pistol.revolver": "Revolver",
  "rock": "Steen",
  "rocket.launcher": "Raketwerper",
  "axe.salvaged": "Bij elkaar geraapte houweel",
  "hammer.salvaged": "Geborgen Hammer",
  "icepick.salvaged": "Geborgen ijspickhouweel",
  "explosive.satchel": "Springlading",
  "shotgun.pump": "Hagelgeweer",
  "pistol.semiauto": "Semi-Automatisch Pistool",
  "rifle.semiauto": "Semi-automatisch geweer",
  "smg.2": "Aangepaste SMG",
  "shotgun.spas12": "Spas-12 Shotgun",
  "stonehatchet": "Stenen bijl",
  "stone.pickaxe": "Stenen houweel",
  "spear.stone": "Stenen Speer",
  "longsword": "Langzwaard",
  "salvaged.sword": "Geborgen zwaard",
  "smg.thompson": "Thompson",
  "toolgun": "Garry's Mod Bouw Pistool",
  "torch": "Fakkel",
  "bucket.water": "Water Emmer",
  "spear.wooden": "Houten Speer",
  "horse.armor.roadsign": "Verkeersbord Paarden Pantser",
  "horse.armor.wood": "Houten paardenpantser",
  "horse.saddlebag": "Zadeltas",
  "horse.shoes.advanced": "Hoge kwaliteit paardenschoenen",
  "horse.shoes.basic": "Basis Paarden Schoenen"
}