{
  "hat.wolf": "Capucha de lobo",
  "fogmachine": "Máquina de humo",
  "strobelight": "Foco estroboscópico",
  "kayak": "Piragua",
  "rhib": "Lancha semirrígida",
  "rowboat": "Lancha motora",
  "minihelicopter.repair": "Reparación del minicóptero",
  "aiming.module.mlrs": "Módulo de apuntado del SLCM",
  "mlrs": "SLCM",
  "ammo.rocket.mlrs": "Misil de SLCM",
  "scraptransportheli.repair": "Reparación del helicóptero de transporte",
  "snowmobile": "Moto de nieve",
  "snowmobiletomaha": "Moto de nieve Tomaha",
  "submarineduo": "Submarino para dos",
  "submarinesolo": "Submarino individual",
  "locomotive": "Locomotora",
  "wagon": "Vagón de tren",
  "workcart": "Dresina",
  "ammo.grenadelauncher.buckshot": "Munición tipo escopeta de 40mm",
  "ammo.grenadelauncher.he": "Granada explosiva de 40mm",
  "ammo.grenadelauncher.smoke": "Granada de humo de 40mm",
  "arrow.hv": "Flecha de alta velocidad",
  "arrow.wooden": "Flecha de madera",
  "arrow.bone": "Flecha de hueso",
  "arrow.fire": "Flecha ígnea",
  "ammo.handmade.shell": "Cartucho casero",
  "ammo.nailgun.nails": "Clavos",
  "ammo.pistol": "Munición de 9mm",
  "ammo.pistol.fire": "Munición incendiaria de 9mm",
  "ammo.pistol.hv": "Munición de alta velocidad de 9mm",
  "ammo.rifle": "Munición del calibre 5.56",
  "ammo.rifle.explosive": "Munición explosiva del calibre 5.56",
  "ammo.rifle.incendiary": "Munición incendiaria del calibre 5.56",
  "ammo.rifle.hv": "Munición de alta velocidad del calibre 5.56",
  "ammo.rocket.basic": "Misil",
  "ammo.rocket.fire": "Misil incendiario",
  "ammo.rocket.hv": "Misil de alta velocidad",
  "ammo.rocket.smoke": "Misil de humo (¡trabajo en proceso!)",
  "ammo.shotgun": "Cartucho de perdigones del calibre 12",
  "ammo.shotgun.fire": "Cartucho incendiario del calibre 12",
  "ammo.shotgun.slug": "Cartucho de posta del calibre 12",
  "speargun.spear": "Arpón",
  "submarine.torpedo.straight": "Torpedo",
  "door.double.hinged.metal": "Puerta doble de chapa",
  "door.double.hinged.toptier": "Puerta doble blindada",
  "door.double.hinged.wood": "Puerta doble de madera",
  "door.hinged.metal": "Puerta de chapa",
  "door.hinged.toptier": "Puerta blindada",
  "door.hinged.wood": "Puerta de madera",
  "floor.grill": "Suelo de rejilla",
  "floor.ladder.hatch": "Trampilla",
  "floor.triangle.grill": "Suelo de rejilla triangular",
  "floor.triangle.ladder.hatch": "Trampilla triangular",
  "gates.external.high.stone": "Portón exterior de piedra",
  "gates.external.high.wood": "Portón exterior de madera",
  "ladder.wooden.wall": "Escalera de mano",
  "wall.external.high.stone": "Muro alto exterior de piedra",
  "wall.external.high": "Muro alto exterior de madera",
  "wall.frame.cell.gate": "Puerta de celda de cárcel",
  "wall.frame.cell": "Muro de celda de cárcel",
  "wall.frame.fence.gate": "Puerta de alambrada",
  "wall.frame.fence": "Valla Alambrada",
  "wall.frame.garagedoor": "Puerta de garaje",
  "wall.frame.netting": "Red",
  "wall.frame.shopfront": "Frente de tienda de madera",
  "wall.frame.shopfront.metal": "Escaparate de tienda metálico",
  "wall.window.bars.metal": "Rejas de metal",
  "wall.window.bars.toptier": "Ventana de rejas blindada",
  "wall.window.bars.wood": "Rejas de madera",
  "shutter.metal.embrasure.a": "Tronera horizontal de metal",
  "shutter.metal.embrasure.b": "Tronera de metal vertical",
  "wall.window.glass.reinforced": "Ventana de cristal reforzado",
  "shutter.wood.a": "Contraventana",
  "watchtower.wood": "Atalaya",
  "diving.fins": "Aletas de buceo",
  "diving.mask": "Gafas de buceo",
  "diving.tank": "Tanque de buceo",
  "diving.wetsuit": "Traje de neopreno",
  "boots.frog": "Botas de rana",
  "barrelcostume": "Disfraz de barril",
  "cratecostume": "Disfraz de caja",
  "hat.gas.mask": "Máscara antigás",
  "burlap.gloves.new": "Guantes de arpillera",
  "burlap.gloves": "Guantes de cuero",
  "roadsign.gloves": "Guantes de señales de tráfico",
  "tactical.gloves": "Guantes tácticos",
  "ghostsheet": "Disfraz de fantasma",
  "halloween.mummysuit": "Disfraz de momia",
  "scarecrow.suit": "Disfraz de espantapájaros",
  "scarecrowhead": "Máscara de espantapájaros",
  "metal.facemask.hockey": "Máscara de hockey",
  "attire.hide.helterneck": "Top de piel",
  "hat.beenie": "Gorro de lana",
  "hat.boonie": "Sombrero militar",
  "bucket.helmet": "Casco de cubo",
  "burlap.headwrap": "Turbante de arpillera",
  "hat.candle": "Gorro de velita",
  "hat.cap": "Gorra de béisbol",
  "clatter.helmet": "Casco de Clatter",
  "coffeecan.helmet": "Casco de lata de café",
  "deer.skull.mask": "Casco de hueso",
  "heavy.plate.helmet": "Yelmo de placas pesadas",
  "hat.miner": "Casco de minero",
  "partyhat": "Gorrito de fiesta",
  "riot.helmet": "Casco antidisturbios",
  "wood.armor.helmet": "Casco de madera",
  "hoodie": "Sudadera con capucha",
  "bone.armor.suit": "Armadura de hueso",
  "heavy.plate.jacket": "Coraza de placas pesadas",
  "jacket.snow": "Abrigo",
  "jacket": "Chaqueta",
  "wood.armor.jacket": "Armadura superior de madera",
  "lumberjack hoodie": "Chaqueta de leñador",
  "mask.balaclava": "Pasamontañas improvisado",
  "mask.bandana": "Pañuelo de máscara",
  "metal.facemask": "Máscara de metal",
  "metal.facemask.icemask": "Máscara de metal helada",
  "nightvisiongoggles": "Gafas de visión nocturna",
  "attire.ninja.suit": "Traje de ninja",
  "burlap.trousers": "Pantalones de arpillera",
  "heavy.plate.pants": "Grebas de placas pesadas",
  "attire.hide.pants": "Pantalones de piel",
  "roadsign.kilt": "Falda de señales de tráfico",
  "pants.shorts": "Pantalones cortos",
  "wood.armor.pants": "Armadura inferior de madera",
  "pants": "Pantalones",
  "attire.hide.poncho": "Poncho de piel",
  "burlap.shirt": "Camisa de arpillera",
  "shirt.collared": "Camisa",
  "attire.hide.vest": "Chaleco de piel",
  "shirt.tanktop": "Camiseta sin mangas",
  "shoes.boots": "Botas",
  "burlap.shoes": "Sandalias de arpillera",
  "attire.hide.boots": "Botas de piel",
  "attire.hide.skirt": "Falda de piel",
  "attire.banditguard": "Equipación de guardia bandolero",
  "hazmatsuit.arcticsuit": "Traje ártico",
  "hazmatsuit": "Traje de materiales peligrosos",
  "hazmatsuit.lumberjack": "Traje de leñador",
  "hazmatsuit.nomadsuit": "Traje de nómada",
  "hazmatsuit_scientist": "Traje de científico",
  "hazmatsuit_scientist_arctic": "Traje de científico ártico",
  "hazmatsuit_scientist_nvgm": "Traje de científico del silo",
  "hazmatsuit_scientist_peacekeeper": "Traje de científico pacífico",
  "hazmatsuit.spacesuit": "Traje de astronauta",
  "scientistsuit_heavy": "Traje de científico pesado",
  "jumpsuit.suit.blue": "Mono de trabajo azul",
  "jumpsuit.suit": "Mono de trabajo",
  "tshirt.long": "Camiseta de manga larga",
  "tshirt": "Camiseta",
  "metal.plate.torso": "Coraza de metal",
  "metal.plate.torso.icevest": "Coraza de metal helada",
  "roadsign.jacket": "Peto de señales de tráfico",
  "bleach": "Lejía",
  "ducttape": "Cinta adhesiva",
  "carburetor1": "Carburador de baja calidad",
  "carburetor2": "Carburador de calidad media",
  "carburetor3": "Carburador de alta calidad",
  "crankshaft1": "Cigüeñal de baja calidad",
  "crankshaft2": "Cigüeñal de calidad media",
  "crankshaft3": "Cigüeñal de alta calidad",
  "piston1": "Pistones de baja calidad",
  "piston2": "Pistones de calidad media",
  "piston3": "Pistones de alta calidad",
  "sparkplug1": "Bujías de baja calidad",
  "sparkplug2": "Bujías de calidad media",
  "sparkplug3": "Bujías de alta calidad",
  "valve1": "Válvulas de baja calidad",
  "valve2": "Válvulas de calidad media",
  "valve3": "Válvulas de alta calidad",
  "fuse": "Fusible eléctrico",
  "gears": "Engranajes",
  "glue": "Pegamento",
  "metalblade": "Hoja de metal",
  "metalpipe": "Tubería de metal",
  "propanetank": "Tanque de propano vacío",
  "roadsigns": "Señales de tráfico",
  "rope": "Cuerda",
  "sewingkit": "Kit de costura",
  "sheetmetal": "Chapa metálica",
  "metalspring": "Muelle metálico",
  "sticks": "Palos",
  "tarp": "Lona",
  "techparts": "Basura electrónica",
  "riflebody": "Cuerpo de fusil",
  "semibody": "Cuerpo semiautomático",
  "smgbody": "Cuerpo de subfusil",
  "barricade.concrete": "Barricada de hormigón",
  "barricade.wood.cover": "Barricada de madera",
  "barricade.metal": "Barricada de metal",
  "barricade.sandbags": "Barricada de sacos de arena",
  "barricade.stone": "Barricada de piedras",
  "barricade.wood": "Barricada de pinchos",
  "barricade.woodwire": "Barricada de pinchos con espino",
  "bbq": "Barbacoa",
  "trap.bear": "Cepo",
  "bed": "Cama",
  "campfire": "Hoguera",
  "cardtable": "Mesa de cartas",
  "ceilinglight": "Lámpara de techo",
  "chair": "Silla",
  "chair.icethrone": "Trono helado",
  "composter": "Compostador",
  "computerstation": "Terminal informático",
  "drone": "Dron",
  "dropbox": "Caja de almacenamiento rápido",
  "elevator": "Ascensor",
  "fireplace.stone": "Chimenea de piedra",
  "firework.boomer.blue": "Fuegos artificiales de castillo azules",
  "firework.boomer.champagne": "Fuegos artificiales de castillo champán",
  "firework.boomer.green": "Fuegos artificiales de castillo verdes",
  "firework.boomer.orange": "Fuegos artificiales de castillo naranjas",
  "firework.boomer.pattern": "Fuegos artificiales de castillo personalizados",
  "firework.boomer.red": "Fuegos artificiales de castillo rojos",
  "firework.boomer.violet": "Fuegos artificiales de castillo violetas",
  "firework.romancandle.blue": "Candela romana azul",
  "firework.romancandle.green": "Candela romana verde",
  "firework.romancandle.red": "Candela romana roja",
  "firework.romancandle.violet": "Candela romana violeta",
  "firework.volcano": "Volcán pirotécnico blanco",
  "firework.volcano.red": "Volcán pirotécnico rojo",
  "firework.volcano.violet": "Volcán pirotécnico violeta",
  "spikes.floor": "Pinchos de madera",
  "frankensteintable": "Mesa de Frankenstein",
  "fridge": "Frigorífico",
  "furnace.large": "Horno grande",
  "furnace": "Horno",
  "hitchtroughcombo": "Comedero de caballos",
  "habrepair": "Hab Repair",
  "jackolantern.angry": "Farol de calabaza enfadada",
  "jackolantern.happy": "Farol de calabaza sonriente",
  "trap.landmine": "Mina terrestre casera",
  "lantern": "Candil",
  "box.wooden.large": "Caja grande de madera",
  "water.barrel": "Barril de agua",
  "locker": "Taquilla",
  "mailbox": "Buzón",
  "mixingtable": "Mesa de mezcolanzas",
  "modularcarlift": "Elevador de automóviles",
  "mining.pumpjack": "Bomba de petróleo",
  "small.oil.refinery": "Refinería de petróleo",
  "planter.large": "Parterre grande",
  "planter.small": "Parterre pequeño",
  "electric.audioalarm": "Alarma",
  "smart.alarm": "Alarma inteligente",
  "smart.switch": "Interruptor inteligente",
  "storage.monitor": "Monitor de almacenamiento",
  "electric.battery.rechargable.large": "Batería eléctrica grande",
  "electric.battery.rechargable.medium": "Batería eléctrica mediana",
  "electric.battery.rechargable.small": "Batería eléctrica pequeña",
  "electric.button": "Botón",
  "electric.counter": "Contador",
  "electric.hbhfsensor": "Detector de calvos",
  "electric.laserdetector": "Detector láser",
  "electric.pressurepad": "Placa de presión",
  "electric.doorcontroller": "Controlador de puerta",
  "electric.furnace": "Horno eléctrico",
  "electric.heater": "Calefactor eléctrico",
  "fluid.combiner": "Combinador de fluido",
  "fluid.splitter": "Divisor de fluido",
  "fluid.switch": "Llave de paso",
  "electric.andswitch": "Puerta lógica AND",
  "electric.blocker": "Bloqueador eléctrico",
  "electrical.branch": "Ramificación eléctrica",
  "electrical.combiner": "Combinador eléctrico",
  "electrical.memorycell": "Célula de memoria",
  "electric.orswitch": "Puerta lógica OR",
  "electric.random.switch": "Puerta lógica RAND",
  "electric.rf.broadcaster": "Emisor de radiofrecuencia",
  "electric.rf.receiver": "Receptor de radiofrecuencia",
  "electric.xorswitch": "Puerta lógca XOR",
  "electric.fuelgenerator.small": "Generador pequeño",
  "electric.generator.small": "Generador de prueba",
  "electric.solarpanel.large": "Panel solar",
  "electric.igniter": "Encendedor",
  "storageadaptor": "Adaptador industrial",
  "industrial.combiner": "Combinador industrial",
  "industrial.conveyor": "Transportador industrial",
  "industrial.crafter": "Elaborador industrial",
  "industrial.splitter": "Divisor industrial",
  "electric.flasherlight": "Luz parpadeante",
  "electric.simplelight": "Luz sencilla",
  "electric.sirenlight": "Luz de sirena",
  "powered.water.purifier": "Purificador de agua eléctrico",
  "electric.switch": "Interruptor",
  "electric.splitter": "Divisor de corriente eléctrica",
  "electric.sprinkler": "Aspersor",
  "electric.teslacoil": "Bobina de Tesla",
  "electric.timer": "Temporizador",
  "electric.cabletunnel": "Túnel de cableado",
  "waterpump": "Bomba extractora de agua",
  "ptz.cctv.camera": "Cámara de vigilancia rotatoria",
  "mining.quarry": "Cantera",
  "target.reactive": "Diana reactiva",
  "box.repair.bench": "Banco de reparaciones",
  "research.table": "Mesa de investigación",
  "rug.bear": "Alfombra de oso",
  "rug": "Alfombra",
  "searchlight": "Foco",
  "secretlabchair": "Silla gaming",
  "shelves": "Estantes de chatarra",
  "sign.hanging.banner.large": "Estandarte colgante grande",
  "sign.hanging": "Cartel colgante de dos caras",
  "sign.hanging.ornate": "Cartel colgante adornado de dos caras",
  "sign.pictureframe.landscape": "Lienzo pictórico apaisado",
  "sign.pictureframe.portrait": "Lienzo pictórico de retrato",
  "sign.pictureframe.tall": "Lienzo pictórico alto",
  "sign.pictureframe.xl": "Lienzo pictórico XL",
  "sign.pictureframe.xxl": "Lienzo pictórico XXL",
  "sign.pole.banner.large": "Estandarte grande en un poste",
  "sign.post.double": "Poste de señal doble",
  "sign.post.single": "Poste de señal",
  "sign.post.town": "Tablón de anuncios de una cara",
  "sign.post.town.roof": "Tablón de anuncios de dos caras",
  "sign.wooden.huge": "Letrero enorme de madera",
  "sign.wooden.large": "Letrero grande de madera",
  "sign.wooden.medium": "Letrero mediano de madera",
  "sign.wooden.small": "Letrero pequeño de madera",
  "guntrap": "Trabuco",
  "sleepingbag": "Saco de dormir",
  "stash.small": "Alijo pequeño",
  "sofa": "Sofá",
  "sofa.pattern": "Sofá de diseño",
  "spinner.wheel": "Disco giratorio",
  "fishtrap.small": "Trampa para peces de supervivencia",
  "table": "Mesa",
  "workbench1": "Banco de trabajo, nivel 1",
  "workbench2": "Banco de trabajo, nivel 2",
  "workbench3": "Banco de trabajo, nivel 3",
  "cupboard.tool": "Armario de herramientas",
  "tunalight": "Lámpara de lata de atún",
  "vending.machine": "Máquina expendedora",
  "water.catcher.large": "Recolector de agua grande",
  "water.catcher.small": "Colector de agua pequeño",
  "water.purifier": "Purificador de agua",
  "generator.wind.scrap": "Aerogenerador",
  "box.wooden": "Caja pequeña de madera",
  "apple": "Manzana",
  "apple.spoiled": "Manzana podrida",
  "black.raspberries": "Frambuesas negras",
  "blueberries": "Arándanos",
  "botabag": "Bota",
  "grub": "Larva",
  "worm": "Gusano",
  "cactusflesh": "Carne de cactus",
  "can.beans": "Lata de alubias",
  "can.tuna": "Lata de atún",
  "chocolate": "Chocolatina",
  "fish.anchovy": "Anchoa",
  "fish.catfish": "Siluro",
  "fish.cooked": "Pescado cocinado",
  "fish.raw": "Pescado crudo",
  "fish.herring": "Arenque",
  "fish.minnows": "Alevines",
  "fish.orangeroughy": "Pez reloj del Atlántico",
  "fish.salmon": "Salmón",
  "fish.sardine": "Sardina",
  "fish.smallshark": "Tiburón pequeño",
  "fish.troutsmall": "Trucha",
  "fish.yellowperch": "Perca",
  "granolabar": "Barrita de cereales",
  "chicken.burned": "Pechuga de pollo quemada",
  "chicken.cooked": "Pechuga de pollo cocinada",
  "chicken.raw": "Pechuga de pollo cruda",
  "chicken.spoiled": "Pechuga de pollo podrida",
  "deermeat.burned": "Carne de ciervo quemada",
  "deermeat.cooked": "Carne de ciervo cocinada",
  "deermeat.raw": "Carne de ciervo cruda",
  "horsemeat.burned": "Carne de caballo quemada",
  "horsemeat.cooked": "Carne de caballo cocinada",
  "horsemeat.raw": "Carne de caballo cruda",
  "humanmeat.burned": "Carne humana quemada",
  "humanmeat.cooked": "Carne humana cocinada",
  "humanmeat.raw": "Carne humana cruda",
  "humanmeat.spoiled": "Carne humana podrida",
  "bearmeat.burned": "Carne de oso quemada",
  "bearmeat.cooked": "Carne de oso cocinada",
  "bearmeat": "Carne de oso cruda",
  "wolfmeat.burned": "Carne de lobo quemada",
  "wolfmeat.cooked": "Carne de lobo cocinada",
  "wolfmeat.raw": "Carne de lobo cruda",
  "wolfmeat.spoiled": "Carne de lobo podrida",
  "meat.pork.burned": "Carne de cerdo quemada",
  "meat.pork.cooked": "Carne de cerdo cocinada",
  "meat.boar": "Carne de cerdo cruda",
  "mushroom": "Setas",
  "jar.pickle": "Pepinillos",
  "smallwaterbottle": "Botella de agua",
  "waterjug": "Bidón de agua",
  "fun.bass": "Bajo de pala",
  "fun.cowbell": "Cencerro de señal",
  "drumkit": "Batería de basurero",
  "fun.flute": "Flauta de corchopán",
  "fun.guitar": "Guitarra acústica",
  "fun.jerrycanguitar": "Guitarra de bidón",
  "piano": "Piano de carretilla",
  "fun.tambourine": "Pandelata",
  "fun.trumpet": "Trompeta de fontanero",
  "fun.tuba": "Tubaría",
  "xylophone": "Huesófono",
  "door.key": "Llave de puerta",
  "lock.key": "Cerradura de llave",
  "lock.code": "Cerradura númerica",
  "blueprintbase": "(plano)",
  "chineselantern": "Farolillo chino",
  "dragondoorknocker": "Aldaba de dragón",
  "hat.dragonmask": "Máscara del dragón",
  "newyeargong": "Gong de año nuevo",
  "hat.oxmask": "Máscara del buey",
  "hat.rabbitmask": "Máscara del conejo",
  "hat.ratmask": "Máscara de la rata",
  "skylantern": "Farolillo volante",
  "skylantern.skylantern.green": "Farolillo volante - Verde",
  "skylantern.skylantern.orange": "Farolillo volante - Naranja",
  "skylantern.skylantern.purple": "Farolillo volante - Morado",
  "skylantern.skylantern.red": "Farolillo volante - Rojo",
  "lunar.firecrackers": "Petardos",
  "hat.tigermask": "Máscara del tigre",
  "arcade.machine.chippy": "Máquina recreativa de Chippy",
  "bluedogtags": "Chapas de identificación azules",
  "dogtagneutral": "Chapas de identificación",
  "reddogtags": "Chapas de identificación rojas",
  "door.closer": "Cierrapuertas",
  "attire.bunnyears": "Orejas de conejo",
  "attire.bunny.onesie": "Pijama de conejo",
  "hat.bunnyhat": "Gorro de conejo",
  "easterdoorwreath": "Corona de Pascua",
  "easterbasket": "Cesta de huevos",
  "attire.egg.suit": "Traje de cascarón",
  "rustige_egg_a": "Huevo de Rustigé rojo",
  "rustige_egg_b": "Huevo de Rustigé azul",
  "rustige_egg_c": "Huevo de Rustigé púrpura",
  "rustige_egg_d": "Huevo de Rustigé ebúrneo",
  "rustige_egg_e": "Huevo de Rustigé verde",
  "rustige_egg_f": "Huevo de Rustigé blanco",
  "attire.nesthat": "Gorro de nido",
  "easter.bronzeegg": "Huevo de bronce",
  "easter.goldegg": "Huevo de oro",
  "easter.paintedeggs": "Huevo pintado",
  "easter.silveregg": "Huevo de plata",
  "halloween.candy": "Dulces de Halloween",
  "largecandles": "Muchas velas",
  "smallcandles": "Velas",
  "carvable.pumpkin": "Calabaza tallable",
  "coffin.storage": "Ataúd",
  "cursedcauldron": "Caldero maldito",
  "gravestone": "Lápida",
  "woodcross": "Cruz de madera",
  "frankensteins.monster.01.head": "Cabeza ligera de Frankenstein",
  "frankensteins.monster.01.legs": "Piernas ligeras de Frankenstein",
  "frankensteins.monster.01.torso": "Torso ligero de Frankenstein",
  "frankensteins.monster.02.head": "Cabeza mediana de Frankenstein",
  "frankensteins.monster.02.legs": "Piernas medianas de Frankenstein",
  "frankensteins.monster.02.torso": "Torso mediano de Frankenstein",
  "frankensteins.monster.03.head": "Cabeza pesada de Frankenstein",
  "frankensteins.monster.03.legs": "Piernas pesadas de Frankenstein",
  "frankensteins.monster.03.torso": "Torso pesado de Frankenstein",
  "wall.graveyard.fence": "Valla de cementerio",
  "halloween.lootbag.large": "Bolsa de dulces grande",
  "halloween.lootbag.medium": "Bolsa de dulces mediana",
  "halloween.lootbag.small": "Bolsa de dulces pequeña",
  "pumpkinbasket": "Cubo de calabaza",
  "scarecrow": "Espantapájaros",
  "skullspikes.candles": "Calaveras en una pica",
  "skullspikes.pumpkin": "Calaveras en una pica",
  "skullspikes": "Calaveras en una pica",
  "skulldoorknocker": "Aldaba de calavera",
  "skull_fire_pit": "Pila de calaveras",
  "spiderweb": "Telaraña",
  "spookyspeaker": "Altavoz espeluznante",
  "halloween.surgeonsuit": "Bata de cirujano",
  "skull.trophy.jar": "Trofeo de calavera",
  "skull.trophy.jar2": "Trofeo de calavera",
  "skull.trophy.table": "Trofeo de calavera",
  "skull.trophy": "Trofeo de calavera",
  "blueidtag": "Tarjeta de identificación azul",
  "grayidtag": "Tarjeta de identificación gris",
  "greenidtag": "Tarjeta de identificación verde",
  "orangeidtag": "Tarjeta de identificación naranja",
  "pinkidtag": "Tarjeta de identificación rosa",
  "purpleidtag": "Tarjeta de identificación morada",
  "redidtag": "Tarjeta de identificación roja",
  "whiteidtag": "Tarjeta de identificación blanca",
  "yellowidtag": "Tarjeta de identificación amarilla",
  "movembermoustachecard": "Bigote de cartón para Moviembre",
  "movembermoustache": "Bigote para Moviembre",
  "note": "Nota",
  "factorydoor": "Puerta de fábrica",
  "industrial.wall.light.green": "Lámpara verde industrial de pared",
  "industrial.wall.light": "Lámpara industrial de pared",
  "industrial.wall.light.red": "Lámpara roja industrial de pared",
  "skull.human": "Calavera humana",
  "abovegroundpool": "Piscina elevada",
  "beachchair": "Tumbona",
  "beachparasol": "Sombrilla de playa",
  "beachtable": "Mesa de playa",
  "beachtowel": "Toalla de playa",
  "boogieboard": "Tabla acuática",
  "innertube": "Flotador",
  "innertube.horse": "Flotador",
  "innertube.unicorn": "Flotador",
  "tool.instant_camera": "Cámara de fotos",
  "paddlingpool": "Piscina inflable",
  "photo": "Fotografía",
  "photoframe.landscape": "Marco de foto apaisado",
  "photoframe.large": "Marco de foto apaisado grande",
  "photoframe.portrait": "Marco de foto de retrato",
  "sunglasses02black": "Gafas de sol",
  "sunglasses02camo": "Gafas de sol",
  "sunglasses02red": "Gafas de sol",
  "sunglasses03black": "Gafas de sol",
  "sunglasses03chrome": "Gafas de sol",
  "sunglasses03gold": "Gafas de sol",
  "sunglasses": "Gafas de sol",
  "gun.water": "Fusil de agua",
  "pistol.water": "Pistola de agua",
  "trophy": "Trofeo de Twitch Rivals",
  "twitchsunglasses": "Gafas de sol púrpuras",
  "twitch.headset": "Auriculares",
  "hobobarrel": "Barril de pordiosero",
  "door.hinged.industrial.a": "Puerta industrial",
  "xmas.advent": "Calendario de adviento",
  "candycaneclub": "Porra de caramelo",
  "xmas.lightstring": "Luces navideñas",
  "xmas.door.garland": "Guirnalda festiva para puerta",
  "xmas.double.door.garland": "Guirnalda festiva para puerta doble",
  "candycane": "Bastón de caramelo",
  "giantcandycanedecor": "Bastón de caramelo enorme",
  "wall.ice.wall": "Muro bajo de hielo",
  "wall.external.high.ice": "Muro alto de hielo",
  "giantlollipops": "Piruletas enormes",
  "sign.neon.125x125": "Cartel de neón pequeño",
  "sign.neon.125x215.animated": "Cartel de neón animado mediano",
  "sign.neon.125x215": "Cartel de neón mediano",
  "sign.neon.xl.animated": "Cartel de neón animado grande",
  "sign.neon.xl": "Cartel de neón grande",
  "pookie.bear": "Osito Pookie",
  "xmas.lightstring.advanced": "Luces navideñas de lujo",
  "coal": "Carbón :(",
  "xmas.present.large": "Regalo grande",
  "xmas.present.medium": "Regalo mediano",
  "xmas.present.small": "Regalo pequeño",
  "sled.xmas": "Trineo",
  "sled": "Trineo",
  "snowmachine": "Máquina de nieve",
  "snowball": "Bola de nieve",
  "snowballgun": "Fusil de bolas de nieve",
  "snowman": "Muñeco de nieve",
  "stocking.large": "SUPER calcetín",
  "stocking.small": "Calcetín pequeño",
  "gingerbreadsuit": "Traje de pan de jengibre",
  "attire.reindeer.headband": "Diadema de reno",
  "santabeard": "Barba de Papá Noel",
  "santahat": "Gorro de Papá Noel",
  "attire.snowman.helmet": "Casco de muñeco de nieve",
  "xmas.window.garland": "Guirnalda festiva para ventana",
  "wrappedgift": "Regalo mal envuelto",
  "wrappingpaper": "Papel de envolver",
  "xmasdoorwreath": "Corona navideña",
  "xmas.decoration.baubels": "Bolas decorativas",
  "xmas.decoration.candycanes": "Bastones de caramelo decorativos",
  "xmas.decoration.gingerbreadmen": "Hombres de jengibre decorativos",
  "xmas.decoration.lights": "Luces de árbol",
  "xmas.decoration.pinecone": "Piñas decorativas",
  "xmas.decoration.star": "Estrella de árbol",
  "xmas.decoration.tinsel": "Oropel decorativo",
  "xmas.tree": "Árbol de Navidad",
  "captainslog": "Hoja del cuaderno de bitácora del capitán",
  "fishing.tackle": "Aparejo de pesca",
  "bottle.vodka": "Botella de vodka",
  "autoturret": "Torreta automática",
  "flameturret": "Torreta lanzallamas",
  "gloweyes": "Ojos brillantes",
  "ammo.rocket.sam": "Munición antiaérea",
  "samsite": "Batería antiaérea",
  "black.berry": "Baya negra",
  "clone.black.berry": "Esqueje de baya negra",
  "seed.black.berry": "Semilla de baya negra",
  "blue.berry": "Baya azul",
  "clone.blue.berry": "Esqueje de baya azul",
  "seed.blue.berry": "Semilla de baya azul",
  "green.berry": "Baya verde",
  "clone.green.berry": "Esqueje de baya verde",
  "seed.green.berry": "Semilla de baya verde",
  "red.berry": "Baya roja",
  "clone.red.berry": "Esqueje de baya roja",
  "seed.red.berry": "Semilla de baya roja",
  "white.berry": "Baya blanca",
  "clone.white.berry": "Esqueje de baya blanca",
  "seed.white.berry": "Semilla de baya blanca",
  "yellow.berry": "Baya amarilla",
  "clone.yellow.berry": "Esqueje de baya amarilla",
  "seed.yellow.berry": "Semilla de baya amarilla",
  "corn": "Maíz",
  "clone.corn": "Esqueje de maíz",
  "seed.corn": "Semilla de maíz",
  "clone.hemp": "Esqueje de cáñamo",
  "seed.hemp": "Semilla de cáñamo",
  "potato": "Patata",
  "clone.potato": "Esqueje de patata",
  "seed.potato": "Semilla de patata",
  "pumpkin": "Calabaza",
  "clone.pumpkin": "Esqueje de calabaza",
  "seed.pumpkin": "Semilla de calabaza",
  "fat.animal": "Grasa animal",
  "battery.small": "Pila pequeña",
  "blood": "Sangre",
  "bone.fragments": "Fragmentos de hueso",
  "cctv.camera": "Cámara de vigilancia",
  "charcoal": "Carbón vegetal",
  "cloth": "Tela",
  "crude.oil": "Petróleo",
  "diesel_barrel": "Combustible diésel",
  "can.beans.empty": "Lata de alubias vacía",
  "can.tuna.empty": "Lata de atún vacía",
  "explosives": "Explosivos",
  "fertilizer": "Fertilizante",
  "gunpowder": "Pólvora",
  "horsedung": "Boñiga de caballo",
  "hq.metal.ore": "Mena de metal de alta calidad",
  "metal.refined": "Metal de alta calidad",
  "leather": "Cuero",
  "lowgradefuel": "Combustible de grado bajo",
  "metal.fragments": "Fragmentos de metal",
  "metal.ore": "Mena de metal",
  "paper": "Papel",
  "plantfiber": "Fibra de planta",
  "researchpaper": "Papel de investigación",
  "water.salt": "Agua salada",
  "scrap": "Chatarra",
  "stones": "Piedras",
  "sulfur.ore": "Mena de azufre",
  "sulfur": "Azufre",
  "targeting.computer": "Ordenador",
  "water": "Agua",
  "skull.wolf": "Cráneo de lobo",
  "wood": "Madera",
  "healingtea.advanced": "Té curativo avanzado",
  "healingtea": "Té curativo básico",
  "healingtea.pure": "Té curativo puro",
  "maxhealthtea.advanced": "Té de salud máxima avanzado",
  "maxhealthtea": "Té de salud máxima básico",
  "maxhealthtea.pure": "Té de salud máxima puro",
  "oretea.advanced": "Té de minero avanzado",
  "oretea": "Té de minero básico",
  "oretea.pure": "Té de minero puro",
  "radiationremovetea.advanced": "Té de eliminación de radiación avanzado",
  "radiationremovetea": "Té de eliminación de radiación básico",
  "radiationremovetea.pure": "Té de eliminación de radiación puro",
  "radiationresisttea.advanced": "Té anti-radiación avanzado",
  "radiationresisttea": "Té anti-radiación básico",
  "radiationresisttea.pure": "Té anti-radiación puro",
  "scraptea.advanced": "Té de chatarrero avanzado",
  "scraptea": "Té de chatarrero básico",
  "scraptea.pure": "Té de chatarrero puro",
  "supertea": "Súper suero",
  "woodtea.advanced": "Té de leñador avanzado",
  "woodtea": "Té de leñador básico",
  "woodtea.pure": "Té de leñador puro",
  "antiradpills": "Píldoras antiradiación",
  "tool.binoculars": "Prismáticos",
  "explosive.timed": "Carga explosiva con temporizador",
  "tool.camera": "Cámara",
  "rf.detonator": "Transmisor de radiofrecuencia",
  "fishingrod.handmade": "Caña de pescar casera",
  "flare": "Bengala",
  "flashlight.held": "Linterna",
  "geiger.counter": "Contador Geiger",
  "hosetool": "Herramienta de manguera",
  "jackhammer": "Motopico",
  "keycard_blue": "Tarjeta de acceso azul",
  "keycard_green": "Tarjeta de acceso verde",
  "keycard_red": "Tarjeta de acceso roja",
  "largemedkit": "Botiquín",
  "concretehatchet": "Hacha de hormigón armado",
  "concretepickaxe": "Pico de hormigón armado",
  "lumberjack.hatchet": "Hacha prototipo",
  "lumberjack.pickaxe": "Pico prototipo",
  "map": "Mapa",
  "syringe.medical": "Jeringa médica",
  "rf_pager": "Mensáfono",
  "pipetool": "Herramienta de tuberías",
  "building.planner": "Plano de construcción",
  "grenade.smoke": "Granada de humo",
  "spraycan": "Bote de pintura",
  "spraycandecal": "Plantillas",
  "supply.signal": "Señal de entrega aérea",
  "surveycharge": "Carga de prospección",
  "wiretool": "Herramienta de cableado",
  "vehicle.chassis.2mod": "Chasis pequeño",
  "vehicle.chassis.3mod": "Chasis mediano",
  "vehicle.chassis.4mod": "Chasis grande",
  "vehicle.chassis": "Chasis genérico",
  "vehicle.1mod.cockpit": "Módulo vehicular de cabina",
  "vehicle.1mod.cockpit.armored": "Módulo vehicular de cabina blindada",
  "vehicle.1mod.cockpit.with.engine": "Módulo vehicular de cabina motorizada",
  "vehicle.1mod.engine": "Módulo vehicular de motor",
  "vehicle.1mod.flatbed": "Módulo vehicular de superficie plana",
  "vehicle.1mod.passengers.armored": "Módulo vehicular de pasajeros blindado",
  "vehicle.1mod.rear.seats": "Módulo vehicular de asientos traseros",
  "vehicle.1mod.storage": "Módulo vehicular de almacenamiento",
  "vehicle.1mod.taxi": "Módulo vehicular de taxi",
  "vehicle.2mod.camper": "Módulo vehicular de autocaravana",
  "vehicle.2mod.flatbed": "Módulo vehicular de superficie plana grande",
  "vehicle.2mod.fuel.tank": "Módulo vehicular de tanque de combustible",
  "vehicle.2mod.passengers": "Módulo vehicular de pasajeros",
  "vehicle.module": "Módulo vehicular genérico",
  "boombox": "Equipo de sonido",
  "fun.boomboxportable": "Estéreo portátil",
  "cassette": "Casete (largo)",
  "cassette.medium": "Casete (medio)",
  "cassette.short": "Casete (corto)",
  "fun.casetterecorder": "Grabadora de casetes",
  "discoball": "Bola de discoteca",
  "discofloor": "Pista de discoteca",
  "discofloor.largetiles": "Pista de discoteca",
  "connected.speaker": "Altavoz repetidor",
  "laserlight": "Láser de discoteca",
  "megaphone": "Megáfono",
  "microphonestand": "Micrófono de pie",
  "mobilephone": "Teléfono móvil",
  "soundlight": "Luces de discoteca",
  "telephone": "Teléfono",
  "weapon.mod.8x.scope": "Mira telescópica 16x",
  "weapon.mod.burstmodule": "Módulo de ráfaga",
  "weapon.mod.extendedmags": "Cargador ampliado",
  "weapon.mod.flashlight": "Linterna para arma",
  "weapon.mod.holosight": "Mira holográfica",
  "weapon.mod.lasersight": "Puntero láser para armas",
  "weapon.mod.muzzleboost": "Refuerzo de boca",
  "weapon.mod.muzzlebrake": "Freno de boca",
  "weapon.mod.simplesight": "Mira sencilla improvisada",
  "weapon.mod.silencer": "Silenciador",
  "weapon.mod.small.scope": "Mira telescópica 8x",
  "rifle.ak": "Fusil de asalto",
  "rifle.ak.ice": "Fusil de asalto - HIELO",
  "bandage": "Vendaje",
  "grenade.beancan": "Granada de lata",
  "rifle.bolt": "Fusil de cerrojo",
  "bone.club": "Porra de hueso",
  "knife.bone": "Cuchillo de hueso",
  "bow.hunting": "Arco de caza",
  "cakefiveyear": "Pastel de cumpleaños",
  "chainsaw": "Motosierra",
  "salvaged.cleaver": "Cuchilla de chatarra",
  "bow.compound": "Arco compuesto",
  "crossbow": "Ballesta",
  "shotgun.double": "Escopeta de doble cañón",
  "pistol.eoka": "Pistola eoka",
  "grenade.f1": "Granada F1",
  "flamethrower": "Lanzallamas",
  "grenade.flashbang": "Granada cegadora",
  "pistol.prototype17": "Prototipo 17",
  "multiplegrenadelauncher": "Lanzagranadas",
  "mace.baseballbat": "Bate de béisbol",
  "knife.butcher": "Cuchillo de carnicero",
  "pitchfork": "Horca",
  "sickle": "Hoz",
  "torch.torch.skull": "Antorcha de la secta",
  "skull": "Calavera (roca)",
  "hammer": "Martillo de construcción",
  "hatchet": "Hacha",
  "hmlmg": "Ametralladora casera",
  "knife.combat": "Cuchillo de combate",
  "rifle.l96": "Fusil L96",
  "rifle.lr300": "Fusil de asalto LR-300",
  "lmg.m249": "Ametralladora M249",
  "rifle.m39": "Fusil M39",
  "pistol.m92": "Pistola M92",
  "mace": "Lucero del alba",
  "machete": "Machete",
  "grenade.molotov": "Cóctel molotov",
  "smg.mp5": "MP5A4",
  "pistol.nailgun": "Pistola de clavos",
  "paddle": "Remo",
  "pickaxe": "Pico",
  "shotgun.waterpipe": "Escopeta de tubería",
  "pistol.python": "Revólver Python",
  "pistol.revolver": "Revólver",
  "rock": "Roca",
  "rocket.launcher": "Lanzamisiles",
  "axe.salvaged": "Hacha de chatarra",
  "hammer.salvaged": "Martillo de chatarra",
  "icepick.salvaged": "Piolet de chatarra",
  "explosive.satchel": "Bolsa explosiva",
  "shotgun.pump": "Escopeta de corredera",
  "pistol.semiauto": "Pistola semiautomática",
  "rifle.semiauto": "Fusil semiautomático",
  "smg.2": "Subfusil personalizado",
  "shotgun.spas12": "Escopeta SPAS-12",
  "speargun": "Arma de pesca",
  "stonehatchet": "Hacha de piedra",
  "stone.pickaxe": "Pico de piedra",
  "spear.stone": "Lanza de piedra",
  "longsword": "Mandoble",
  "salvaged.sword": "Espada de chatarra",
  "smg.thompson": "Subfusil Thompson",
  "toolgun": "Pistola de herramientas de Garry's Mod",
  "torch": "Antorcha",
  "bucket.water": "Cubo de agua",
  "spear.wooden": "Lanza de madera",
  "horse.armor.roadsign": "Armadura de señales para caballo",
  "horse.armor.wood": "Armadura de madera para caballo",
  "horse.saddle.double": "Montura doble para caballo",
  "horse.saddle": "Silla de montar",
  "horse.saddle.single": "Montura individual para caballo",
  "horse.saddlebag": "Alforja",
  "horse.shoes.advanced": "Herradura de alta calidad",
  "horse.shoes.basic": "Herradura básica"
}