{
  "hat.wolf": "Mũ Sói",
  "fogmachine": "Máy Tạo Sương",
  "strobelight": "Đèn Nhấp Nháy",
  "kayak": "Xuồng",
  "minihelicopter.repair": "Thảm Gấu",
  "scraptransportheli.repair": "Thảm Gấu",
  "workcart": "Xe Đẩy Công Việc",
  "ammo.grenadelauncher.buckshot": "Đạn Tỏa Shotgun 40mm",
  "ammo.grenadelauncher.he": "Lựu đạn HE 40mm",
  "ammo.grenadelauncher.smoke": "Lựu Đạn Khói 40mm",
  "arrow.hv": "Mũi Tên Tốc Độ Cao",
  "arrow.wooden": "Mũi Tên Gỗ",
  "arrow.bone": "Mũi Tên Xương",
  "arrow.fire": "Mũi Tên Lửa",
  "ammo.handmade.shell": "Đạn Vỏ Tự Chế",
  "ammo.nailgun.nails": "Đạn Súng Bắn Đinh",
  "ammo.pistol": "Đạn Lục",
  "ammo.pistol.fire": "Đạn Lục Cháy",
  "ammo.pistol.hv": "Đạn Lục Tốc Độ Cao",
  "ammo.rifle": "Đạn Súng Trường 5.56",
  "ammo.rifle.explosive": "Đạn Nổ Súng Trường 5.56",
  "ammo.rifle.incendiary": "Đạn Cháy Súng Trường 5.56",
  "ammo.rifle.hv": "Đạn Súng Trường Tốc Độ Cao 5.56",
  "ammo.rocket.basic": "Tên lửa thường",
  "ammo.rocket.fire": "Tên Lửa Cháy",
  "ammo.rocket.hv": "Tên Lửa Tốc Độ Cao",
  "ammo.rocket.smoke": "Tên Lửa Khói",
  "ammo.shotgun": "Đạn ghém cỡ 12 Gauge",
  "ammo.shotgun.fire": "Đạn cháy cỡ 12 Gauge",
  "ammo.shotgun.slug": "Đạn đặc cỡ 12 Gauge",
  "door.double.hinged.metal": "Cửa Đôi Sắt Thường",
  "door.double.hinged.toptier": "Cửa Đôi Xịn",
  "door.double.hinged.wood": "Cửa Gỗ Đôi",
  "door.hinged.metal": "Cửa Đơn Sắt Thường",
  "door.hinged.toptier": "Cửa Đơn Xịn",
  "door.hinged.wood": "Cửa Gỗ Đơn",
  "floor.grill": "Sàn lưới Vuông",
  "floor.ladder.hatch": "Cửa Thang Vuông",
  "floor.triangle.grill": "Sàn Lưới Tam Giác",
  "floor.triangle.ladder.hatch": "Cửa Thang Tam Giác",
  "gates.external.high.stone": "Cổng Thành Bằng Đá",
  "gates.external.high.wood": "Cổng Thành Bằng Gỗ",
  "ladder.wooden.wall": "Thang Gỗ",
  "wall.external.high.stone": "Tường Thành Bằng Đá",
  "wall.external.high": "Tường Thành Bằng Gỗ",
  "wall.frame.cell.gate": "Cổng Nhà Giam",
  "wall.frame.cell": "Tường Nhà Giam",
  "wall.frame.fence.gate": "Cổng Rào Dạng Lưới",
  "wall.frame.fence": "Hàng Rào Dạng Lưới",
  "wall.frame.garagedoor": "Cửa Gara",
  "wall.frame.netting": "Lưới Trèo",
  "wall.frame.shopfront": "Cửa Shop Bằng Gỗ",
  "wall.frame.shopfront.metal": "Cửa Shop",
  "wall.window.bars.metal": "Cửa Sổ Sắt",
  "wall.window.bars.toptier": "Cửa Sổ Kính Xịn",
  "wall.window.bars.wood": "Cửa Sổ Gỗ",
  "shutter.metal.embrasure.a": "Cửa Sổ Heli Ngang",
  "shutter.metal.embrasure.b": "Cửa Sổ Heli Dọc",
  "wall.window.glass.reinforced": "Cửa Sổ Kính Cường Lực",
  "shutter.wood.a": "Cửa Sổ Bằng Gỗ",
  "watchtower.wood": "Tháp Canh",
  "diving.fins": "Chân Vịt",
  "diving.mask": "Kính Lặn",
  "diving.tank": "Bình Lặn",
  "diving.wetsuit": "Áo Lặn",
  "boots.frog": "Ủng Hình Ếch",
  "barrelcostume": "Trang Phục Thùng Phuy",
  "cratecostume": "Trang Phục Thùng Loot",
  "hat.gas.mask": "Mặt Nạ Phòng Gas",
  "burlap.gloves.new": "Găng Tay Vải",
  "burlap.gloves": "Găng Tay Da",
  "roadsign.gloves": "Găng Tay Biển Báo",
  "tactical.gloves": "Găng Tay Chống Rung",
  "ghostsheet": "Trang Phục Ma",
  "halloween.mummysuit": "Bộ Đồ Xác Ướp",
  "scarecrow.suit": "Bộ Đồ Bù Nhìn",
  "scarecrowhead": "Mũ Bù Nhìn",
  "attire.hide.helterneck": "Áo dây da",
  "hat.beenie": "Mũ Len",
  "hat.boonie": "Mũ Vành",
  "bucket.helmet": "Mũ Hình Cái Xô Nước",
  "burlap.headwrap": "Mũ Vải",
  "hat.candle": "Mũ Nến",
  "hat.cap": "Mũ Bóng Chày",
  "clatter.helmet": "Mũ Phòng Độc",
  "coffeecan.helmet": "Mũ Cấp 2",
  "deer.skull.mask": "Mũ Xương",
  "heavy.plate.helmet": "Mũ Cấp 4",
  "hat.miner": "Mũ Thợ Mỏ",
  "partyhat": "Mũ Sinh Nhật",
  "riot.helmet": "Mũ Chống Bạo Động",
  "wood.armor.helmet": "Mũ Giáp Gỗ",
  "hoodie": "Áo Hoodie",
  "bone.armor.suit": "Giáp Xương",
  "heavy.plate.jacket": "Áo Giáp Cấp 4",
  "jacket.snow": "Áo Khoác Ấm",
  "jacket": "Áo Khoác Xịn",
  "wood.armor.jacket": "Áo Giáp Gỗ",
  "mask.balaclava": "Mũ Trùm Kín Mặt",
  "mask.bandana": "Khăn bịt mặt",
  "metal.facemask": "Mũ Cấp 3",
  "nightvisiongoggles": "Kính Nhìn Đêm",
  "attire.ninja.suit": "Bộ đồ Ninja",
  "burlap.trousers": "Quần Vải",
  "heavy.plate.pants": "Quần Giáp Cấp 4",
  "attire.hide.pants": "Quần da",
  "roadsign.kilt": "Đai Lưng",
  "pants.shorts": "Quần Lửng",
  "wood.armor.pants": "Quần Giáp Gỗ",
  "pants": "Quần",
  "attire.hide.poncho": "Áo Khoác Da",
  "burlap.shirt": "Áo Vải",
  "shirt.collared": "Áo Sơ Mi",
  "attire.hide.vest": "Áo Da",
  "shirt.tanktop": "Áo Ba Lỗ",
  "shoes.boots": "Giày",
  "burlap.shoes": "Giày Vải",
  "attire.hide.boots": "Giày da",
  "attire.hide.skirt": "Váy Da",
  "attire.banditguard": "Bộ Đồ An Ninh Bandit",
  "hazmatsuit": "Bộ Phóng Xạ",
  "hazmatsuit_scientist": "Bộ Đồ Nhà Khoa Học",
  "hazmatsuit_scientist_peacekeeper": "Bộ đồ khoa học",
  "hazmatsuit.spacesuit": "Bộ Đồ Không Gian ",
  "scientistsuit_heavy": "Bộ Đồ Nhà Khoa Học Hạng Nặng",
  "jumpsuit.suit": "Áo Liền Quần",
  "tshirt.long": "Áo Phông Tay Dài",
  "tshirt": "Áo Phông",
  "metal.plate.torso": "Áo Giáp Cấp 3",
  "roadsign.jacket": "Áo Giáp Cấp 2",
  "bleach": "Chất Tẩy Trắng",
  "ducttape": "Băng Dính",
  "carburetor1": "Bộ Chế Hòa Khí Cấp 1",
  "carburetor2": "Bộ Chế Hòa Khí Cấp 2",
  "carburetor3": "Bộ Chế Hòa Khí Cấp 3",
  "crankshaft1": "Trục Khuỷu Cấp 1",
  "crankshaft2": "Trục Khuỷu Cấp 2",
  "crankshaft3": "Trục Khuỷu Cấp 3",
  "piston1": "Pít Tông Cấp 1",
  "piston2": "Pít Tông Cấp 2",
  "piston3": "Pít Tông Cấp 3",
  "sparkplug1": "Bugi Cấp 1",
  "sparkplug2": "Bugi Cấp 2",
  "sparkplug3": "Bugi Cấp 3",
  "valve1": "Van Xe Cấp 1",
  "valve2": "Van Xe Cấp 2",
  "valve3": "Van Xe Cấp 3",
  "fuse": "Cầu Chì",
  "gears": "Bánh Răng",
  "glue": "Keo Dán",
  "metalblade": "Lưỡi Dao Kim Loại",
  "metalpipe": "Ống Kim Loại",
  "propanetank": "Bình Gas Rỗng",
  "roadsigns": "Biển Báo",
  "rope": "Dây Thừng",
  "sewingkit": "Cuộn Chỉ",
  "sheetmetal": "Tấm Kim Loại",
  "metalspring": "Lò Xo",
  "sticks": "Gậy",
  "tarp": "Tấm Bạt",
  "techparts": "Rác Máy Tính",
  "riflebody": "Thân Súng Trường",
  "semibody": "Thân Súng Bán Tự Động",
  "smgbody": "Thân SMG",
  "barricade.concrete": "Rào Chắn Bê Tông",
  "barricade.wood.cover": "Rào Gỗ Che Chắn",
  "barricade.metal": "Rào Sắt",
  "barricade.sandbags": "Rào Chắn Bao Cát",
  "barricade.stone": "Rào Chắn Bằng Đá",
  "barricade.wood": "Rào Gỗ",
  "barricade.woodwire": "Rào Gỗ Có Kẽm Gai",
  "bbq": "Vỉ Nướng Thịt",
  "trap.bear": "Bẫy Thú",
  "bed": "Giường Ngủ",
  "campfire": "Lửa Trại",
  "cardtable": "Thẻ Bàn",
  "ceilinglight": "Đèn Trần",
  "chair": "Ghế",
  "composter": "Máy Ủ Phân",
  "computerstation": "Máy Tính Quan Sát",
  "drone": "Máy Bay Không Người Lái",
  "dropbox": "Hộp Thả Đồ",
  "elevator": "Thang Máy",
  "fireplace.stone": "Lò Sưởi Bằng Đá",
  "firework.boomer.blue": "Pháo Cối Màu Xanh Dương",
  "firework.boomer.champagne": "Pháo Cối Màu Sâm Panh",
  "firework.boomer.green": "Pháo Cối Màu Xanh Lá",
  "firework.boomer.orange": "Pháo Cối Màu Cam",
  "firework.boomer.red": "Pháo Cối Màu Đỏ",
  "firework.boomer.violet": "Pháo Cối Màu Tím",
  "firework.romancandle.blue": "Pháo Nến Màu Xanh Dương",
  "firework.romancandle.green": "Pháo Nến Màu Xanh Lá",
  "firework.romancandle.red": "Pháo Nến Màu Đỏ",
  "firework.romancandle.violet": "Pháo Nến Màu Tím",
  "firework.volcano": "Pháo Hoa Núi Lửa Màu Trắng",
  "firework.volcano.red": "Pháo Hoa Núi Lửa Màu Đỏ",
  "firework.volcano.violet": "Pháo Hoa Núi Lửa Màu Tím",
  "spikes.floor": "Chông",
  "fridge": "Tủ Lạnh",
  "furnace.large": "Lò nung lớn",
  "furnace": "Lò Nung Quặng Nhỏ",
  "hitchtroughcombo": "Máng Ngựa",
  "habrepair": "Thảm Gấu",
  "jackolantern.angry": "Đèn Lồng Phẫn Nộ",
  "jackolantern.happy": "Đền Lồng Hạnh Phúc",
  "trap.landmine": "Mìn Quân Dụng",
  "lantern": "Đèn Dầu",
  "box.wooden.large": "Rương Gỗ Lớn",
  "water.barrel": "Thùng Đựng Nước",
  "locker": "Tủ Đựng Quần Áo",
  "mailbox": "Hộp Thư",
  "mixingtable": "Bàn Trộn",
  "modularcarlift": "Mô Đun Nâng Xe",
  "mining.pumpjack": "Máy Bơm Dầu",
  "small.oil.refinery": "Lò Nung Dầu",
  "planter.large": "Chậu Trồng Cây Lớn",
  "planter.small": "Chậu Trồng Cây Nhỏ",
  "electric.audioalarm": "Loa",
  "smart.alarm": "Báo Thức Thông Minh",
  "smart.switch": "Cầu Giao Thông Minh",
  "storage.monitor": "Giám Sát Thùng Chứa",
  "electric.battery.rechargable.large": "Cục Pin Lớn",
  "electric.battery.rechargable.medium": "Cục pin vừa",
  "electric.battery.rechargable.small": "Cục pin nhỏ",
  "electric.button": "Nút Bấm",
  "electric.counter": "Bộ Đếm",
  "electric.hbhfsensor": "Cảm Biến HBHF",
  "electric.laserdetector": "Máy Dò Laser",
  "electric.pressurepad": "Đệm Áp Suất",
  "electric.doorcontroller": "Bộ Điều Khiển Cửa",
  "electric.heater": "Máy Sưởi Điện",
  "fluid.combiner": "Bộ Gộp Nước",
  "fluid.splitter": "Bộ Tách Nước",
  "fluid.switch": "Máy Bơm Đẩy Nước",
  "electric.andswitch": "Cầu Giao Loại AND",
  "electric.blocker": "Bộ Chặn Điện",
  "electrical.branch": "Bộ Chia Điện Tùy Chỉnh",
  "electrical.combiner": "Bộ Kết Hợp Nguồn",
  "electrical.memorycell": "Bộ Nhớ Điện",
  "electric.orswitch": "Cầu Giao Loại OR",
  "electric.random.switch": "Bộ Ngẫu Nhiên RAND",
  "electric.rf.broadcaster": "Máy Phát Sóng Cố Định RF",
  "electric.rf.receiver": "Máy Thu Sóng RF",
  "electric.xorswitch": "Cầu Giao Loại XOR",
  "electric.fuelgenerator.small": "Máy Phát Điện Nhỏ",
  "electric.generator.small": "Máy Phát Điện Thử Nghiệm",
  "electric.solarpanel.large": "Pin Năng Lượng Mặt Trời",
  "electric.igniter": "Đánh Lửa",
  "electric.flasherlight": "Đèn Nhấp Nháy",
  "electric.simplelight": "Đèn Đơn Giản",
  "electric.sirenlight": "Đèn Báo Động",
  "powered.water.purifier": "Máy Lọc Nước",
  "electric.switch": "Cầu Giao Thường",
  "electric.splitter": "Bộ Chia Điện",
  "electric.sprinkler": "Vòi Phun Nước",
  "electric.teslacoil": "Cuộn Tesla",
  "electric.timer": "Cầu Giao Hẹn Giờ",
  "electric.cabletunnel": "Cáp Ngầm",
  "waterpump": "Máy Bơm Hút Nước",
  "mining.quarry": "Máy Đào Quặng",
  "target.reactive": "Bia Tập Bắn",
  "box.repair.bench": "Bàn Sửa Chữa",
  "research.table": "Bàn Học",
  "rug.bear": "Thảm Da Gấu",
  "rug": "Thảm",
  "searchlight": "Đèn Rọi",
  "secretlabchair": "Ghế Phòng Thí Nghiệm",
  "shelves": "Kệ Đựng Đồ",
  "sign.hanging.banner.large": "Khẩu Hiệu Treo Tường Lớn",
  "sign.hanging": "Biển Hiệu Treo 2 Mặt",
  "sign.hanging.ornate": "Biển hiệu treo hai mặt trang trí công phu ",
  "sign.pictureframe.landscape": "Khung Tranh Ngang",
  "sign.pictureframe.portrait": "Khung Tranh Dọc",
  "sign.pictureframe.tall": "Khung Tranh Cao",
  "sign.pictureframe.xl": "Khung Tranh Size XL",
  "sign.pictureframe.xxl": "Khung Tranh Size XXL",
  "sign.pole.banner.large": "Khẩu Hiệu Treo Sào Lớn",
  "sign.post.double": "Bảng Hiệu Bưu Điện Đôi",
  "sign.post.single": "Biển Hiệu Bưu Điện Đơn",
  "sign.post.town": "Biển Hiệu 1 Mặt Bưu Điện",
  "sign.post.town.roof": "Biển Hiệu 2 Mặt Bưu Điện",
  "sign.wooden.huge": "Bảng Hiệu Gỗ Khổng Lồ",
  "sign.wooden.large": "Bảng Hiệu Gỗ Lớn",
  "sign.wooden.medium": "Bảng Hiệu Gỗ Trung Bình",
  "sign.wooden.small": "Bảng Hiệu Gỗ Nhỏ",
  "guntrap": "Bẫy shotgun",
  "sleepingbag": "Túi Ngủ",
  "stash.small": "Túi Giấu Đồ",
  "sofa": "Ghế Sofa",
  "spinner.wheel": "Vòng Xoay",
  "fishtrap.small": "Bẫy Bắt Cá",
  "table": "Bàn",
  "workbench1": "Bàn Làm Việc Cấp 1",
  "workbench2": "Bàn Làm Việc Cấp 2",
  "workbench3": "Bàn Làm Việc Cấp 3",
  "cupboard.tool": "Tủ TC",
  "tunalight": "Đèn Dầu Treo Tường",
  "vending.machine": "Máy Bán Hàng Tự Động",
  "water.catcher.large": "Bình Hứng Nước Lớn",
  "water.catcher.small": "Bình Hứng Nước Nhỏ",
  "water.purifier": "Máy Lọc Nước",
  "generator.wind.scrap": "Cối Xay Gió",
  "box.wooden": "Rương Gỗ Nhỏ",
  "apple": "Quả Táo",
  "apple.spoiled": "Táo Thối",
  "black.raspberries": "Quả Mâm Xôi Đen",
  "blueberries": "Những Quả Berry Xanh Dương",
  "botabag": "Túi Đựng Nước",
  "cactusflesh": "Cùi Xương Rồng",
  "can.beans": "Hộp Súp Đậu",
  "can.tuna": "Hộp Cá Ngừ",
  "chocholate": "Thanh Socola",
  "fish.cooked": "Thịt Cá Chín",
  "fish.raw": "Thịt Cá Sống",
  "fish.minnows": "Cá Tuế",
  "fish.troutsmall": "Cá Hồi Nhỏ",
  "granolabar": "Thanh Yến Mạch",
  "chicken.burned": "Thịt Gà Bị Cháy",
  "chicken.cooked": "Thịt Gà Chín",
  "chicken.raw": "Thịt Gà Sống",
  "chicken.spoiled": "Thịt Gà Hỏng",
  "deermeat.burned": "Thịt Hươu Bị Cháy",
  "deermeat.cooked": "Thịt Hươu Chín",
  "deermeat.raw": "Thịt Hươu Sống",
  "horsemeat.burned": "Thịt Ngựa Bị Cháy",
  "horsemeat.cooked": "Thịt Ngựa Chín",
  "horsemeat.raw": "Thịt Ngựa Sống",
  "humanmeat.burned": "Thịt Người Bị Cháy",
  "humanmeat.cooked": "Thịt Người Chín",
  "humanmeat.raw": "Thịt Người Sống",
  "humanmeat.spoiled": "Thịt Người Thối",
  "bearmeat.burned": "Thịt Gấu Bị Cháy",
  "bearmeat.cooked": "Thịt Gấu Chín",
  "bearmeat": "Thịt Gấu Sống",
  "wolfmeat.burned": "Thịt Sói Bị Cháy",
  "wolfmeat.cooked": "Thịt Sói Chín",
  "wolfmeat.raw": "Thịt Sói Sống",
  "wolfmeat.spoiled": "Thịt Sói Thối",
  "meat.pork.burned": "Thịt Lợn Bị Cháy",
  "meat.pork.cooked": "Thịt Lợn Chín",
  "meat.boar": "Thịt Lợn Sống",
  "mushroom": "Nấm",
  "jar.pickle": "Dưa Chuột Muối",
  "smallwaterbottle": "Chai Nước Nhỏ",
  "waterjug": "Bình Đựng Nước",
  "fun.bass": "Xẻng Chơi Nhạc",
  "fun.cowbell": "Quả Tạ Bò ",
  "drumkit": "Bộ Trống Junkyard",
  "fun.flute": "Sáo Ống",
  "fun.guitar": "Đàn Ghita",
  "fun.jerrycanguitar": "Đàn Ghita Hình Can Nước",
  "piano": "Đàn Piano Cút Kít ",
  "fun.tambourine": "Lắc Tay",
  "fun.trumpet": "Kèn Trumpet",
  "fun.tuba": "Kèn Sousa",
  "xylophone": "Đàn Xương",
  "car.key": "Chìa Khóa Xe",
  "door.key": "Chìa Khóa Cửa Gỗ",
  "lock.key": "Khóa Chìa",
  "lock.code": "Khóa Số",
  "blueprintbase": "Bản Học",
  "chineselantern": "Đèn Lồng",
  "dragondoorknocker": "Núm Gõ Đầu Rồng",
  "hat.dragonmask": "Mặt Nạ Rồng",
  "newyeargong": "Quà Mừng Năm Mới",
  "hat.oxmask": "Mặt Nạ Đầu Trâu",
  "hat.ratmask": "Mặt Nạ Chuột",
  "lunar.firecrackers": "Pháo Dây",
  "arcade.machine.chippy": "Máy Chơi Xu",
  "door.closer": "Tay Co Thủy Lực",
  "attire.bunnyears": "Tai Thỏ",
  "attire.bunny.onesie": "Áo Thỏ",
  "hat.bunnyhat": "Mũ Thỏ ",
  "easterdoorwreath": "Vòng Hoa Phục Sinh",
  "easterbasket": "Giỏ Nhặt Trứng",
  "rustige_egg_a": "Trứng Phát Nhạc - Đỏ",
  "rustige_egg_b": "Trứng Phát Nhạc - Xanh Dương",
  "rustige_egg_c": "Trứng Phát Nhạc - Tím",
  "rustige_egg_d": "Trứng Phát Nhạc - Ngà Voi",
  "rustige_egg_e": "Rustig? Trứng - Màu Xanh Lá",
  "attire.nesthat": "Mũ Tổ Yến",
  "easter.bronzeegg": "Quả Trứng Đồng",
  "easter.goldegg": "Quả Trứng Vàng",
  "easter.paintedeggs": "Trứng Trang Trí",
  "easter.silveregg": "Quả Trứng Bạc",
  "halloween.candy": "Kẹo Halloween",
  "largecandles": "Bộ Nến To",
  "smallcandles": "Bộ Nến Nhỏ",
  "coffin.storage": "Quan Tài",
  "cursedcauldron": "Vạc Phù Thủy",
  "gravestone": "Bia Mộ",
  "woodcross": "Thánh Giá Gỗ",
  "wall.graveyard.fence": "Hàng Rào Nghĩa Trang",
  "halloween.lootbag.large": "Túi Kẹo Lớn",
  "halloween.lootbag.medium": "Túi Kẹo Vừa",
  "halloween.lootbag.small": "Túi Kẹo Nhỏ",
  "pumpkinbasket": "Cái Xô Hình Bí Ngô",
  "scarecrow": "Bù Nhìn",
  "skullspikes.candles": "Gai Đầu Lâu ",
  "skullspikes.pumpkin": "Gai Đầu Lâu ",
  "skullspikes": "Gai Đầu Lâu ",
  "skulldoorknocker": "Núm Gõ Đầu Lâu",
  "skull_fire_pit": "Hố Lửa Đầu Lâu",
  "spiderweb": "Mạng Nhện Trang Trí",
  "spookyspeaker": "Loa",
  "halloween.surgeonsuit": "Bộ Áo Phẫu Thuật",
  "skull.trophy.jar": "Cúp Đầu Lâu ",
  "skull.trophy.jar2": "Cúp Đầu Lâu ",
  "skull.trophy.table": "Cúp Đầu Lâu ",
  "skull.trophy": "Cúp Đầu Lâu ",
  "movembermoustachecard": "Bộ Râu Quai Nón",
  "movembermoustache": "Bộ Râu Ria Mép",
  "note": "Giấy Ghi Chú",
  "skull.human": "Sọ Người",
  "abovegroundpool": "Hồ Bơi Trên Mặt Đất",
  "beachchair": "Ghế Nằm Bãi Biễn",
  "beachparasol": "Lọng Che Bãi Biển",
  "beachtable": "Bàn Bãi Biển",
  "beachtowel": "Khăn Đi Biển",
  "boogieboard": "Ván Trượt Nước",
  "innertube": "Phao Bơi",
  "innertube.horse": "Phao Bơi",
  "innertube.unicorn": "Phao Bơi",
  "tool.instant_camera": "Máy Ảnh Tức Thời",
  "paddlingpool": "Bể Bơi",
  "photo": "Ảnh Chụp",
  "photoframe.landscape": "Khung Ảnh Ngang",
  "photoframe.large": "Khung Tranh Lớn",
  "photoframe.portrait": "Khung Ảnh Dọc",
  "sunglasses02black": "Kính Râm",
  "sunglasses02camo": "Kính Râm",
  "sunglasses02red": "Kính Râm",
  "sunglasses03black": "Kính Râm",
  "sunglasses03chrome": "Kính Râm",
  "sunglasses03gold": "Kính Râm",
  "sunglasses": "Kính Râm",
  "gun.water": "Súng Nước",
  "pistol.water": "Súng Nước Ngắn",
  "twitchsunglasses": "Kính Râm Màu Tím",
  "twitch.headset": "Mũ Tai Nghe",
  "hobobarrel": "Thùng Hobo",
  "door.hinged.industrial.a": "Cửa Công Nghiệp",
  "candycaneclub": "Kẹo Gậy",
  "xmas.lightstring": "Bóng Chớp Giáng Sinh",
  "xmas.door.garland": "Vòng Hoa Lễ Hội",
  "candycane": "Kẹo Gậy",
  "giantcandycanedecor": "Kẹo Trang Trí Khổng Lồ",
  "wall.ice.wall": "Tường Băng Thấp",
  "wall.external.high.ice": "Tường Băng Cao",
  "giantlollipops": "Kẹo Mút Trang Trí Khổng Lồ",
  "sign.neon.125x125": "Biển Hiệu Neon Nhỏ",
  "sign.neon.125x215.animated": "Biển Neon Hình Động Trung Bình",
  "sign.neon.125x215": "Biển Hiệu Neon Vừa",
  "sign.neon.xl.animated": "Biển Neon Hình Động Lớn",
  "sign.neon.xl": "Biển Hiệu Neon Lớn",
  "pookie.bear": "Gấu Pookie",
  "xmas.lightstring.advanced": "Đèn Giáng Sinh Sang Trọng",
  "coal": "Than :(",
  "xmas.present.large": "Món Quà Lớn",
  "xmas.present.medium": "Món Quà Vừa",
  "xmas.present.small": "Món Quà Nhỏ",
  "sled.xmas": "Xe Trượt",
  "sled": "Xe Trượt",
  "snowmachine": "Máy Tạo Tuyết",
  "snowball": "Quả Cầu Tuyết",
  "snowballgun": "Súng  Bắn Cầu Tuyết",
  "snowman": "Người Tuyết",
  "stocking.large": "Tất Giáng Sinh Lớn",
  "stocking.small": "Tất Giáng Sinh Nhỏ",
  "attire.reindeer.headband": "Gạc Tuần Lộc",
  "santabeard": "Râu Ông Già Noel",
  "santahat": "Mũ Ông Già Noel",
  "xmas.window.garland": "Cửa Sổ Lễ Hội",
  "wrappedgift": "Quà Đã Bọc Lại",
  "wrappingpaper": "Giấy Gói Đồ",
  "xmasdoorwreath": "Vòng Hoa Giáng Sinh",
  "xmas.decoration.baubels": "Bóng Trang Trí Giáng Sinh",
  "xmas.decoration.candycanes": "Kẹo Gậy Trang Trí Giáng Sinh",
  "xmas.decoration.gingerbreadmen": "Bánh Gừng Trang Trí Giáng Sinh",
  "xmas.decoration.lights": "Đèn Trang Trí Cây Thông",
  "xmas.decoration.pinecone": "Quả Thông Trang Trí Giáng Sinh",
  "xmas.decoration.star": "Ngôi Sao Trang Trí Giáng Sinh",
  "xmas.decoration.tinsel": "Dây Kim Tuyến Trang Trí Giáng Sinh",
  "xmas.tree": "Cây Thông Giáng Sinh",
  "autoturret": "Súng Máy Tự Động",
  "flameturret": "Súng Phun Lửa",
  "gloweyes": "Mắt Phát Sáng",
  "ammo.rocket.sam": "Đạn SAM",
  "samsite": "Súng Phòng Không SAM",
  "black.berry": "Berry Đen",
  "clone.black.berry": "Nhân Bản Của Berry Đen",
  "seed.black.berry": "Hạt Berry Đen",
  "blue.berry": "Berry Xanh Dương",
  "clone.blue.berry": "Nhân Bản Của Berry Xanh Dương",
  "seed.blue.berry": "Hạt Berry Xanh Dương",
  "green.berry": "Berry Xanh Lá Cây",
  "clone.green.berry": "Nhân Bản Của Berry Xanh Lá Cây",
  "seed.green.berry": "Hạt Berry Xanh Lá Cây",
  "red.berry": "Berry Đỏ",
  "clone.red.berry": "Nhân Bản Của Berry Đỏ",
  "seed.red.berry": "Hạt Berry Đỏ",
  "white.berry": "Berry Trắng",
  "clone.white.berry": "Nhân Bản Của Berry Trắng",
  "seed.white.berry": "Hạt Berry Trắng",
  "yellow.berry": "Berry Vàng",
  "clone.yellow.berry": "Nhân Bản Của Berry Vàng",
  "seed.yellow.berry": "Hạt Berry Vàng",
  "corn": "Ngô",
  "clone.corn": "Nhân Bản Của Ngô",
  "seed.corn": "Hạt Ngô",
  "clone.hemp": "Nhân Bản Của Cây Gai Dầu",
  "seed.hemp": "Hạt Cây Gai Dầu",
  "potato": "Khoai Tây",
  "clone.potato": "Nhân Bản Của Khoai Tây",
  "seed.potato": "Hạt Khoai Tây",
  "pumpkin": "Bí Ngô",
  "clone.pumpkin": "Nhân Bản Của Bí ngô",
  "seed.pumpkin": "Hạt Bí Ngô",
  "fat.animal": "Mỡ Động Vật",
  "battery.small": "Cục Pin Nhỏ",
  "blood": "Bịch Máu",
  "bone.fragments": "Mảnh Xương",
  "cctv.camera": "CCTV Camera",
  "charcoal": "Than Gỗ",
  "cloth": "Vải",
  "crude.oil": "Dầu Thô",
  "diesel_barrel": "Dầu Diesel",
  "can.beans.empty": "Hộp Súp Đậu Rỗng",
  "can.tuna.empty": "Hộp Cá Ngừ Rỗng",
  "explosives": "Bánh Thuốc Nổ",
  "fertilizer": "Phân Bón",
  "gunpowder": "Thuốc Súng",
  "horsedung": "Phân Ngựa",
  "hq.metal.ore": "Quặng Sắt Xịn",
  "metal.refined": "Sắt Xịn",
  "leather": "Da",
  "lowgradefuel": "Dầu Vàng",
  "metal.fragments": "Sắt",
  "metal.ore": "Quặng Sắt",
  "paper": "Giấy",
  "plantfiber": "Xác Thực Vật",
  "researchpaper": "Giấy Nghiên Cứu",
  "water.salt": "Nước muối",
  "scrap": "Scrap",
  "stones": "Đá",
  "sulfur.ore": "Quặng Lưu Huỳnh",
  "sulfur": "Lưu Huỳnh",
  "targeting.computer": "Laptop",
  "water": "Nước Ngọt",
  "skull.wolf": "Sọ Sói",
  "wood": "Gỗ",
  "healingtea.advanced": "Trà Hồi Máu Cấp 2",
  "healingtea": "Trà Hồi Máu Cấp 1",
  "healingtea.pure": "Trà Hồi Máu Cấp 3",
  "maxhealthtea.advanced": "Trà Thêm Máu Cấp 2",
  "maxhealthtea": "Trà Thêm Máu Cấp 1",
  "maxhealthtea.pure": "Trà Thêm Máu Cấp 3",
  "oretea.advanced": "Trà Farm Quặng Cấp 2",
  "oretea": "Trà Farm Quặng Cấp 1",
  "oretea.pure": "Trà Farm Quặng Cấp 3",
  "radiationremovetea.advanced": "Trà Giảm Phóng Xạ Cấp 2",
  "radiationremovetea": "Trà Giảm Phóng Xạ Cấp 1",
  "radiationremovetea.pure": "Trà Giảm Phóng Xạ Cấp 3",
  "radiationresisttea.advanced": "Trà Chống Phóng Xạ Cấp 2",
  "radiationresisttea": "Trà Chống Phóng Xạ Cấp 1",
  "radiationresisttea.pure": "Trà Chống Phóng Xạ Cấp 3",
  "scraptea.advanced": "Trà Farm Scrap Cấp 2",
  "scraptea": "Trà Farm Scrap Cấp 1",
  "scraptea.pure": "Trà Farm Scrap Cấp 3",
  "woodtea.advanced": "Trà Farm Gỗ Cấp 2",
  "woodtea": "Trà Farm Gỗ Cấp 1",
  "woodtea.pure": "Trà Farm Gỗ Cấp 3",
  "antiradpills": "Thuốc Giảm Phóng Xạ",
  "tool.binoculars": "Ống Nhòm",
  "explosive.timed": "Bom Hẹn Giờ (C4)",
  "tool.camera": "Máy Ảnh",
  "rf.detonator": "Máy Phát Sóng Cầm Tay RF",
  "fishingrod.handmade": "Cần câu tự chế",
  "flare": "Pháo Sáng",
  "flashlight.held": "Đèn Pin",
  "geiger.counter": "Máy Đo Bức Xạ",
  "hosetool": "Ống Nước",
  "jackhammer": "Máy Đục",
  "keycard_blue": "Thẻ Xanh Dương",
  "keycard_green": "Thẻ Xanh Lá",
  "keycard_red": "Thẻ Đỏ",
  "largemedkit": "Bộ Cứu Thương Lớn",
  "map": "Bản Đồ Giấy",
  "syringe.medical": "Ống Máu Y Tế",
  "rf_pager": "Máy Lắng Nghe Sóng RF",
  "building.planner": "Bản Vẽ Xây Nhà",
  "grenade.smoke": "Bom Khói",
  "supply.signal": "Bom Gọi Thính",
  "surveycharge": "Bom Dò Mỏ Quặng, Dầu",
  "wiretool": "Dây Điện",
  "vehicle.chassis.2mod": "Khung Gầm Nhỏ",
  "vehicle.chassis.3mod": "Khung Gầm Trung Bình",
  "vehicle.chassis.4mod": "Khung Gầm Lớn",
  "vehicle.chassis": "Khung gầm chung",
  "vehicle.1mod.cockpit": "Mô Đun Buồng Lái Xe Thường",
  "vehicle.1mod.cockpit.armored": "Mô Đun Buồng Lái Xe Bọc Thép ",
  "vehicle.1mod.cockpit.with.engine": "Mô Đun Buồng Lái Với Động Cơ",
  "vehicle.1mod.engine": "Mô Đun Động Cơ Của Xe",
  "vehicle.1mod.flatbed": "Mô Đun Xe Vận Tải Nhỏ",
  "vehicle.1mod.passengers.armored": "Mô Đun Buồng Chở Khách Bọc Thép ",
  "vehicle.1mod.rear.seats": "Mô Đun Buồng Chở Khách Nhỏ",
  "vehicle.1mod.storage": "Mô Đun Thùng Chứa",
  "vehicle.1mod.taxi": "Mô Đun Xe Taxi",
  "vehicle.2mod.flatbed": "Mô Đun Xe Vận Tải Lớn",
  "vehicle.2mod.fuel.tank": "Mô Đun Bồn Chứa Nhiên Liệu",
  "vehicle.2mod.passengers": "Mô Đun Buồng Chở Khách Lớn",
  "vehicle.module": "Khung gầm chung",
  "boombox": "Loa di động Boombox",
  "fun.boomboxportable": "Loa di động Boombox",
  "cassette": "Băng cát sét - Dài",
  "cassette.medium": "Băng cát sét - Vừa",
  "cassette.short": "Băng cát sét - Ngắn",
  "fun.casetterecorder": "Máy ghi âm cát sét",
  "discoball": "Quả cầu Disco",
  "discofloor": "Sàn nhảy",
  "discofloor.largetiles": "Sàn nhảy",
  "connected.speaker": "Loa kết nối",
  "laserlight": "Đèn laze",
  "megaphone": "Loa phóng thanh",
  "microphonestand": "Chân đế micrô",
  "mobilephone": "Điện thoại di động",
  "soundlight": "Đèn âm thanh",
  "telephone": "Điện Thoại",
  "weapon.mod.8x.scope": "Ống Nhắm 16x",
  "weapon.mod.flashlight": "Phụ Kiện Đèn Pin",
  "weapon.mod.holosight": "Nòng Nhắm Holo",
  "weapon.mod.lasersight": "Phụ Kiện Laze",
  "weapon.mod.muzzleboost": "Nòng Bắn Nhanh",
  "weapon.mod.muzzlebrake": "Nòng Giảm Giật",
  "weapon.mod.simplesight": "Ống Ngắm Cùi",
  "weapon.mod.silencer": "Nòng Giảm Thanh",
  "weapon.mod.small.scope": "Ống Nhắm 8x",
  "rifle.ak": "Súng AK",
  "bandage": "Băng Y Tế",
  "grenade.beancan": "Lựu Đạn Beancan",
  "rifle.bolt": "Súng Ngắm Bolt",
  "bone.club": "Gậy xương",
  "knife.bone": "Dao Xương",
  "bow.hunting": "Cung Gỗ",
  "cakefiveyear": "Bánh Sinh Nhật",
  "chainsaw": "Cưa Máy",
  "salvaged.cleaver": "Đao Xịn",
  "bow.compound": "Cung Kéo",
  "crossbow": "Nỏ",
  "shotgun.double": "Shotgun 2 Nòng",
  "pistol.eoka": "Súng Lục Eoka",
  "grenade.f1": "Lựu Đạn F1",
  "flamethrower": "Súng Phun Lửa",
  "multiplegrenadelauncher": "Súng Phóng Lựu",
  "knife.butcher": "Dao Thái Thịt",
  "pitchfork": "Cây Xúc Rơm",
  "sickle": "Cái Liềm",
  "hammer": "Búa Gỗ",
  "hatchet": "Rìu Cấp 2",
  "knife.combat": "Dao chiến đấu",
  "rifle.l96": "Súng Ngắm L96",
  "rifle.lr300": "Súng LR-300",
  "lmg.m249": "Súng M249",
  "rifle.m39": "Súng M39",
  "pistol.m92": "Súng Lục M92",
  "mace": "Chùy",
  "machete": "Dao Rựa",
  "smg.mp5": "Súng MP5",
  "pistol.nailgun": "Súng Bắn Đinh",
  "paddle": "Mái Chèo",
  "pickaxe": "Cuốc Chim Cấp 2",
  "shotgun.waterpipe": "Shotgun Cùi",
  "pistol.python": "Súng Python",
  "pistol.revolver": "Súng Revolver",
  "rock": "Hòn Đá",
  "rocket.launcher": "Ống Phóng Tên Lửa",
  "axe.salvaged": "Rìu Cấp 3",
  "hammer.salvaged": "Búa Đa Dụng",
  "icepick.salvaged": "Cuốc Chim Cấp 3",
  "explosive.satchel": "Bom Satchel",
  "shotgun.pump": "Shotgun Nòng Bơm",
  "pistol.semiauto": "Súng Lục Semi",
  "rifle.semiauto": "Súng Semi Dài",
  "smg.2": "Súng Custom SMG",
  "shotgun.spas12": "Shotgun Xịn Spas-12",
  "stonehatchet": "Rìu Cấp 1",
  "stone.pickaxe": "Cuốc Cấp 1",
  "spear.stone": "Giáo Bằng Đá",
  "longsword": "Kiếm Dài",
  "salvaged.sword": "Kiếm Cùi",
  "smg.thompson": "Súng Thompson",
  "toolgun": "Súng Sửa Nhà Garry's Mod",
  "torch": "Đuốc",
  "bucket.water": "Xô Nước",
  "spear.wooden": "Giáo Gỗ",
  "horse.armor.roadsign": "Giáp Ngựa Sắt",
  "horse.armor.wood": "Giáp Ngựa Gỗ",
  "horse.saddle": "Yên Ngựa",
  "horse.saddlebag": "Túi Yên",
  "horse.shoes.advanced": "Móng Ngựa Xịn",
  "horse.shoes.basic": "Móng Ngựa Thường"
}