{
  "hat.wolf": "Mũ sói",
  "fogmachine": "Máy tạo sương",
  "strobelight": "Strobe Light",
  "kayak": "Chèo xuồng",
  "minihelicopter.repair": "MC sửa chữa",
  "scraptransportheli.repair": "ScrapTransportHeliRepair",
  "workcart": "Work Cart",
  "ammo.grenadelauncher.buckshot": "Súng săn đạn 40mm",
  "ammo.grenadelauncher.he": "Lựu đạn HE 40mm",
  "ammo.grenadelauncher.smoke": "Lựu đạn Khói 40mm",
  "arrow.hv": "Mũi tên vận tốc cao",
  "arrow.wooden": "Mũi tên gỗ",
  "arrow.bone": "Mũi tên xương",
  "arrow.fire": "Mũi tên lửa",
  "ammo.handmade.shell": "Đạn tự chế",
  "ammo.nailgun.nails": "Đinh cho súng bắn đinh",
  "ammo.pistol": "Đạn cho súng ngắn",
  "ammo.pistol.fire": "Đạn cháy dành cho Súng ngắn",
  "ammo.pistol.hv": "Đạn HV cho Súng ngắn",
  "ammo.rifle": "Đạn súng trường 5.56",
  "ammo.rifle.explosive": "Đạn nổ 5.56mm cho Súng trường",
  "ammo.rifle.incendiary": "Đạn lửa dành cho súng trường",
  "ammo.rifle.hv": "Đạn tốc độ cao dành cho súng trường",
  "ammo.rocket.basic": "Tên lửa thường",
  "ammo.rocket.fire": "Tên lửa gây cháy",
  "ammo.rocket.hv": "Tên lửa tốc độ cao",
  "ammo.rocket.smoke": "Tên lửa khói",
  "ammo.shotgun": "Đạn ghém cỡ 12 Gauge",
  "ammo.shotgun.fire": "Đạn cháy cỡ 12 Gauge",
  "ammo.shotgun.slug": "Đạn đặc cỡ 12 Gauge",
  "door.double.hinged.metal": "Cửa đôi kim loại",
  "door.double.hinged.toptier": "Cửa đôi bọc thép",
  "door.double.hinged.wood": "Cửa gỗ đôi",
  "door.hinged.metal": "Cửa kim loại",
  "door.hinged.toptier": "Cửa bọc thép",
  "door.hinged.wood": "Cửa gỗ",
  "floor.grill": "Sàn lưới",
  "floor.ladder.hatch": "Cửa thang xếp",
  "floor.triangle.grill": "Một sàn tam giác nướng",
  "floor.triangle.ladder.hatch": "Nắp thang tam giác",
  "gates.external.high.stone": "Tường đá cao",
  "gates.external.high.wood": "Cổng gỗ lớn",
  "ladder.wooden.wall": "Thang gỗ",
  "wall.external.high.stone": "Tường đá cao",
  "wall.external.high": "Tường gỗ lớn",
  "wall.frame.cell.gate": "Cửa trại giam",
  "wall.frame.cell": "Tường trại giam",
  "wall.frame.fence.gate": "Cổng hàng rào dạng lưới",
  "wall.frame.fence": "Hàng rào dạng lưới",
  "wall.frame.garagedoor": "Cửa gara",
  "wall.frame.netting": "Lưới",
  "wall.frame.shopfront": "Mặt tiền cửa hàng",
  "wall.frame.shopfront.metal": "Metal Shop Front",
  "wall.window.bars.metal": "Metal Window Bars",
  "wall.window.bars.toptier": "Reinforced Glass Window",
  "wall.window.bars.wood": "Thanh cửa sổ gỗ",
  "shutter.metal.embrasure.a": "Metal horizontal embrasure",
  "shutter.metal.embrasure.b": "Metal Vertical embrasure",
  "wall.window.glass.reinforced": "Strengthened Glass Window",
  "shutter.wood.a": "Cửa chớp gỗ",
  "watchtower.wood": "Tháp canh",
  "diving.fins": "Chân vịt",
  "diving.mask": "Mặt nạ lặn",
  "diving.tank": "Bình lặn",
  "diving.wetsuit": "Áo lặn",
  "boots.frog": "Ủng hình ếch",
  "barrelcostume": "Trang phục Thùng",
  "cratecostume": "Thùng trang phục",
  "hat.gas.mask": "Gas Mask",
  "burlap.gloves.new": "Găng tay vải",
  "burlap.gloves": "Găng tay da",
  "roadsign.gloves": "Găng tay Roadsign",
  "tactical.gloves": "Tactical Gloves",
  "ghostsheet": "Trang phục ma",
  "halloween.mummysuit": "Bộ đồ xác ướp",
  "scarecrow.suit": "Scarecrow Suit",
  "scarecrowhead": "Scarecrow Wrap",
  "attire.hide.helterneck": "Áo dây da",
  "hat.beenie": "Mũ len",
  "hat.boonie": "Mũ Boonie",
  "bucket.helmet": "Xô mũ bảo hiểm",
  "burlap.headwrap": "Khăn vải cuốn đầu",
  "hat.candle": "Mũ nến",
  "hat.cap": "Mũ bóng chày",
  "clatter.helmet": "Mũ Clatter",
  "coffeecan.helmet": "Mũ Hộp coffee",
  "deer.skull.mask": "Mũ xương",
  "heavy.plate.helmet": "Mũ giáp hạng nặng",
  "hat.miner": "Nón thợ mỏ",
  "partyhat": "Mũ tiệc",
  "riot.helmet": "Mũ bảo hiểm chống bạo động",
  "wood.armor.helmet": "Giáp đầu gỗ",
  "hoodie": "Áo khoác",
  "bone.armor.suit": "Áo giáp xương",
  "heavy.plate.jacket": "Áo giáp hạng nặng",
  "jacket.snow": "Áo khoác lạnh",
  "jacket": "Áo khoác",
  "wood.armor.jacket": "Áo giáp gỗ",
  "mask.balaclava": "Balaclava cải tiến",
  "mask.bandana": "Khăn mặt nạ",
  "metal.facemask": "Mặt Nạ Kim Loại",
  "nightvisiongoggles": "Kính nhìn ban đêm",
  "burlap.trousers": "Quần vải",
  "heavy.plate.pants": "Quần giáp hạng nặng",
  "attire.hide.pants": "Quần da",
  "roadsign.kilt": "Bảng đường",
  "pants.shorts": "Quần đùi",
  "wood.armor.pants": "Giáp quần gỗ",
  "pants": "Quần",
  "attire.hide.poncho": "Áo choàng da",
  "burlap.shirt": "Áo vải",
  "shirt.collared": "Áo sơ mi",
  "attire.hide.vest": "Áo Vest da",
  "shirt.tanktop": "Xe tăng",
  "shoes.boots": "Giày",
  "burlap.shoes": "Giày vải",
  "attire.hide.boots": "Giày da",
  "attire.hide.skirt": "Váy da",
  "attire.banditguard": "Bandit Guard Gear",
  "hazmatsuit": "Bộ phóng xạ",
  "hazmatsuit_scientist": "Bộ đồ khoa học",
  "hazmatsuit_scientist_peacekeeper": "Bộ đồ khoa học",
  "hazmatsuit.spacesuit": "Space Suit",
  "scientistsuit_heavy": "Heavy Scientist Suit",
  "jumpsuit.suit": "Jumpsuit",
  "tshirt.long": "Longsleeve T-Shirt",
  "tshirt": "Áo thun",
  "metal.plate.torso": "Áo Giáp Sắt",
  "roadsign.jacket": "Áo khoác đường",
  "bleach": "Chất tẩy trắng",
  "ducttape": "Băng dính",
  "carburetor1": "Bộ chế hòa khí cao cấp",
  "carburetor2": "Bộ chế hòa khí cao cấp",
  "carburetor3": "Bộ chế hòa khí cao cấp",
  "crankshaft1": "Low Quality Crankshaft",
  "crankshaft2": "Medium Quality Crankshaft",
  "crankshaft3": "High Quality Crankshaft",
  "piston1": "Low Quality Pistons",
  "piston2": "Medium Quality Pistons",
  "piston3": "High Quality Pistons",
  "sparkplug1": "Low Quality Spark Plugs",
  "sparkplug2": "Medium Quality Spark Plugs",
  "sparkplug3": "High Quality Spark Plugs",
  "valve1": "Low Quality Valves",
  "valve2": "Medium Quality Valves",
  "valve3": "High Quality Valves",
  "fuse": "Cầu chì",
  "gears": "Bánh răng",
  "glue": "Keo dán",
  "metalblade": "Lưỡi dao kim loại",
  "metalpipe": "Ống kim loại",
  "propanetank": "Bể propan rỗng",
  "roadsigns": "Biển bao",
  "rope": "Dây thừng",
  "sewingkit": "Sewing Kit",
  "sheetmetal": "Tấm kim loại",
  "metalspring": "Lò xo kim loại",
  "sticks": "Gậy",
  "tarp": "Vải nhựa",
  "techparts": "Tech Trash",
  "riflebody": "Cơ thể súng trường",
  "semibody": "Semi Automatic Body",
  "smgbody": "Thân SMG",
  "barricade.concrete": "Rào chắn bê tông",
  "barricade.wood.cover": "Rào chắn gỗ",
  "barricade.metal": "Rào chắn kim loại",
  "barricade.sandbags": "Rào chắn bao cát",
  "barricade.stone": "Tường đá",
  "barricade.wood": "Rào chắn gỗ",
  "barricade.woodwire": "Rào chắn gỗ với dây thép gai",
  "bbq": "Đồ nướng",
  "trap.bear": "Snap Trap",
  "bed": "Giường ngủ",
  "campfire": "Lửa trại",
  "ceilinglight": "Đèn trần",
  "chair": "Cái ghế",
  "composter": "Composter",
  "computerstation": "Trạm máy tính",
  "drone": "Drone",
  "dropbox": "Hộp thả",
  "elevator": "Thang máy",
  "fireplace.stone": "Lò sưởi đá",
  "firework.boomer.blue": "Blue Boomer",
  "firework.boomer.champagne": "Champagne Boomer",
  "firework.boomer.green": "Boomer xanh",
  "firework.boomer.orange": "Cam Boomer",
  "firework.boomer.red": "Boomer đỏ",
  "firework.boomer.violet": "Violet Boomer",
  "firework.romancandle.blue": "Nến La Mã xanh",
  "firework.romancandle.green": "Nến La Mã xanh",
  "firework.romancandle.red": "Nến La Mã đỏ",
  "firework.romancandle.violet": "Nến La Mã tím",
  "firework.volcano": "Pháo hoa núi lửa trắng",
  "firework.volcano.red": "Pháo hoa núi lửa đỏ",
  "firework.volcano.violet": "Pháo hoa núi lửa Violet",
  "spikes.floor": "Sàn gai gỗ",
  "fridge": "Tủ lạnh",
  "furnace.large": "Lò nung lớn",
  "furnace": "Lò Nung",
  "hitchtroughcombo": "Máng ngựa",
  "habrepair": "Sửa chữa Hab",
  "jackolantern.angry": "Jack O Lantern tức giận",
  "jackolantern.happy": "Jack O Lantern hạnh phúc",
  "trap.landmine": "Land Mine",
  "lantern": "Đèn đốt",
  "box.wooden.large": "Thùng gỗ lớn",
  "water.barrel": "Water Barrel",
  "locker": "Tủ đựng quần áo",
  "mailbox": "Hộp thư",
  "mixingtable": "Bàn trộn",
  "modularcarlift": "Xe nâng mô-đun",
  "mining.pumpjack": "Lỗ bơm",
  "small.oil.refinery": "Small Oil Refinery",
  "planter.large": "Hộp trồng cây lớn",
  "planter.small": "Hộp trồng cây lớn",
  "electric.audioalarm": "Chuông báo động",
  "smart.alarm": "Smart Alarm",
  "smart.switch": "Smart Switch",
  "storage.monitor": "Storage Monitor",
  "electric.battery.rechargable.large": "Pin sạc lớn",
  "electric.battery.rechargable.medium": "Pin sạc cỡ trung bình",
  "electric.battery.rechargable.small": "Pin sạc nhỏ",
  "electric.button": "Nút bấm",
  "electric.counter": "Bộ đếm",
  "electric.hbhfsensor": "Cảm biến HBHF",
  "electric.laserdetector": "Máy dò laser",
  "electric.pressurepad": "Pad áp lực",
  "electric.doorcontroller": "Bộ điều khiển cửa",
  "electric.heater": "Máy sưởi điện",
  "fluid.combiner": "Kết hợp chất lỏng",
  "fluid.splitter": "Bộ chia chất lỏng",
  "fluid.switch": "Fluid Switch & Pump",
  "electric.andswitch": "VÀ chuyển đổi",
  "electric.blocker": "Trình chặn",
  "electrical.branch": "Chi nhánh điện",
  "electrical.combiner": "Bộ kết hợp nguồn",
  "electrical.memorycell": "Bộ nhớ di động",
  "electric.orswitch": "OR Switch",
  "electric.random.switch": "Công tắc RAND",
  "electric.rf.broadcaster": "Phát thanh viên RF",
  "electric.rf.receiver": "Máy thu RF",
  "electric.xorswitch": "Công tắc XOR",
  "electric.fuelgenerator.small": "Máy phát điện nhỏ",
  "electric.generator.small": "Test Generator",
  "electric.solarpanel.large": "Large Solar Panel",
  "electric.igniter": "Đánh lửa",
  "electric.flasherlight": "Đèn chiếu sáng",
  "electric.simplelight": "Simple Light",
  "electric.sirenlight": "Đèn báo động",
  "powered.water.purifier": "Powered Water Purifier",
  "electric.switch": "Công tắc",
  "electric.splitter": "Máy tách",
  "electric.sprinkler": "Vòi phun nước",
  "electric.teslacoil": "Cuộn Tesla",
  "electric.timer": "Hẹn giờ",
  "electric.cabletunnel": "Đường hầm cáp",
  "waterpump": "Water Pump",
  "mining.quarry": "Khai thác mỏ",
  "target.reactive": "Reactive Target",
  "box.repair.bench": "Bàn sửa chữa",
  "research.table": "Bảng nghiên cứu",
  "rug.bear": "Thảm gấu da",
  "rug": "Thảm",
  "searchlight": "Search Light",
  "secretlabchair": "Secret Lab Chair",
  "shelves": "Kệ đựng đồ",
  "sign.hanging.banner.large": "Large Banner Hanging",
  "sign.hanging": "Two Sided Hanging Sign",
  "sign.hanging.ornate": "Two Sided Ornate Hanging Sign",
  "sign.pictureframe.landscape": "Landscape Picture Frame",
  "sign.pictureframe.portrait": "Portrait Picture Frame",
  "sign.pictureframe.tall": "Tall Picture Frame",
  "sign.pictureframe.xl": "XL Picture Frame",
  "sign.pictureframe.xxl": "XXL Picture Frame",
  "sign.pole.banner.large": "Large Banner on pole",
  "sign.post.double": "Double Sign Post",
  "sign.post.single": "Single Sign Post",
  "sign.post.town": "One Sided Town Sign Post",
  "sign.post.town.roof": "Two Sided Town Sign Post",
  "sign.wooden.huge": "Bảng gỗ lớn",
  "sign.wooden.large": "Bảng gỗ rộng",
  "sign.wooden.medium": "Medium Wooden Sign",
  "sign.wooden.small": "Bảng gỗ nhỏ",
  "guntrap": "Bẫy shotgun",
  "sleepingbag": "Túi Ngủ",
  "stash.small": "Small Stash",
  "sofa": "Sofa",
  "spinner.wheel": "Spinning wheel",
  "fishtrap.small": "Bẫy cá",
  "table": "Bảng",
  "workbench1": "Bàn làm việc cấp 1",
  "workbench2": "Bàn làm việc cấp 2",
  "workbench3": "Bàn làm việc cấp 3",
  "cupboard.tool": "Tủ dụng cụ",
  "tunalight": "Tuna Can Lamp",
  "vending.machine": "Vending Machine",
  "water.catcher.large": "Bình hứng nước lớn",
  "water.catcher.small": "Small Water Catcher",
  "water.purifier": "Máy lọc nước",
  "generator.wind.scrap": "Turbine gió",
  "box.wooden": "Thùng gỗ",
  "apple": "Táo",
  "apple.spoiled": "Táo ung",
  "black.raspberries": "Quả mâm xôi đen",
  "blueberries": "Quả việt quất",
  "botabag": "Túi đựng nước",
  "cactusflesh": "Thịt xương rồng",
  "can.beans": "Hộp súp đậu",
  "can.tuna": "Hộp cá ngừ",
  "chocholate": "Thanh chocolate",
  "fish.cooked": "Thịt cá chín",
  "fish.raw": "Thịt cá sống",
  "fish.minnows": "Cá tuế",
  "fish.troutsmall": "Small Trout",
  "granolabar": "Thanh Socola",
  "chicken.burned": "Thịt gà cháy",
  "chicken.cooked": "Thịt Gà Chín",
  "chicken.raw": "Thịt Gà Sống",
  "chicken.spoiled": "Thịt gà hỏng",
  "deermeat.burned": "Thịt hươu cháy",
  "deermeat.cooked": "Thịt hươu chín",
  "deermeat.raw": "Thịt hươu sống",
  "horsemeat.burned": "Thịt ngựa cháy",
  "horsemeat.cooked": "Thịt ngựa chín",
  "horsemeat.raw": "Thịt ngựa sống",
  "humanmeat.burned": "Thịt người cháy",
  "humanmeat.cooked": "Thịt người chín",
  "humanmeat.raw": "Thịt người sống",
  "humanmeat.spoiled": "Thịt người thối",
  "bearmeat.burned": "Thịt gấu cháy",
  "bearmeat.cooked": "Thịt gấu chín",
  "bearmeat": "Thịt Gấu Sống",
  "wolfmeat.burned": "Thịt sói cháy",
  "wolfmeat.cooked": "Thịt sói chín",
  "wolfmeat.raw": "Thịt sói sống",
  "wolfmeat.spoiled": "Thịt sói thối",
  "meat.pork.burned": "Thịt lợn rừng cháy",
  "meat.pork.cooked": "Thịt lợn rừng chín",
  "meat.boar": "Thịt lợn rừng sống",
  "mushroom": "Nấm",
  "jar.pickle": "Dưa muối",
  "smallwaterbottle": "Small Water Bottle",
  "waterjug": "Bình đựng nước",
  "fun.bass": "Xẻng Bass",
  "fun.cowbell": "Chuông",
  "drumkit": "Bộ trống Junkyard",
  "fun.flute": "Sáo trúc",
  "fun.guitar": "Anh Ghita",
  "fun.jerrycanguitar": "Guitar có thể",
  "piano": "Đàn piano xe cút kít",
  "fun.tambourine": "Hàng xóm",
  "fun.trumpet": "Trumpet của thợ sửa ống nước",
  "fun.tuba": "Sousaphone",
  "xylophone": "Xylobone",
  "car.key": "Chìa khóa xe hơi",
  "door.key": "Chìa khóa cửa",
  "lock.key": "Khóa phím",
  "lock.code": "Mã khóa",
  "blueprintbase": "Bản thiết kế",
  "chineselantern": "Đèn lồng Trung quốc",
  "dragondoorknocker": "Núm gõ cửa đầu rồng",
  "hat.dragonmask": "Mặt nạ rồng",
  "newyeargong": "Quà mừng năm mới",
  "hat.oxmask": "Ox Mask",
  "hat.ratmask": "Mặt nạ chuột",
  "lunar.firecrackers": "Chuỗi pháo",
  "arcade.machine.chippy": "Trò chơi điện tử Chippy",
  "door.closer": "Tay co thủy lực",
  "attire.bunnyears": "Tai thỏ",
  "attire.bunny.onesie": "Bunny Onesie",
  "easterdoorwreath": "Vòng hoa Phục Sinh",
  "easterbasket": "Giỏ trứng",
  "rustige_egg_a": "Mộc mạc? Trứng - Đỏ",
  "rustige_egg_b": "Mộc mạc? Trứng - Đỏ",
  "rustige_egg_c": "Rustig? Egg - Purple",
  "rustige_egg_d": "Rustig? Egg - Ivory",
  "attire.nesthat": "Yến sào",
  "easter.bronzeegg": "Trứng đồng",
  "easter.goldegg": "Trứng vàng",
  "easter.paintedeggs": "Trứng sơn",
  "easter.silveregg": "Trứng bạc",
  "halloween.candy": "Kẹo Halloween",
  "largecandles": "Bộ nến to",
  "smallcandles": "Small Candle Set",
  "coffin.storage": "Quan tài",
  "cursedcauldron": "Vạc quyền rủa",
  "gravestone": "Bia mộ",
  "woodcross": "Thánh giá gỗ",
  "wall.graveyard.fence": "Graveyard Fence",
  "halloween.lootbag.large": "Túi lớn",
  "halloween.lootbag.medium": "Túi vừa",
  "halloween.lootbag.small": "Túi nhỏ",
  "pumpkinbasket": "Pumpkin Bucket",
  "scarecrow": "Scarecrow",
  "skullspikes.candles": "Skull Spikes",
  "skullspikes.pumpkin": "Skull Spikes",
  "skullspikes": "Skull Spikes",
  "skulldoorknocker": "Skull Door Knocker",
  "skull_fire_pit": "Skull Fire Pit",
  "spiderweb": "Spider Webs",
  "spookyspeaker": "Spooky Speaker",
  "halloween.surgeonsuit": "Surgeon Scrubs",
  "skull.trophy.jar": "Skull Trophy",
  "skull.trophy.jar2": "Skull Trophy",
  "skull.trophy.table": "Skull Trophy",
  "skull.trophy": "Skull Trophy",
  "movembermoustachecard": "Bộ ria mép Movember",
  "movembermoustache": "Bộ ria mép Movember",
  "note": "Lưu ý",
  "skull.human": "Sọ Người",
  "abovegroundpool": "Hồ bơi trên mặt đất",
  "beachchair": "Ghế trên bãi biển",
  "beachparasol": "Dù che",
  "beachtable": "Bảng nghiên cứu",
  "beachtowel": "Khăn tắm biển",
  "boogieboard": "Ván trượt nước",
  "innertube": "Bên trong ống",
  "innertube.horse": "Bên trong ống",
  "innertube.unicorn": "Bên trong ống",
  "tool.instant_camera": "Instant Camera",
  "paddlingpool": "Paddling Pool",
  "photo": "Photograph",
  "photoframe.landscape": "Landscape Photo Frame",
  "photoframe.large": "Large Photo Frame",
  "photoframe.portrait": "Portrait Photo Frame",
  "sunglasses02black": "Sunglasses",
  "sunglasses02camo": "Sunglasses",
  "sunglasses02red": "Sunglasses",
  "sunglasses03black": "Sunglasses",
  "sunglasses03chrome": "Sunglasses",
  "sunglasses03gold": "Sunglasses",
  "sunglasses": "Sunglasses",
  "gun.water": "Súng nước",
  "pistol.water": "Water Pistol",
  "twitchsunglasses": "Purple Sunglasses",
  "twitch.headset": "Tai nghe",
  "hobobarrel": "Hobo Barrel",
  "door.hinged.industrial.a": "Industrial Door",
  "candycaneclub": "Câu lạc bộ Candy Cane",
  "xmas.lightstring": "Đèn Giáng sinh",
  "xmas.door.garland": "Vòng hoa lễ hội",
  "candycane": "Kẹo cây",
  "giantcandycanedecor": "Trang trí kẹo khổng lồ",
  "wall.ice.wall": "Short Ice Wall",
  "wall.external.high.ice": "High Ice Wall",
  "giantlollipops": "Kẹo mút trang trí khổng lồ",
  "sign.neon.125x125": "Small Neon Sign",
  "sign.neon.125x215.animated": "Medium Animated Neon Sign",
  "sign.neon.125x215": "Medium Neon Sign",
  "sign.neon.xl.animated": "Large Animated Neon Sign",
  "sign.neon.xl": "Large Neon Sign",
  "pookie.bear": "Gấu Pookie",
  "xmas.lightstring.advanced": "Deluxe Christmas Lights",
  "coal": "Than :(",
  "xmas.present.large": "Món quà lớn",
  "xmas.present.medium": "Hiện tại trung bình",
  "xmas.present.small": "Món quà nhỏ",
  "sled.xmas": "Xe trượt",
  "sled": "Xe trượt",
  "snowmachine": "Snow Machine",
  "snowball": "Bóng tuyết",
  "snowballgun": "Snowball Gun",
  "snowman": "Người tuyết",
  "stocking.large": "SUPER Stocking",
  "stocking.small": "Small Stocking",
  "attire.reindeer.headband": "Gạc tuần lộc",
  "santabeard": "Santa Beard",
  "santahat": "Santa Hat",
  "xmas.window.garland": "Cửa sổ lễ hội",
  "wrappedgift": "Wrapped Gift",
  "wrappingpaper": "Wrapping Paper",
  "xmasdoorwreath": "Vòng hoa Giáng sinh",
  "xmas.decoration.baubels": "Baubels trang trí",
  "xmas.decoration.candycanes": "Canes kẹo nhựa trang trí",
  "xmas.decoration.gingerbreadmen": "Trang trí bánh gừng nam",
  "xmas.decoration.lights": "Đèn cây",
  "xmas.decoration.pinecone": "Pinecones trang trí",
  "xmas.decoration.star": "Topper cây sao",
  "xmas.decoration.tinsel": "Baubels trang trí",
  "xmas.tree": "Cây thông giáng sinh",
  "autoturret": "Súng máy tự động",
  "flameturret": "Súng phun lửa tự động",
  "gloweyes": "Mắt phát sáng",
  "ammo.rocket.sam": "SAM đạn",
  "samsite": "Khu vực Sam",
  "black.berry": "Quả mâm xôi đen",
  "clone.black.berry": "White Berry Clone",
  "seed.black.berry": "Black Berry Seed",
  "blue.berry": "Quả việt quất xanh",
  "clone.blue.berry": "White Berry Clone",
  "seed.blue.berry": "Blue Berry Seed",
  "green.berry": "Quả mọng xanh",
  "clone.green.berry": "Nhân bản Berry vàng",
  "seed.green.berry": "Green Berry Seed",
  "red.berry": "Red Berry",
  "clone.red.berry": "Nhân bản Berry vàng",
  "seed.red.berry": "Red Berry Seed",
  "white.berry": "White Berry",
  "clone.white.berry": "White Berry Clone",
  "seed.white.berry": "White Berry Seed",
  "yellow.berry": "Yellow Berry",
  "clone.yellow.berry": "Nhân bản Berry vàng",
  "seed.yellow.berry": "Yellow Berry Seed",
  "corn": "Bắp ngô",
  "clone.corn": "Nhân bản của Ngô",
  "seed.corn": "Corn Seed",
  "clone.hemp": "Nhân bản của Cây gai dầu",
  "seed.hemp": "Hemp Seed",
  "potato": "Khoai tây",
  "clone.potato": "Khoai tây nhân bản",
  "seed.potato": "Potato Seed",
  "pumpkin": "Bí Ngô",
  "clone.pumpkin": "Nhân bản của Bí ngô",
  "seed.pumpkin": "Pumpkin Seed",
  "fat.animal": "Mỡ Động Vật",
  "battery.small": "Pin nhỏ",
  "blood": "Máu",
  "bone.fragments": "Mảnh xương",
  "cctv.camera": "Camera quan sát",
  "charcoal": "Than Gỗ",
  "cloth": "Vải",
  "crude.oil": "Dầu thô",
  "diesel_barrel": "Dầu diesel",
  "can.beans.empty": "Hộp súp đậu rỗng",
  "can.tuna.empty": "Hộp cá ngừ rỗng",
  "explosives": "Thuốc nổ",
  "fertilizer": "Phân bón",
  "gunpowder": "Thuốc súng",
  "horsedung": "Phân ngựa",
  "hq.metal.ore": "Quặng kim loại chất lượng cao",
  "metal.refined": "Kim loại cao cấp",
  "leather": "Da",
  "lowgradefuel": "Nhiên Liệu Cấp Thấp",
  "metal.fragments": "Kim loại",
  "metal.ore": "Quặng kim loại",
  "paper": "Giấy",
  "plantfiber": "Plant Fiber",
  "researchpaper": "Bảng nghiên cứu",
  "water.salt": "Nước muối",
  "scrap": "Phế liệu",
  "stones": "Đá",
  "sulfur.ore": "Quặng Lưu Huỳnh",
  "sulfur": "Lưu Huỳnh",
  "targeting.computer": "Targeting Computer",
  "water": "водааааа",
  "skull.wolf": "Sọ Sói",
  "wood": "Gỗ",
  "healingtea.advanced": "Advanced Healing Tea",
  "healingtea": "Basic Healing Tea",
  "healingtea.pure": "Pure Healing Tea",
  "maxhealthtea.advanced": "Advanced Max Health Tea",
  "maxhealthtea": "Basic Max Health Tea",
  "maxhealthtea.pure": "Pure Max Health Tea",
  "oretea.advanced": "Advanced Ore Tea",
  "oretea": "Basic Ore Tea",
  "oretea.pure": "Pure Ore Tea",
  "radiationremovetea.advanced": "Advanced Rad. Removal Tea",
  "radiationremovetea": "Rad. Removal Tea",
  "radiationremovetea.pure": "Pure Rad. Removal Tea",
  "radiationresisttea.advanced": "Adv. Anti-Rad Tea",
  "radiationresisttea": "Anti-Rad Tea",
  "radiationresisttea.pure": "Pure Anti-Rad Tea",
  "scraptea.advanced": "Advanced Scrap Tea",
  "scraptea": "Basic Scrap Tea",
  "scraptea.pure": "Pure Scrap Tea",
  "woodtea.advanced": "Advanced Wood Tea",
  "woodtea": "Basic Wood Tea",
  "woodtea.pure": "Pure Wood Tea",
  "antiradpills": "Thuốc giảm Phóng Xạ",
  "tool.binoculars": "Binoculars",
  "explosive.timed": "Thuốc nổ hẹn giờ",
  "tool.camera": "Máy ảnh",
  "rf.detonator": "FM Transmitter",
  "fishingrod.handmade": "Cần câu tự chế",
  "flare": "Pháo Sáng",
  "flashlight.held": "Đèn pin",
  "geiger.counter": "Bộ đếm Geiger",
  "hosetool": "Hose Tool",
  "jackhammer": "Máy đục",
  "keycard_blue": "Thẻ xanh dương",
  "keycard_green": "Thẻ xanh lá",
  "keycard_red": "Thẻ đỏ",
  "largemedkit": "Bộ Cứu Thương Lớn",
  "map": "Bản đồ giấy",
  "syringe.medical": "Medical Syringe",
  "rf_pager": "Máy nhắn tin RF",
  "building.planner": "Bản khế hoạch xây dựng",
  "grenade.smoke": "Bom khói",
  "supply.signal": "Supply Signal",
  "surveycharge": "Survey Charge",
  "wiretool": "Wire Tool",
  "vehicle.chassis.2mod": "Small Chassis",
  "vehicle.chassis.3mod": "Medium Chassis",
  "vehicle.chassis.4mod": "Large Chassis",
  "vehicle.chassis": "Generic vehicle chassis",
  "vehicle.1mod.cockpit": "Cockpit Vehicle Module",
  "vehicle.1mod.cockpit.armored": "Armored Cockpit Vehicle Module",
  "vehicle.1mod.cockpit.with.engine": "Cockpit With Engine Vehicle Module",
  "vehicle.1mod.engine": "Engine Vehicle Module",
  "vehicle.1mod.flatbed": "Flatbed Vehicle Module",
  "vehicle.1mod.passengers.armored": "Armored Passenger Vehicle Module",
  "vehicle.1mod.rear.seats": "Rear Seats Vehicle Module",
  "vehicle.1mod.storage": "Storage Vehicle Module",
  "vehicle.1mod.taxi": "Taxi Vehicle Module",
  "vehicle.2mod.flatbed": "Large Flatbed Vehicle Module",
  "vehicle.2mod.fuel.tank": "Fuel Tank Vehicle Module",
  "vehicle.2mod.passengers": "Passenger Vehicle Module",
  "vehicle.module": "Generic vehicle module",
  "telephone": "Điện thoại",
  "weapon.mod.8x.scope": "Ống nhắm 16x",
  "weapon.mod.flashlight": "Đèn cho vũ khí",
  "weapon.mod.holosight": "Holosight",
  "weapon.mod.lasersight": "Phụ kiện Lasersight",
  "weapon.mod.muzzleboost": "Nòng súng tăng cường",
  "weapon.mod.muzzlebrake": "Nòng giảm giật",
  "weapon.mod.simplesight": "Ống ngắm đơn giản tự chế",
  "weapon.mod.silencer": "Nòng giảm thanh",
  "weapon.mod.small.scope": "Ống nhắm 8x",
  "rifle.ak": "Súng trường",
  "bandage": "Băng y tế",
  "grenade.beancan": "Lựu đạn tự chế",
  "rifle.bolt": "Súng trường hành động Bolt",
  "bone.club": "Gậy xương",
  "knife.bone": "Dao Bằng Xương",
  "bow.hunting": "Cung săn",
  "cakefiveyear": "Bánh sinh nhật",
  "chainsaw": "Cưa máy",
  "salvaged.cleaver": "Salvaged Cleaver",
  "bow.compound": "Cung trợ lực",
  "crossbow": "Nỏ",
  "shotgun.double": "Double Barrel Shotgun",
  "pistol.eoka": "Súng ngắn Eoka",
  "grenade.f1": "Lựu đạn F1",
  "flamethrower": "Súng phun lửa",
  "multiplegrenadelauncher": "Nhiều súng phóng lựu",
  "knife.butcher": "Dao cắt thịt",
  "pitchfork": "Chim bồ câu",
  "sickle": "Cái liềm",
  "hammer": "Búa xây dựng",
  "hatchet": "Rìu sắt",
  "knife.combat": "Dao chiến đấu",
  "rifle.l96": "Súng trường L96",
  "rifle.lr300": "Súng trường tấn công LR-300",
  "lmg.m249": "M249",
  "rifle.m39": "Súng trường L39",
  "pistol.m92": "Súng 92mm",
  "mace": "Chùy",
  "machete": "Dao rựa",
  "smg.mp5": "MP5A4",
  "pistol.nailgun": "Súng bắn đinh",
  "paddle": "Chèo ",
  "pickaxe": "Cúp",
  "shotgun.waterpipe": "Waterpipe Shotgun",
  "pistol.python": "Khẩu súng lục ổ quay",
  "pistol.revolver": "Súng lục ổ quay",
  "rock": "Đá",
  "rocket.launcher": "Súng phóng tên lửa",
  "axe.salvaged": "Rìu cứu hộ",
  "hammer.salvaged": "Búa đa dụng",
  "icepick.salvaged": "Cuốc chim",
  "explosive.satchel": "Bọc thuốc nổ",
  "shotgun.pump": "Pump Shotgun",
  "pistol.semiauto": "Súng ngắn bán tự động",
  "rifle.semiauto": "Súng ngắn bán tự động",
  "smg.2": "Custom SMG",
  "shotgun.spas12": "Spas-12 Shotgun",
  "stonehatchet": "Stone Hatchet",
  "stone.pickaxe": "Stone Pickaxe",
  "spear.stone": "Stone Spear",
  "longsword": "Kiếm dài",
  "salvaged.sword": "Salvaged Sword",
  "smg.thompson": "Thompson",
  "toolgun": "Garry's Mod Tool Gun",
  "torch": "Đuốc",
  "bucket.water": "Xô nước",
  "spear.wooden": "Giáo gỗ",
  "horse.armor.roadsign": "Áo giáp biển báo cho ngựa",
  "horse.armor.wood": "Áo giáp gỗ cho ngựa",
  "horse.saddle": "Horse Saddle",
  "horse.saddlebag": "Túi yên",
  "horse.shoes.advanced": "Móng ngựa cao cấp",
  "horse.shoes.basic": "Móng ngựa cơ bản"
}