{
  "hat.wolf": "Kurt Kafalığı",
  "fogmachine": "Fogger-3000",
  "strobelight": "Flaş Işığı",
  "attackhelicopter": "Devriye Helikopteri",
  "kayak": "Kano",
  "rhib": "RHIB",
  "rowboat": "Kayık",
  "tugboat": "Römorkör",
  "minihelicopter.repair": "MC onarımı",
  "aiming.module.mlrs": "ÇNRS Hedefleme Modülü",
  "mlrs": "ÇNRS",
  "ammo.rocket.mlrs": "ÇNRS Roketi",
  "scraptransportheli.repair": "Hurda Taşıma Helikopter Onarımı",
  "snowmobile": "Karmobil",
  "snowmobiletomaha": "Tomaha Karmobil",
  "submarineduo": "İkili Denizaltı",
  "submarinesolo": "Tek kişilik Denizaltı",
  "locomotive": "Lokomotif",
  "wagon": "Vagon",
  "workcart": "Servis Treni",
  "ammo.grenadelauncher.buckshot": "40mm Av Tüfeği Mermisi",
  "ammo.grenadelauncher.he": "40mm Yüksek Patlayıcılı Bomba",
  "ammo.grenadelauncher.smoke": "40mm Sis Bombası",
  "arrow.hv": "Yüksek Hızlı Ok",
  "arrow.wooden": "Ahşap Ok",
  "arrow.bone": "Kemik Ok",
  "arrow.fire": "Yanıcı Ok",
  "ammo.handmade.shell": "El Yapımı Mermi",
  "ammo.nailgun.nails": "Çivi Tabancası Çivileri",
  "ammo.pistol": "Tabanca Mermisi",
  "ammo.pistol.fire": "Yanıcı Tabanca Mermisi",
  "ammo.pistol.hv": "YH Tabanca Mermisi",
  "ammo.rifle": "5.56 Tüfek Mermisi",
  "ammo.rifle.explosive": "5.56 Patlayıcı Tüfek Mermisi",
  "ammo.rifle.incendiary": "5.56 Yanıcı Tüfek Mermisi",
  "ammo.rifle.hv": "5.56 YH Tüfek Mermisi",
  "ammo.rocket.basic": "Roket",
  "ammo.rocket.fire": "Yanıcı Roket",
  "ammo.rocket.hv": "Yüksek Hızlı Roket",
  "ammo.rocket.seeker": "Güdümlü Füze",
  "ammo.rocket.smoke": "Duman Roketi",
  "ammo.shotgun": "12 Kalibre Saçma",
  "ammo.shotgun.fire": "12 Kalibre Yanıcı Fişek",
  "ammo.shotgun.slug": "12 Kalibre Kurşun",
  "speargun.spear": "Zıpkın Şişi",
  "submarine.torpedo.straight": "Torpido",
  "door.double.hinged.metal": "Metal Levha Çift Kapı",
  "door.double.hinged.toptier": "Zırhlı Çift Kapı",
  "door.double.hinged.wood": "Ahşap Çift Kapı",
  "door.hinged.metal": "Metal Levha Kapı",
  "door.hinged.toptier": "Zırhlı Kapı",
  "door.hinged.wood": "Ahşap Kapı",
  "floor.grill": "Zemin Izgarası",
  "floor.ladder.hatch": "Kapaklı Açılır Merdiven",
  "floor.triangle.grill": "Üçgen Zemin Izgarası",
  "floor.triangle.ladder.hatch": "Üçgen Merdiven Kapağı",
  "gates.external.high.stone": "Harici Yüksek Taş Kapı",
  "gates.external.high.wood": "Harici Yüksek Ahşap Kapı",
  "ladder.wooden.wall": "Ahşap Merdiven",
  "wall.external.high.stone": "Harici Yüksek Taş Duvar",
  "wall.external.high": "Harici Yüksek Ahşap Duvar",
  "wall.frame.cell.gate": "Hapishane Hücre Kapısı",
  "wall.frame.cell": "Hapishane Hücre Duvarı",
  "wall.frame.fence.gate": "Tel Çit Kapısı",
  "wall.frame.fence": "Tel Çit",
  "wall.frame.garagedoor": "Garaj kapısı",
  "wall.frame.netting": "Ağ Örgüsü",
  "wall.frame.shopfront": "Dükkan Önü",
  "wall.frame.shopfront.metal": "Metal Dükkan Önü",
  "wall.window.bars.metal": "Metal Pencere Parmaklıkları",
  "wall.window.bars.toptier": "Sağlamlaştırılmış Cam Pencere",
  "wall.window.bars.wood": "Ahşap Pencere Parmaklıkları",
  "shutter.metal.embrasure.a": "Yatay metal mazgal deliği",
  "shutter.metal.embrasure.b": "Dikey Metal Mazgal Deliği",
  "wall.window.glass.reinforced": "Güçlendirilmiş Cam Pencere",
  "shutter.wood.a": "Ahşap Panjurlar",
  "watchtower.wood": "Gözetleme Kulesi",
  "diving.fins": "Dalış Paletleri",
  "diving.mask": "Dalış Maskesi",
  "diving.tank": "Dalış Tankı",
  "diving.wetsuit": "Dalgıç Kıyafeti",
  "boots.frog": "Kurbağa Botları",
  "barrelcostume": "Bir varil kostümü",
  "cratecostume": "Sandık Kostümü",
  "hat.gas.mask": "Gaz Maskesi",
  "burlap.gloves.new": "Çuval Bezi Eldiven",
  "burlap.gloves": "Deri Eldivenler",
  "roadsign.gloves": "Yol tabelası Eldivenleri",
  "tactical.gloves": "Taktiksel Eldiven",
  "draculacape": "Drakula Pelerini",
  "draculamask": "Drakula Maskesi",
  "ghostsheet": "Hayalet Kostümü",
  "halloween.mummysuit": "Mumya Kostümü",
  "scarecrow.suit": "Korkuluk Kostümü",
  "scarecrowhead": "Korkuluk Şalı",
  "metal.facemask.hockey": "Hokey Maskesi",
  "attire.hide.helterneck": "Deri Boyundan Askı",
  "hat.beenie": "Bere",
  "hat.boonie": "Boonie Şapka",
  "bucket.helmet": "Kova Kaskı",
  "burlap.headwrap": "Çuval Bezi Kafalık",
  "hat.candle": "Mum Şapkası",
  "hat.cap": "Beyzbol Şapkası",
  "clatter.helmet": "Clatter Kaskı",
  "coffeecan.helmet": "Kahve Kutusu Kaskı",
  "deer.skull.mask": "Kemik Kask",
  "heavy.plate.helmet": "Ağır Metal Levha Kask",
  "hat.miner": "Madenci Kaskı",
  "partyhat": "Parti Şapkası",
  "riot.helmet": "İsyancı Kaskı",
  "wood.armor.helmet": "Tahta Kask",
  "hoodie": "Kapüşonlu Ceket",
  "bone.armor.suit": "Kemik Zırh",
  "heavy.plate.jacket": "Ağır Metal Levha Ceket",
  "jacket.snow": "Kar Kamuflajlı Ceket",
  "jacket": "Ceket",
  "wood.armor.jacket": "Ahşap Göğüs Plakası",
  "lumberjack hoodie": "Oduncu Kapüşonu",
  "mask.balaclava": "Doğaçlanmış Kar Maskesi",
  "mask.bandana": "Bandana Maskesi",
  "metal.facemask": "Metal Maskesi",
  "metal.facemask.icemask": "Buzlanmış Metal Yüz Maskesi",
  "nightvisiongoggles": "Gece Görüş Gözlüğü",
  "attire.ninja.suit": "Ninja Giysisi",
  "burlap.trousers": "Çuval Bezi Pantolon",
  "heavy.plate.pants": "Ağır Metal Levha Pantolon",
  "attire.hide.pants": "Deri Pantolon",
  "roadsign.kilt": "Yol İşaretli İskoç Eteği",
  "pants.shorts": "Şort",
  "wood.armor.pants": "Ahşap Zırhlı Pantolon",
  "pants": "Pantolon",
  "attire.hide.poncho": "Deri Panço",
  "burlap.shirt": "Çuval Bezi Gömlek",
  "shirt.collared": "Gömlek",
  "attire.hide.vest": "Deri Yelek",
  "shirt.tanktop": "Atlet",
  "shoes.boots": "Çizmeler",
  "burlap.shoes": "Çuval Bezi Ayakkabı",
  "attire.hide.boots": "Deri Çizmeler",
  "attire.hide.skirt": "Deri Etek",
  "attire.banditguard": "Haydut Muhafızı Teçhizatı",
  "hazmatsuit.arcticsuit": "Arktik Tulum",
  "hazmatsuit.diver": "Uçurum Dalgıç Kostümü",
  "hazmatsuit": "Tehlikeli Madde Kıyafeti",
  "hazmatsuit.lumberjack": "Oduncu Tulumu",
  "hazmatsuit.nomadsuit": "Göçebe Kıyafeti",
  "hazmatsuit_scientist": "Bilim İnsanı Kıyafeti",
  "hazmatsuit_scientist_arctic": "Arktik Bilim İnsanı Tulumu",
  "hazmatsuit_scientist_nvgm": "Gece Görüşlü Bilim İnsanı Kıyafeti",
  "hazmatsuit_scientist_peacekeeper": "Bilim İnsanı Kıyafeti",
  "hazmatsuit.spacesuit": "Uzay Elbisesi",
  "scientistsuit_heavy": "Ağır Bilim İnsanı Giysisi",
  "jumpsuit.suit.blue": "Mavi Tulum",
  "jumpsuit.suit": "Tulum",
  "tshirt.long": "Uzun Kollu Mavi Tişört",
  "tshirt": "Tişört",
  "metal.plate.torso": "Metal Göğüs Zırhı",
  "metal.plate.torso.icevest": "Buzlanmış Metal Göğüs Zırhı",
  "roadsign.jacket": "Yol İşaretli Ceket",
  "bleach": "Çamaşır Suyu",
  "ducttape": "Koli Bandı",
  "carburetor1": "Düşük Kaliteli Karbüratör",
  "carburetor2": "Orta Kaliteli Karbüratör",
  "carburetor3": "Yüksek Kaliteli Karbüratör",
  "crankshaft1": "Düşük Kalite Krank Mili",
  "crankshaft2": "Orta Kalite Krank Mili",
  "crankshaft3": "Yüksek Kaliteli Krank Mili",
  "piston1": "Düşük Kaliteli Pistonlar",
  "piston2": "Orta Kalite Pistonlar",
  "piston3": "Yüksek Kaliteli Pistonlar",
  "sparkplug1": "Düşük Kalite Bujiler",
  "sparkplug2": "Orta Kalite Bujiler",
  "sparkplug3": "Yüksek Kalite Bujiler",
  "valve1": "Düşük Kalite Vanalar",
  "valve2": "Orta Kalite Vanalar",
  "valve3": "Yüksek Kalite Vanalar",
  "fuse": "Elektrik sigortası",
  "gears": "Dişli",
  "glue": "Yapıştırıcı",
  "metalblade": "Metal Bıçak Ağzı",
  "metalpipe": "Metal Boru",
  "propanetank": "Boş Propan Tankı",
  "roadsigns": "Yol Levhası",
  "rope": "Halat",
  "sewingkit": "Dikiş Seti",
  "sheetmetal": "Metal Levha",
  "metalspring": "Metal Yay",
  "sticks": "Çubuk",
  "tarp": "Muşamba",
  "techparts": "Teknoloji Çöpü",
  "riflebody": "Tüfek Gövdesi",
  "semibody": "Yarı Otomatik Gövde",
  "smgbody": "Hafif Makineli Gövdesi",
  "barricade.concrete": "Beton Barikat",
  "barricade.wood.cover": "Ahşap Barikat",
  "barricade.metal": "Metal Siperlik",
  "barricade.sandbags": "Kum Torbası Barikat",
  "barricade.stone": "Taş Siperlik",
  "barricade.wood": "Ahşap Barikat",
  "barricade.woodwire": "Dikenli Ahşap Barikat",
  "bbq": "Barbekü",
  "trap.bear": "Ayı Kapanı",
  "bed": "Yatak",
  "campfire": "Kamp Ateşi",
  "cardtable": "Kart Masası",
  "ceilinglight": "Tavan Lambası",
  "chair": "Sandalye",
  "chair.icethrone": "Buz Tahtı",
  "clantable": "Klan masası",
  "composter": "Kompostlayıcı",
  "computerstation": "Bilgisayar İstasyonu",
  "drone": "İnsansız Hava Aracı",
  "dropbox": "Açılır Kutu",
  "elevator": "Asansör",
  "fireplace.stone": "Taş şömine",
  "firework.boomer.blue": "Havai Fişek - Mavi",
  "firework.boomer.champagne": "Şampanya Patlaması",
  "firework.boomer.green": "Havai Fişek - Yeşil",
  "firework.boomer.orange": "Havai Fişek - Turuncu",
  "firework.boomer.pattern": "Desenli Havai Fişek",
  "firework.boomer.red": "Havai Fişek - Kırmızı",
  "firework.boomer.violet": "Havai Fişek - Menekşe",
  "firework.romancandle.blue": "Mavi Roma Mumu",
  "firework.romancandle.green": "Yeşil Roma Mumu",
  "firework.romancandle.red": "Kırmızı Roma Mumu",
  "firework.romancandle.violet": "Mor Roma Mumu",
  "firework.volcano": "Beyaz Volkan Havai Fişeği",
  "firework.volcano.red": "Kırmızı Volkan Havai Fişeği",
  "firework.volcano.violet": "Menekşe Volkan Havai Fişek",
  "spikes.floor": "Ahşap Sivri Kazıklar",
  "frankensteintable": "Frankenstein Masası",
  "fridge": "Buzdolabı",
  "furnace.large": "Büyük Fırın",
  "furnace": "Fırın",
  "weaponrack.light": "Silah Rafı Işığı",
  "weaponrack.doublelight": "Silah Rafı Çift Işığı",
  "hitchtroughcombo": "Bağlama Kazığı ve Yalak",
  "hab.armor": "Sıcak Hava Balonu Zırhı",
  "habrepair": "Ayı Postundan Halı",
  "jackolantern.angry": "Kızgın Balkabağı Feneri",
  "jackolantern.happy": "Mutlu Balkabağı Feneri",
  "trap.landmine": "Ev Yapımı Kara Mayını",
  "lantern": "Gaz Lambası",
  "box.wooden.large": "Büyük Ahşap Sandık",
  "water.barrel": "Su Varili",
  "locker": "Dolap",
  "mailbox": "Posta Kutusu",
  "mixingtable": "Karıştırma Masası",
  "modularcarlift": "Modüler Araç Asansörü",
  "mining.pumpjack": "PETROL SONDAJ KULESİ",
  "small.oil.refinery": "Küçük Petrol Rafinerisi",
  "planter.large": "Büyük Saksı",
  "planter.small": "Küçük Saksı",
  "electric.audioalarm": "Ses Alarmı",
  "smart.alarm": "Akıllı alarm",
  "smart.switch": "Akıllı Anahtar",
  "storage.monitor": "Depolama Monitörü",
  "electric.battery.rechargable.large": "Büyük Yeniden Şarj Edilebilir Batarya",
  "electric.battery.rechargable.medium": "Orta Boy Şarj Edilebilir Batarya",
  "electric.battery.rechargable.small": "Küçük Şarj Edilebilir Batarya",
  "electric.button": "Buton",
  "electric.counter": "Sayaç",
  "electric.hbhfsensor": "HBHF Sensörü",
  "electric.laserdetector": "Lazer Dedektörü",
  "electric.pressurepad": "Basınç Plakası",
  "electric.doorcontroller": "Kapı Kontrolcüsü",
  "electric.furnace": "Elektrikli Fırın",
  "electric.heater": "Elektrikli Isıtıcı",
  "fluid.combiner": "Sıvı Birleştirici",
  "fluid.splitter": "Sıvı Ayırıcı",
  "fluid.switch": "Sıvı Anahtarı ve Pompası",
  "electric.andswitch": "AND Anahtarı",
  "electric.blocker": "Engelleyici",
  "electrical.branch": "Akım Ayrıştırıcı",
  "electrical.combiner": "Kök Birleştirici",
  "electrical.memorycell": "Hafıza Birimi",
  "electric.orswitch": "OR Anahtarı",
  "electric.random.switch": "RAND Anahtarı",
  "electric.rf.broadcaster": "RF Yayıncı",
  "electric.rf.receiver": "RF Alıcısı",
  "electric.xorswitch": "XOR Anahtarı",
  "electric.fuelgenerator.small": "Küçük Jeneratör",
  "electric.generator.small": "Test jeneratörü",
  "electric.solarpanel.large": "Büyük Güneş Paneli",
  "electric.igniter": "Tutuşturucu",
  "storageadaptor": "Depolama Adaptörü",
  "industrial.combiner": "Endüstriyel Birleştirici",
  "industrial.conveyor": "Endüstriyel Hat",
  "industrial.crafter": "Endüstriyel Üretici",
  "industrial.splitter": "Endüstriyel Bölücü",
  "electric.flasherlight": "Flaşör Işık",
  "electric.simplelight": "Basit Işık",
  "electric.sirenlight": "Siren Lambası",
  "powered.water.purifier": "Elektrikli Su Arıtıcı",
  "electric.switch": "Elektrik Düğmesi",
  "electric.splitter": "Bölüştürücü",
  "electric.sprinkler": "Fıskiye",
  "electric.teslacoil": "Tesla Bobini",
  "electric.timer": "Zamanlayıcı",
  "electric.cabletunnel": "Kablo Tüneli",
  "waterpump": "Su Pompası",
  "ptz.cctv.camera": "PTZ Güvenlik Kamerası",
  "mining.quarry": "Maden Kazıcı",
  "target.reactive": "Reaktif Hedef",
  "box.repair.bench": "Onarım Tezgahı",
  "research.table": "Araştırma Masası",
  "rug.bear": "Ayı Postu Halı",
  "rug": "Halı",
  "searchlight": "Arama Işığı",
  "secretlabchair": "Gizli Laboratuvar Sandalyesi",
  "shelves": "İki Katlı Raf",
  "sign.hanging.banner.large": "Asılabilir Büyük Afiş",
  "sign.hanging": "İki Yönlü Asılabilir Tabela",
  "sign.hanging.ornate": "Çift Taraflı Asılabilir Süslü Tabela",
  "sign.pictureframe.landscape": "Peyzaj Resim Çerçevesi",
  "sign.pictureframe.portrait": "Portre Resim Çerçevesi",
  "sign.pictureframe.tall": "Uzun Resim Çerçevesi",
  "sign.pictureframe.xl": "XL Resim Çerçevesi",
  "sign.pictureframe.xxl": "XXL Resim Çerçevesi",
  "sign.pole.banner.large": "Büyük Afiş Direği",
  "sign.post.double": "İkili Yön Tabelası",
  "sign.post.single": "Tekli Yön Tabelası",
  "sign.post.town": "Tek Taraflı Şehir Yön Tabelası",
  "sign.post.town.roof": "Çift Taraflı Şehir Yön Tabelası",
  "sign.wooden.huge": "Büyük Ahşap Tabela",
  "sign.wooden.large": "Büyük Ahşap Tabela",
  "sign.wooden.medium": "Orta Boy Tahta Tabela",
  "sign.wooden.small": "Küçük Ahşap Tabela",
  "guntrap": "Pompalı Tüfek Tuzağı",
  "sleepingbag": "Uyku Tulumu",
  "stash.small": "Küçük Kese",
  "sofa": "Kanepe",
  "sofa.pattern": "Sofa - Desenli",
  "spinner.wheel": "Çark",
  "fishtrap.small": "Balık Tuzağı",
  "table": "Masa",
  "workbench1": "1. SEVİYE ÇALIŞMA TEZGAHI",
  "workbench2": "2. SEVİYE ÇALIŞMA TEZGAHI",
  "workbench3": "3. SEVİYE ÇALIŞMA TEZGAHI",
  "cupboard.tool": "Alet Dolabı",
  "tunalight": "Ton Balığı Konserve Lambası",
  "vending.machine": "Otomatik Satış Makinesi",
  "water.catcher.large": "Büyük Su Tutucu",
  "water.catcher.small": "Küçük Su Tutucu",
  "water.purifier": "Su Arıtıcısı",
  "gunrack.horizontal": "Yatay Silah Rafı",
  "gunrack.single.1.horizontal": "Vidalı Tekli Silah Askısı",
  "gunrack.single.2.horizontal": "At Nalı Tekli Eşya Rafı",
  "gunrack.single.3.horizontal": "Boynuz Tekli Eşya Rafı",
  "gunrack_stand": "Silah Rafı Standı",
  "gunrack_tall.horizontal": "Uzun Silah Rafı",
  "gunrack_wide.horizontal": "Geniş Silah Rafı",
  "generator.wind.scrap": "Rüzgar Türbini",
  "box.wooden": "Ahşap Sandık",
  "apple": "Elma",
  "apple.spoiled": "Çürümüş Elma",
  "black.raspberries": "Siyah Ahududu",
  "blueberries": "Yaban Mersini",
  "botabag": "Matara",
  "grub": "Kurtçuk",
  "worm": "Solucan",
  "cactusflesh": "Kaktüs İçi",
  "can.beans": "Fasulye Konservesi",
  "can.tuna": "Ton Balığı Konservesi",
  "chocolate": "Çikolata",
  "fish.anchovy": "Hamsi",
  "fish.catfish": "Kedi balığı",
  "fish.cooked": "Pişmiş Balık",
  "fish.raw": "Çiğ Balık",
  "fish.herring": "Ringa",
  "fish.minnows": "Sazan",
  "fish.orangeroughy": "Turuncu Levrek",
  "fish.salmon": "Somon",
  "fish.sardine": "Sardalya",
  "fish.smallshark": "Küçük Köpekbalığı",
  "fish.troutsmall": "Küçük Alabalık",
  "fish.yellowperch": "Sarı Levrek",
  "granolabar": "Granola Çikolatası",
  "chicken.burned": "Yanmış Tavuk Eti",
  "chicken.cooked": "Pişmiş Tavuk Eti",
  "chicken.raw": "Çiğ Tavuk Göğsü",
  "chicken.spoiled": "Bozulmuş Tavuk Eti",
  "deermeat.burned": "Yanmış Geyik Eti",
  "deermeat.cooked": "Pişmiş Geyik Eti",
  "deermeat.raw": "Çiğ Geyik Eti",
  "horsemeat.burned": "Yanmış At Eti",
  "horsemeat.cooked": "Pişmiş At Eti",
  "horsemeat.raw": "Çiğ AT Eti",
  "humanmeat.burned": "Yanmış İnsan Eti",
  "humanmeat.cooked": "Pişmiş İnsan Eti",
  "humanmeat.raw": "Çiğ İnsan Eti",
  "humanmeat.spoiled": "Bozulmuş İnsan Eti",
  "bearmeat.burned": "Yanmış Ayı Eti",
  "bearmeat.cooked": "Pişmiş Ayı Eti",
  "bearmeat": "Çiğ Ayı Eti",
  "wolfmeat.burned": "Yanmış Kurt Eti",
  "wolfmeat.cooked": "Pişmiş Kurt Eti",
  "wolfmeat.raw": "Çiğ Kurt Eti",
  "wolfmeat.spoiled": "Bozulmuş Kurt Eti",
  "meat.pork.burned": "Yanmış Domuz Eti",
  "meat.pork.cooked": "Pişmiş Domuz Eti",
  "meat.boar": "Çiğ Domuz Eti",
  "mushroom": "Mantar",
  "jar.pickle": "Turşu",
  "smallwaterbottle": "Küçük Su Şişesi",
  "waterjug": "Su Çömleği",
  "fun.bass": "Bel Küreği",
  "fun.cowbell": "İnek çanı",
  "drumkit": "Hurdalık Davul Seti",
  "fun.flute": "Panflüt",
  "fun.guitar": "Akustik Gitar",
  "fun.jerrycanguitar": "Benzin Bidonu Gövdeli Gitar",
  "piano": "El Arabası Piyano",
  "fun.tambourine": "Canbourine",
  "fun.trumpet": "Tesisatçı'nın Trompeti",
  "fun.tuba": "Saksafon",
  "xylophone": "Xylobone",
  "door.key": "Kapı Anahtarı",
  "lock.key": "Anahtarlı Kilit",
  "lock.code": "Şifreli Kilit",
  "blueprintbase": "İnşa Planı",
  "chineselantern": "Çin Feneri",
  "dragondoorknocker": "Ejderha Kapı Tokmağı",
  "hat.dragonmask": "Ejderha Maskesi",
  "newyeargong": "Yeni Yıl Çanı",
  "hat.oxmask": "Öküz Maskesi",
  "hat.rabbitmask": "Tavşan Maskesi",
  "hat.ratmask": "Sıçan Maskesi",
  "skylantern": "Dilek Feneri",
  "skylantern.skylantern.green": "Yeşil Dilek Feneri",
  "skylantern.skylantern.orange": "Turuncu Dilek Feneri",
  "skylantern.skylantern.purple": "Mor Dilek Feneri",
  "skylantern.skylantern.red": "Kırmızı Dilek Feneri",
  "lunar.firecrackers": "Hava Fişek Dizesi",
  "hat.tigermask": "Kaplan Maskesi",
  "arcade.machine.chippy": "Chippy Atari Oyunu",
  "door.double.hinged.bardoors": "Ahşap Bar Kapıları",
  "bathtub.planter": "Saksı - Küvet Görünümlü",
  "head.bag": "Kafa Çantası",
  "fishtrophy": "Balık Tropisi",
  "huntingtrophylarge": "Av Tropisi - Büyük",
  "huntingtrophysmall": "Av Tropisi - Küçük",
  "minecart.planter": "Saksı - Maden Arabası Görünümlü",
  "rail.road.planter": "Saksı - Demiryolu Görünümlü",
  "rockingchair": "Sallanan Sandalye",
  "rockingchair.rockingchair2": "Deniz mavisi",
  "rockingchair.rockingchair3": "Yeşil",
  "knife.skinning": "Deri Yüzme Bıçağı",
  "storage_barrel_a": "Kullanılmamış Şarap Fıçısı - Dikey",
  "storage_barrel_b": "Varil Deposu - Dikey",
  "storage_barrel_c": "Varil Deposu - Yatay",
  "torchholder": "Meşale Tutucu",
  "wantedposter.wantedposter2": "Yakalama Emri 2",
  "wantedposter.wantedposter3": "Yakalama Emri 3",
  "wantedposter.wantedposter4": "Yakalama Emri 4",
  "wantedposter": "Yakalama Emri",
  "bluedogtags": "Mavi Künye",
  "dogtagneutral": "Künye",
  "reddogtags": "Kırmızı Künye",
  "door.closer": "Kapı Hidroliği",
  "attire.bunnyears": "Tavşan Kulakları",
  "attire.bunny.onesie": "Tavşan Kostümü",
  "hat.bunnyhat": "Tavşan Şapkası",
  "easterdoorwreath": "Paskalya Kapı Çelenk",
  "easterbasket": "Yumurta Sepeti",
  "attire.egg.suit": "Yumurta Tulumu",
  "rustige_egg_a": "Minyatür Yumurta - Kırmızı",
  "rustige_egg_b": "Minyatür Yumurta - Mavi",
  "rustige_egg_c": "Minyatür Yumurta - Mor",
  "rustige_egg_d": "Minyatür Yumurta - Fildişi",
  "rustige_egg_e": "Minyatür Yumurta - Yeşil",
  "rustige_egg_f": "Minyatür Yumurta - Beyaz",
  "attire.nesthat": "Kuluçka Şapkası",
  "easter.bronzeegg": "Bronz Yumurta",
  "easter.goldegg": "Altın Yumurta",
  "easter.paintedeggs": "Boyalı Yumurta",
  "easter.silveregg": "Gümüş Yumurta",
  "halloween.candy": "Cadılar Bayramı Şekeri",
  "largecandles": "Büyük Mum Seti",
  "smallcandles": "Küçük Mum Seti",
  "carvable.pumpkin": "Oyulabilir Balkabağı",
  "coffin.storage": "Tabut",
  "cursedcauldron": "Lanetli Kazan",
  "gravestone": "Mezar Taşı",
  "woodcross": "Ahşap Haç",
  "frankensteins.monster.01.head": "Zayıf Frankenstein Kafası",
  "frankensteins.monster.01.legs": "Zayıf Frankenstein Bacakları",
  "frankensteins.monster.01.torso": "Zayıf Frankenstein Gövdesi",
  "frankensteins.monster.02.head": "Normal Frankenstein Kafası",
  "frankensteins.monster.02.legs": "Normal Frankenstein Bacakları",
  "frankensteins.monster.02.torso": "Normal Frankenstein Gövdesi",
  "frankensteins.monster.03.head": "Güçlü Frankenstein Kafası",
  "frankensteins.monster.03.legs": "Güçlü Frankenstein Bacakları",
  "frankensteins.monster.03.torso": "Güçlü Frankenstein Gövdesi",
  "wall.graveyard.fence": "Mezarlık Çiti",
  "halloween.lootbag.large": "Büyük Ganimet Çantası",
  "halloween.lootbag.medium": "Orta Ganimet Çantası",
  "halloween.lootbag.small": "Küçük Ganimet Çantası",
  "pumpkinbasket": "Balkabağı Sepeti",
  "scarecrow": "Korkuluk",
  "skullspikes.candles": "Kafatası Kazığı",
  "skullspikes.pumpkin": "Kafatası Kazığı",
  "skullspikes": "Kafatası Kazığı",
  "skulldoorknocker": "Kafatası Kapı Tokmağı",
  "skull_fire_pit": "Kafatası Kamp Ateşi",
  "spiderweb": "Örümcek Ağı",
  "spookyspeaker": "Korkutucu Hoparlör",
  "halloween.surgeonsuit": "Cerrah Scrubs",
  "skull.trophy.jar": "Kafatası Kupası",
  "skull.trophy.jar2": "Kafatası Kupası",
  "skull.trophy.table": "Kafatası Kupası",
  "skull.trophy": "Kafatası Kupası",
  "blueidtag": "Mavi Kimlik Etiketi",
  "grayidtag": "Gri Kimlik Etiketi",
  "greenidtag": "Yeşil Kimlik Etiketi",
  "orangeidtag": "Turuncu Kimlik Etiketi",
  "pinkidtag": "Pembe Kimlik Etiketi",
  "purpleidtag": "Mor Kimlik Etiketi",
  "redidtag": "Kırmızı Kimlik Etiketi",
  "whiteidtag": "Beyaz Kimlik Etiketi",
  "yellowidtag": "Sarı Kimlik Etiketi",
  "frontiermirror.large": "Cephe Aynası - Büyük",
  "frontiermirror.medium": "Cephe Aynası - Orta",
  "frontiermirror.small": "Cephe Aynası - Küçük",
  "frontiermirror.standing": "Dikey Ayna",
  "goldframe.large": "Altın Çerçeve - Büyük",
  "goldframe.medium": "Altın Çerçeve - Orta",
  "goldframe.small": "Altın Çerçeve - Küçük",
  "goldframe.standing": "Altın Çerçeve - Dikey",
  "goldmirror.large": "Altın Ayna - Büyük",
  "goldmirror.medium": "Altın Ayna - Orta",
  "goldmirror.small": "Altın Ayna - Küçük",
  "goldmirror.standing": "Dikey Altın Ayna",
  "lightup.large": "Işıklı Çerçeve - Büyük",
  "lightupframe.medium": "Işıklı Çerçeve - Orta",
  "lightupframe.small": "Işıklı Çerçeve - Küçük",
  "lightupframe.standing": "Işıklı Dikey Çerçeve",
  "lightupmirror.large": "Işıklı Ayna - Büyük",
  "lightupmirror.medium": "Işıklı Ayna - Orta",
  "lightupmirror.small": "Işıklı Ayna - Küçük",
  "lightupmirror.standing": "Işıklı Ayna - Dikey",
  "scrapframe.large": "Hurda Çerçeve - Büyük",
  "scrapframe.medium": "Orta Hurda Çerçeve",
  "scrapframe.small": "Hurda Çerçeve - Küçük",
  "scrapframe.standing": "Hurda Çerçeve - Dikey",
  "scrapmirror.large": "Hurda Ayna - Büyük",
  "scrapmirror.medium": "Hurda Ayna - Orta",
  "scrapmirror.small": "Hurda Ayna - Küçük",
  "scrapmirror.standing": "Hurda Ayna - Dikey",
  "twowaymirror.window": "Çift Yönlü Ayna",
  "woodframe.large": "Ahşap Çerçeve - Büyük",
  "woodframe.medium": "Ahşap Çerçeve - Orta",
  "woodframe.small": "Ahşap Çerçeve - Küçük",
  "woodframe.standing": "Ahşap Çerçeve - Dikey",
  "woodmirror.large": "Ahşap Ayna - Büyük",
  "woodmirror.medium": "Ahşap Ayna - Orta",
  "woodmirror.small": "Ahşap Ayna - Küçük",
  "woodmirror.standing": "Ahşap Ayna - Dikey",
  "movembermoustachecard": "Movember Bıyığı Kartı",
  "movembermoustache": "Movember Bıyığı",
  "note": "Not",
  "parachute.deployed": "Paraşüt (Açılmış)",
  "parachute": "Paraşüt",
  "factorydoor": "Fabrika Kapısı",
  "industrial.wall.light.green": "Yeşil Endüstriyel Duvar Lambası",
  "industrial.wall.light": "Endüstriyel Duvar Lambası",
  "industrial.wall.light.red": "Kırmızı Endüstriyel Duvar Lambası",
  "skull.human": "İnsan Kafatası",
  "abovegroundpool": "Zemin Üstü Havuz",
  "beachchair": "Plaj Sandalyesi",
  "beachparasol": "Plaj Şemsiyesi",
  "beachtable": "Plaj Masası",
  "beachtowel": "Plaj Havlusu",
  "boogieboard": "Sörf Tahtası",
  "innertube": "Şişme Simit",
  "innertube.horse": "Şişme Simit",
  "innertube.unicorn": "Şişme Simit",
  "tool.instant_camera": "Polaroid Fotoğraf Makinesi",
  "paddlingpool": "Şişme Havuz",
  "photo": "Fotoğraf",
  "photoframe.landscape": "Yatay Fotoğraf Çerçevesi",
  "photoframe.large": "Büyük Fotoğraf Çerçevesi",
  "photoframe.portrait": "Dikey Fotoğraf Çerçevesi",
  "sunglasses02black": "Güneş gözlüğü",
  "sunglasses02camo": "Güneş gözlüğü",
  "sunglasses02red": "Güneş gözlüğü",
  "sunglasses03black": "Güneş gözlüğü",
  "sunglasses03chrome": "Güneş gözlüğü",
  "sunglasses03gold": "Güneş gözlüğü",
  "sunglasses": "Güneş gözlüğü",
  "gun.water": "Su Tabancası",
  "pistol.water": "Su Tabancası",
  "trophy": "Twitch Rivals Tropisi",
  "twitchsunglasses": "Mor Güneş Gözlüğü",
  "twitch.headset": "Kulaklık",
  "hobobarrel": "Evsiz Varili",
  "door.hinged.industrial.a": "Endüstriyel Kapı",
  "xmas.advent": "Noel Takvimi",
  "candycaneclub": "Şeker Kamışı Sopası",
  "xmas.lightstring": "Noel Işıkları",
  "xmas.door.garland": "Şenlikli Kapı Çelengi",
  "xmas.double.door.garland": "Festival Desenli Çift Kapı Çelengi",
  "candycane": "Şeker Kamışı",
  "giantcandycanedecor": "Dev Şeker Dekoru",
  "wall.ice.wall": "Kısa Buzdan Duvar",
  "wall.external.high.ice": "Yüksek Buzdan Duvar",
  "giantlollipops": "Devasa Lolipop Dekoru",
  "sign.neon.125x125": "Küçük Neon Tabela",
  "sign.neon.125x215.animated": "Orta Boy Hareketli Neon Tabela",
  "sign.neon.125x215": "Orta boy Neon Tabela",
  "sign.neon.xl.animated": "Büyük Animasyonlu Neon Tabela",
  "sign.neon.xl": "Büyük Neon Tabela",
  "pookie.bear": "Oyuncak Ayı",
  "xmas.lightstring.advanced": "Görkemli Noel Işıkları",
  "coal": "Kömür",
  "xmas.present.large": "Büyük Boy Hediye",
  "xmas.present.medium": "Orta Boy Hediye",
  "xmas.present.small": "Küçük Boy Hediye",
  "sled.xmas": "Kızak",
  "sled": "Kızak",
  "snowmachine": "Kar Makinesi",
  "snowball": "Kartopu",
  "snowballgun": "Kartopu Silahı",
  "snowman": "Kardan Adam",
  "stocking.large": "Süper Hediye Çorabı",
  "stocking.small": "Küçük Noel Çorabı",
  "gingerbreadsuit": "Zencefilli Kurabiye Kıyafeti",
  "attire.reindeer.headband": "Ren Geyiği Boynuzları",
  "santabeard": "Noel Baba Sakalı",
  "santahat": "Noel Şapkası",
  "attire.snowman.helmet": "Kardan Adam Kaskı",
  "xmas.window.garland": "Festival Süslemesi",
  "wrappedgift": "Sarılmış Hediye",
  "wrappingpaper": "Ambalaj Kağıdı",
  "xmasdoorwreath": "Noel Kapısı Çelengi",
  "xmas.decoration.baubels": "Dekoratif Biblolar",
  "xmas.decoration.candycanes": "Dekoratif Plastik Şeker Bastonlar",
  "xmas.decoration.gingerbreadmen": "Dekoratif Zencefilli Erkek",
  "xmas.decoration.lights": "Ağaç Işıkları",
  "xmas.decoration.pinecone": "Dekoratif Kozalaklar",
  "xmas.decoration.star": "Yıldız Ağaç Ucu Süsü",
  "xmas.decoration.tinsel": "Süs Amaçlı Panel",
  "xmas.tree": "Yılbaşı Ağacı",
  "captainslog": "Kaptanın Seyir Defteri",
  "fishing.tackle": "Olta Takımı",
  "bottle.vodka": "Votka Şişesi",
  "autoturret": "Otomatik Taret",
  "flameturret": "Alev Tareti",
  "gloweyes": "Parlayan gözler",
  "ammo.rocket.sam": "KHF Mermisi",
  "samsite": "KHF Sahası",
  "black.berry": "Siyah Böğürtlen",
  "clone.black.berry": "Siyah Böğürtlen Klonu",
  "seed.black.berry": "Siyah Böğürtlen Tohumu",
  "blue.berry": "Mavi Böğürtlen",
  "clone.blue.berry": "Mavi Böğürtlen Klonu",
  "seed.blue.berry": "Mavi Böğürtlen Tohumu",
  "green.berry": "Yeşil Böğürtlen",
  "clone.green.berry": "Yeşil Böğürtlen Klonu",
  "seed.green.berry": "Yeşil Böğürtlen Tohumu",
  "red.berry": "Kırmızı Böğürtlen",
  "clone.red.berry": "Kırmızı Böğürtlen Klonu",
  "seed.red.berry": "Kırmızı Böğürtlen Tohumu",
  "white.berry": "Beyaz Böğürtlen",
  "clone.white.berry": "Beyaz Böğürtlen Klonu",
  "seed.white.berry": "Beyaz Böğürtlen Tohumu",
  "yellow.berry": "Sarı Böğürtlen",
  "clone.yellow.berry": "Sarı Böğürtlen Klonu",
  "seed.yellow.berry": "Sarı Böğürtlen Tohumu",
  "corn": "Mısır",
  "clone.corn": "Mısır Klonu",
  "seed.corn": "Mısır Tohumu",
  "clone.hemp": "Kenevir Klonu",
  "seed.hemp": "Kenevir Tohumu",
  "potato": "Patates",
  "clone.potato": "Patates Klonu",
  "seed.potato": "Patates Tohumu",
  "pumpkin": "Bal Kabağı",
  "clone.pumpkin": "Kabak Bitkisi Klonu",
  "seed.pumpkin": "Balkabağı Tohumu",
  "fat.animal": "Hayvan Yağı",
  "battery.small": "Batarya - Küçük",
  "blood": "Kan",
  "bone.fragments": "Kemik Parçaları",
  "cctv.camera": "CCTV Kamerası",
  "charcoal": "Kömür",
  "cloth": "Kumaş",
  "crude.oil": "Ham Petrol",
  "diesel_barrel": "Dizel Yakıt",
  "can.beans.empty": "Boş Fasulye Konservesi",
  "can.tuna.empty": "Boş Ton Balığı Konservesi",
  "explosives": "Patlayıcı Madde",
  "fertilizer": "Gübre",
  "gunpowder": "Barut",
  "horsedung": "At Dışkısı",
  "hq.metal.ore": "Yüksek Kaliteli Metal Cevheri",
  "metal.refined": "Yüksek Kaliteli Metal",
  "leather": "Deri",
  "lowgradefuel": "Düşük Kaliteli Yakıt",
  "metal.fragments": "Eritilmiş Metal",
  "metal.ore": "Metal Madeni",
  "paper": "Kağıt",
  "plantfiber": "Bitki Lifi",
  "researchpaper": "Araştırma Kağıdı",
  "water.salt": "Tuzlu Su",
  "scrap": "Hurda",
  "stones": "Taş",
  "sulfur.ore": "Kükürt Cevheri",
  "sulfur": "Kükürt",
  "targeting.computer": "Hedefleme  Bilgisayarı",
  "water": "Su",
  "skull.wolf": "Kurt Kafatası",
  "wood": "Odun",
  "healingtea.advanced": "Gelişmiş Şifa Çayı",
  "healingtea": "Basit Şifa Çayı",
  "healingtea.pure": "Saf Şifa Çayı",
  "maxhealthtea.advanced": "Gelişmiş Sağlık Yükseltme Çayı",
  "maxhealthtea": "Basit Sağlık Yükseltme Çayı",
  "maxhealthtea.pure": "Saf Sağlık Yükseltme Çayı",
  "oretea.advanced": "Gelişmiş Cevher Çayı",
  "oretea": "Basit Cevher Çayı",
  "oretea.pure": "Saf Cevher Çayı",
  "radiationremovetea.advanced": "Gelişmiş Radyasyon Giderme Çayı",
  "radiationremovetea": "Radyasyon Giderme Çayı",
  "radiationremovetea.pure": "Saf Radyasyon Giderme Çayı",
  "radiationresisttea.advanced": "Gelişmiş Anti-Radyasyon Çayı",
  "radiationresisttea": "Anti Radyasyon Çayı",
  "radiationresisttea.pure": "Saf Anti-Radyasyon Çayı",
  "scraptea.advanced": "Gelişmiş Hurda Çayı",
  "scraptea": "Basit Hurda Çayı",
  "scraptea.pure": "Saf Hurda Çayı",
  "supertea": "Süper Serum",
  "woodtea.advanced": "Gelişmiş Odun Çayı",
  "woodtea": "Basit Odun Çayı",
  "woodtea.pure": "Saf Odun Çayı",
  "antiradpills": "Radyasyon Önleyici Haplar",
  "tool.binoculars": "Dürbün",
  "explosive.timed": "Zaman Ayarlı Patlayıcı",
  "tool.camera": "Kamera",
  "rf.detonator": "RF Aktarıcı",
  "fishingrod.handmade": "El yapımı olta",
  "flare": "İşaret Fişeği",
  "flashlight.held": "El Feneri",
  "geiger.counter": "Radyasyon sayacı",
  "hosetool": "Hortum",
  "jackhammer": "Darbeli Matkap",
  "keycard_blue": "Mavi Giriş Kartı",
  "keycard_green": "Yeşil Giriş Kartı",
  "keycard_red": "Kırmızı Giriş Kartı",
  "largemedkit": "Büyük Sağlık Çantası",
  "concretehatchet": "Beton Balta",
  "concretepickaxe": "Beton Kazma",
  "lumberjack.hatchet": "Prototip Balta",
  "lumberjack.pickaxe": "Prototip Kazma",
  "map": "Kağıt Harita",
  "syringe.medical": "Tıbbi Şırınga",
  "rf_pager": "RF Çağrı Cihazı",
  "pipetool": "Boru Anahtarı",
  "building.planner": "İnşa Planı",
  "grenade.smoke": "Sis Bombası",
  "spraycan": "Sprey Boya",
  "spraycandecal": "Sprey Boya Çıkartması",
  "supply.signal": "Tedarik Fişeği",
  "surveycharge": "Dinamit",
  "wiretool": "Kablo",
  "vehicle.chassis.2mod": "Küçük Şasi",
  "vehicle.chassis.3mod": "Ortalama Şasi",
  "vehicle.chassis.4mod": "Büyük Şasi",
  "vehicle.chassis": "Genel araç şasisi",
  "vehicle.1mod.cockpit": "Kokpit Araç Modülü",
  "vehicle.1mod.cockpit.armored": "Zırhlı Kokpit Araç Modülü",
  "vehicle.1mod.cockpit.with.engine": "Motorlu Kokpit Modülü",
  "vehicle.1mod.engine": "Motorlu Taşıt Modülü",
  "vehicle.1mod.flatbed": "Flatbed Araç Modülü",
  "vehicle.1mod.passengers.armored": "Zırhlı Yolcu Araç Modülü",
  "vehicle.1mod.rear.seats": "Arka Koltuklu Taşıt Modülü",
  "vehicle.1mod.storage": "Depolama Taşıtı Modülü",
  "vehicle.1mod.taxi": "Taksi Araç Modülü",
  "vehicle.2mod.camper": "Karavan Araç Modülü",
  "vehicle.2mod.flatbed": "Büyük Kamyonet Araç Modülü",
  "vehicle.2mod.fuel.tank": "Yakıt Tankı Taşıt Modülü",
  "vehicle.2mod.passengers": "Yolcu Taşıt Modülü",
  "vehicle.module": "Genel araç modülü",
  "boombox": "Taşınabilir Müzik Çalar",
  "fun.boomboxportable": "Taşınabilir Müzik Çalar",
  "cassette": "Kaset - Uzun",
  "cassette.medium": "Kaset - Orta",
  "cassette.short": "Kaset - Kısa",
  "fun.casetterecorder": "Kasetçalar",
  "discoball": "Disko Topu",
  "discofloor": "Disko Pisti",
  "discofloor.largetiles": "Disko Pisti",
  "connected.speaker": "Bağlantılı Hoperlör",
  "laserlight": "Lazer Işık",
  "megaphone": "Megafon",
  "microphonestand": "Mikrofon Standı",
  "mobilephone": "Cep Telefonu",
  "soundlight": "Ses Işığı",
  "telephone": "Telefon",
  "weapon.mod.8x.scope": "16x Dürbün",
  "weapon.mod.burstmodule": "Üçlü Atış Modu",
  "weapon.mod.extendedmags": "Uzatılmış Şarjör",
  "weapon.mod.flashlight": "Silah Feneri",
  "weapon.mod.holosight": "Holografik Görüş",
  "weapon.mod.lasersight": "Silah Lazeri",
  "weapon.mod.muzzleboost": "Namlu Kuvvetlendirici",
  "weapon.mod.muzzlebrake": "Namlu Ağız Baskısı",
  "weapon.mod.simplesight": "El Yapımı Basit Nişangâh",
  "weapon.mod.silencer": "Susturucu",
  "weapon.mod.small.scope": "8x Dürbün",
  "rifle.ak": "Taaruz Tüfeği",
  "rifle.ak.diver": "Uçurum Saldırı Tüfeği",
  "rifle.ak.ice": "Saldırı Tüfeği - ICE",
  "bandage": "Bandaj",
  "grenade.beancan": "Konserve Bombası",
  "rifle.bolt": "Kurmalı Tüfek",
  "bone.club": "Kemik Sopası",
  "knife.bone": "Kemik Bıçak",
  "bow.hunting": "Avlanma Yayı",
  "cakefiveyear": "Doğum Günü Pastası",
  "chainsaw": "Motorlu Testere",
  "salvaged.cleaver": "Kurtarılmış Satır",
  "bow.compound": "Bileşik Yay",
  "crossbow": "Arbalet",
  "diverhatchet": "Uçurum Metal Baltası",
  "diverpickaxe": "Uçurum Metal Kazması",
  "divertorch": "Uçurum Feneri",
  "shotgun.double": "Çift Namlulu Pompalı Tüfek",
  "pistol.eoka": "El Yapımı Tabanca",
  "grenade.f1": "F1 El Bombası",
  "flamethrower": "Alev Makinesi",
  "grenade.flashbang": "Flaş Bombası",
  "pistol.prototype17": "Prototip 17",
  "multiplegrenadelauncher": "Çoklu Bomba Atar",
  "mace.baseballbat": "Beyzbol Sopası",
  "knife.butcher": "Kasap Bıcağı",
  "pitchfork": "Tırpan",
  "sickle": "Orak",
  "torch.torch.skull": "Tarikatçı Geyik Meşalesi",
  "skull": "Kafatası",
  "vampire.stake": "Vampir Kazığı",
  "hammer": "Çekiç",
  "hatchet": "Balta",
  "hmlmg": "HMLMG",
  "homingmissile.launcher": "Güdümlü Roketatar",
  "knife.combat": "Saldırı Bıçağı",
  "rifle.l96": "L96 Tüfek",
  "rifle.lr300": "LR-300 Taaruz Tüfeği",
  "lmg.m249": "M249",
  "rifle.m39": "M39 Tüfek",
  "pistol.m92": "M92 Tabanca",
  "mace": "Topuz",
  "machete": "Pala",
  "grenade.molotov": "Molotof Kokteyli",
  "smg.mp5": "MP5A4",
  "pistol.nailgun": "Çivi tabancası",
  "paddle": "Kürek",
  "pickaxe": "Kazma",
  "shotgun.waterpipe": "Su Borusu Pompalı Tüfek",
  "pistol.python": "Piton Altıpatlar",
  "pistol.revolver": "Altıpatlar",
  "rock": "Kaya",
  "rocket.launcher": "Roketatar",
  "axe.salvaged": "Kurtarılmış Balta",
  "hammer.salvaged": "Balyoz",
  "icepick.salvaged": "Kurtarılmış Buz Kazması",
  "explosive.satchel": "Kese Bombası",
  "shotgun.pump": "Pompalı Av Tüfeği",
  "pistol.semiauto": "Yarı Otomatik Tabanca",
  "rifle.semiauto": "Yarı Otomatik Tüfek",
  "smg.2": "Özelleştirilmiş Hafif Makineli",
  "shotgun.spas12": "Spas-12 Av Tüfeği",
  "speargun": "Zıpkın",
  "stonehatchet": "Taş Balta",
  "stone.pickaxe": "Taş Kazma",
  "spear.stone": "Taş Mızrak",
  "longsword": "Uzun kılıç",
  "salvaged.sword": "Kurtarılmış Kılıç",
  "smg.thompson": "Thompson",
  "toolgun": "Garry's Mod Alet Silahı",
  "torch": "Meşale",
  "bucket.water": "Su Kovası",
  "spear.wooden": "Ahşap Mızrak",
  "horse.armor.roadsign": "Yol Levhası At Zırhı",
  "horse.armor.wood": "Ahşap At Zırhı",
  "horse.saddle.double": "Çift Kişilik At Eğeri",
  "horse.saddle": "At Eyeri",
  "horse.saddle.single": "Tek Kişilik At Eğeri",
  "horse.saddlebag": "Eyer torbası",
  "horse.shoes.advanced": "Yüksek Kalite At Nalı",
  "horse.shoes.basic": "Basit At Nalı"
}