{
  "hat.wolf": "Ulve hovedbeklædning",
  "fogmachine": "Tågemaskinen-3000",
  "strobelight": "Strobe lys",
  "kayak": "Kajak",
  "minihelicopter.repair": "MC-reparation",
  "scraptransportheli.repair": "SkrotTransportHeliReparation\n",
  "workcart": "Arbejdsvogn",
  "ammo.grenadelauncher.buckshot": "40mm Shotgun skud",
  "ammo.grenadelauncher.he": "40mm HE granat",
  "ammo.grenadelauncher.smoke": "40mm røg granat",
  "arrow.hv": "Højhastighedspil",
  "arrow.wooden": "Træ Pil",
  "arrow.bone": "Knoglepil",
  "arrow.fire": "Ildpil",
  "ammo.handmade.shell": "Håndlavet Patron",
  "ammo.nailgun.nails": "Sømpistol søm",
  "ammo.pistol": "Pistol Kugle",
  "ammo.pistol.fire": "Pistol brandammunition",
  "ammo.pistol.hv": "HH Pistol Ammunition",
  "ammo.rifle": "5.56 riffel Ammunition",
  "ammo.rifle.explosive": "Eksplosiv 5.56 riffel ammunition",
  "ammo.rifle.incendiary": "5.56 Riffel Brandammunition",
  "ammo.rifle.hv": "HV 5.56 Riffel Ammunition",
  "ammo.rocket.basic": "Raket",
  "ammo.rocket.fire": "Brand Raket",
  "ammo.rocket.hv": "Højhastighedsraket",
  "ammo.rocket.smoke": "Røg Raket WIP!!!!",
  "ammo.shotgun": "12 kaliber dyrehagl",
  "ammo.shotgun.fire": "12 Gauge Incendiary Shell",
  "ammo.shotgun.slug": "Kaliber 12 Haglpatron",
  "door.double.hinged.metal": "Metalplade dobbelt dør",
  "door.double.hinged.toptier": "Pansret Dobbelt Dør",
  "door.double.hinged.wood": "Træ dobbelt dør",
  "door.hinged.metal": "Sheet Metal Dør",
  "door.hinged.toptier": "Pansret Dør",
  "door.hinged.wood": "Træ Dør",
  "floor.grill": "Gulv grill",
  "floor.ladder.hatch": "Luge",
  "floor.triangle.grill": "Gulv trekant grill",
  "floor.triangle.ladder.hatch": "Trekant Stigning lem",
  "gates.external.high.stone": "Høj Ekstern Sten Port",
  "gates.external.high.wood": "Høj Ekstern Træ Port",
  "ladder.wooden.wall": "Træ Stige",
  "wall.external.high.stone": "Høj udvendig stenvæg",
  "wall.external.high": "Høj udvendig trævæg",
  "wall.frame.cell.gate": "Fængselscelle port",
  "wall.frame.cell": "Fængselscelle væg",
  "wall.frame.fence.gate": "Metal hegn port",
  "wall.frame.fence": "Metal hegn",
  "wall.frame.garagedoor": "Garageport",
  "wall.frame.netting": "Netmateriale",
  "wall.frame.shopfront": "Butiksfacade",
  "wall.frame.shopfront.metal": "Metal Butik Forside",
  "wall.window.bars.metal": "Metal vindue barer",
  "wall.window.bars.toptier": "Forstærket glasvindue",
  "wall.window.bars.wood": "Træ vindue barer",
  "shutter.metal.embrasure.a": "Vandret metalskydeskår",
  "shutter.metal.embrasure.b": "Lodret metallisk, lysning",
  "wall.window.glass.reinforced": "Styrket glasvindue",
  "shutter.wood.a": "Træskodder",
  "watchtower.wood": "Vagttårn",
  "diving.fins": "Dykkefinner",
  "diving.mask": "Dykkermaske",
  "diving.tank": "Ilt tank",
  "diving.wetsuit": "Våddragt",
  "boots.frog": "Frø støvler",
  "barrelcostume": "Et tønde kostume",
  "cratecostume": "Boks kostume",
  "hat.gas.mask": "Gasmaske",
  "burlap.gloves.new": "Jute handsker",
  "burlap.gloves": "Læderhandsker",
  "roadsign.gloves": "Vejskilthandsker",
  "tactical.gloves": "Taktiske handsker",
  "ghostsheet": "Spøgelseskostume",
  "halloween.mummysuit": "Mumiedragt",
  "scarecrow.suit": "Fugleskræmseldragt",
  "scarecrowhead": "Fugleskræmselindpakning",
  "attire.hide.helterneck": "Skind-nakketop",
  "hat.beenie": "Hue",
  "hat.boonie": "Bøllehat",
  "bucket.helmet": "Spandhjelm",
  "burlap.headwrap": "Sækkelærred Hætte",
  "hat.candle": "En stearinlys Hat",
  "hat.cap": "Baseball Kasket",
  "clatter.helmet": "Clatter Hjelm",
  "coffeecan.helmet": "Kaffe Dåse Hjelm",
  "deer.skull.mask": "Knogle hjelm",
  "heavy.plate.helmet": "Tyk pladehjelm",
  "hat.miner": "Minearbejders hat",
  "partyhat": "Festhat",
  "riot.helmet": "Optøjshjelm",
  "wood.armor.helmet": "Træ Rustning Hjelm",
  "hoodie": "Hættetrøje",
  "bone.armor.suit": "Knoglerustning",
  "heavy.plate.jacket": "Tyk pladejakke",
  "jacket.snow": "Snejakke",
  "jacket": "Jakke",
  "wood.armor.jacket": "Træ Brystplade",
  "mask.balaclava": "Improviseret elefant hue",
  "mask.bandana": "Bandana maske",
  "metal.facemask": "Metal Ansigtsmaske",
  "nightvisiongoggles": "Nattesyns-briller",
  "burlap.trousers": "Sækkelærred Bukser",
  "heavy.plate.pants": "Tykke pladebukser",
  "attire.hide.pants": "Skindbukser",
  "roadsign.kilt": "Vejskiltskilt",
  "pants.shorts": "Shorts",
  "wood.armor.pants": "Træ Udrustnings Bukser",
  "pants": "Bukser",
  "attire.hide.poncho": "Skindponcho",
  "burlap.shirt": "Sækkelærredstrøje",
  "shirt.collared": "Trøje",
  "attire.hide.vest": "Skindvest",
  "shirt.tanktop": "Tanktop",
  "shoes.boots": "Støvler",
  "burlap.shoes": "Sækkelærred Sko",
  "attire.hide.boots": "Skindstøvler",
  "attire.hide.skirt": "Skind-nederdel",
  "attire.banditguard": "Bandit Vagt Gear\n",
  "hazmatsuit": "Radioaktivitets-beskyttelsesdragt",
  "hazmatsuit_scientist": "Videnskabsmand dragt",
  "hazmatsuit_scientist_peacekeeper": "Videnskabsmand dragt",
  "hazmatsuit.spacesuit": "Rumdragt",
  "scientistsuit_heavy": "Tung videnskabsdragt",
  "jumpsuit.suit": "Jumpsuit",
  "tshirt.long": "Langærmet T-Shirt",
  "tshirt": "T-Shirt",
  "metal.plate.torso": "Metal Bryst plade",
  "roadsign.jacket": "Vejskiltsjakke",
  "bleach": "Blegemiddel",
  "ducttape": "Gaffatape",
  "carburetor1": "Karburetor af lav kvalitet",
  "carburetor2": "Karburator i mellem kvalitet",
  "carburetor3": "Karburator af høj kvalitet",
  "crankshaft1": "Krumtapaksel Af Lav Kvalitet",
  "crankshaft2": "Medium Kvalitet Krumtapaksel",
  "crankshaft3": "Høj Kvalitet Krumtapaksel",
  "piston1": "Lavkvalitetsstempler",
  "piston2": "Middelkvalitetsstempler",
  "piston3": "Højkvalitetsstempler",
  "sparkplug1": "Tændrør af lav kvalitet",
  "sparkplug2": "Tændrør af medium kvalitet",
  "sparkplug3": "Tændrør af høj kvalitet",
  "valve1": "Lav kvalitets ventiler",
  "valve2": "Middel kvalitets ventiler",
  "valve3": "Høj kvalitets ventiler",
  "fuse": "Elektrisk sikring",
  "gears": "Tandhjul",
  "glue": "Lim",
  "metalblade": "Metal Blad",
  "metalpipe": "Metal rør",
  "propanetank": "Tom gas Tank",
  "roadsigns": "Vejskilte",
  "rope": "Reb",
  "sewingkit": "Sysæt",
  "sheetmetal": "Metalplader",
  "metalspring": "Metal fjeder",
  "sticks": "Kviste",
  "tarp": "Presenning",
  "techparts": "Elektronik skrald",
  "riflebody": "Rifle Krop",
  "semibody": "Semi Automatisk Krop",
  "smgbody": "SMG Krop",
  "barricade.concrete": "Betonbarrikade",
  "barricade.wood.cover": "Træ Barrikade",
  "barricade.metal": "Metal Barrikade",
  "barricade.sandbags": "Sandsæksbarrikade",
  "barricade.stone": "Stenbarrikade",
  "barricade.wood": "Træ Barrikade",
  "barricade.woodwire": "Træbarrikade med pigtråd",
  "bbq": "Grill",
  "trap.bear": "Bjørnesaks",
  "bed": "Seng",
  "campfire": "Lejrbål",
  "cardtable": "Find Bord",
  "ceilinglight": "Loftlys",
  "chair": "Stol",
  "composter": "composter",
  "computerstation": "Computer Station",
  "drone": "Drone",
  "dropbox": "Dropbox",
  "elevator": "Elevator",
  "fireplace.stone": "Stenildsted",
  "firework.boomer.blue": "Blå boomer",
  "firework.boomer.champagne": "Champagne Boomer",
  "firework.boomer.green": "Grøn boomer",
  "firework.boomer.orange": "Orange Boomer",
  "firework.boomer.red": "Rød Boomer",
  "firework.boomer.violet": "Violet Boomer",
  "firework.romancandle.blue": "Blå romersk lys",
  "firework.romancandle.green": "Grønt romersk lys",
  "firework.romancandle.red": "Rødt romersk lys",
  "firework.romancandle.violet": "Violet romersk stearinlys",
  "firework.volcano": "Hvid vulkan fyrværkeri",
  "firework.volcano.red": "Rødt vulkan fyrværkeri",
  "firework.volcano.violet": "Violet vulkan fyrværkeri",
  "spikes.floor": "Træ Gulvpigge",
  "fridge": "Køleskab",
  "furnace.large": "Stor Smelteovn",
  "furnace": "Smelteovn",
  "hitchtroughcombo": "Fodrestand",
  "habrepair": "Hab Reparation",
  "jackolantern.angry": "Græskarlygte vred",
  "jackolantern.happy": "Jack O Lantern Glad",
  "trap.landmine": "Landmine",
  "lantern": "Lanterne",
  "box.wooden.large": "Stor trækiste",
  "water.barrel": "Vandtønde",
  "locker": "Skab",
  "mailbox": "Postkasse",
  "mixingtable": "Blandingsbord",
  "modularcarlift": "Modulær bilelift",
  "mining.pumpjack": "Oliepumpe",
  "small.oil.refinery": "Lille olieraffineri",
  "planter.large": "Stor Planter Box",
  "planter.small": "Lille Planter Box",
  "electric.audioalarm": "Lydalarm",
  "smart.alarm": "Smartalarm",
  "smart.switch": "Smartkontakt",
  "storage.monitor": "Lager Overvågning",
  "electric.battery.rechargable.large": "Large Rechargeable Battery",
  "electric.battery.rechargable.medium": "Medium genopladeligt batteri",
  "electric.battery.rechargable.small": "Stort genopladeligt batteri",
  "electric.button": "Knap",
  "electric.counter": "Tæller",
  "electric.hbhfsensor": "HBHF Sensor",
  "electric.laserdetector": "Laser detektor",
  "electric.pressurepad": "Trykplade",
  "electric.doorcontroller": "Dørcontroller",
  "electric.heater": "Elektrisk Opvarmer",
  "fluid.combiner": "Væskekombinator",
  "fluid.splitter": "Væske deler",
  "fluid.switch": "Væskekontakt og pumpe",
  "electric.andswitch": "OG Kontakt",
  "electric.blocker": "Blokerer",
  "electrical.branch": "Elektrisk gren",
  "electrical.combiner": "Rod-Kombinator",
  "electrical.memorycell": "Hukommelsescelle",
  "electric.orswitch": "OR kontakt",
  "electric.random.switch": "RAND Kontakt",
  "electric.rf.broadcaster": "RF Udsender",
  "electric.rf.receiver": "RF-modtager",
  "electric.xorswitch": "XOR kontakt",
  "electric.fuelgenerator.small": "Lille generator",
  "electric.generator.small": "Testgenerator",
  "electric.solarpanel.large": "Stort solcellepanel",
  "electric.igniter": "tændsats",
  "electric.flasherlight": "Flasher Lys",
  "electric.simplelight": "Enkelt lys",
  "electric.sirenlight": "Sirene Lys",
  "powered.water.purifier": "Strømlinet Vandrenser",
  "electric.switch": "Skift",
  "electric.splitter": "Splitter",
  "electric.sprinkler": "Sprinkler",
  "electric.teslacoil": "En Tesla-spole",
  "electric.timer": "Timer",
  "electric.cabletunnel": "Kabel tunnel",
  "waterpump": "Vandpumpe",
  "mining.quarry": "Stenbrud",
  "target.reactive": "Interaktiv skydeskive",
  "box.repair.bench": "Reparationsbænk",
  "research.table": "Et forskningsbord",
  "rug.bear": "Bjørneskind",
  "rug": "Tæppe",
  "searchlight": "Søgelys",
  "secretlabchair": "Hemmelig laboratorie stol",
  "shelves": "Opbevaringshylder",
  "sign.hanging.banner.large": "Stort banner hængende",
  "sign.hanging": "To-sidet Hængende Skilt",
  "sign.hanging.ornate": "Tosidet Udsmykket Hængende Skilt",
  "sign.pictureframe.landscape": "Landskabs billedramme",
  "sign.pictureframe.portrait": "Portrætramme",
  "sign.pictureframe.tall": "Høj billedramme",
  "sign.pictureframe.xl": "XL Billeds ramme",
  "sign.pictureframe.xxl": "XXL billedramme",
  "sign.pole.banner.large": "Stort banner på en stolpe",
  "sign.post.double": "Dobbelt skilt",
  "sign.post.single": "Enkelt skilt",
  "sign.post.town": "Et siddet byskilt",
  "sign.post.town.roof": "To siddet byskilt",
  "sign.wooden.huge": "Kæmpe Træskilt",
  "sign.wooden.large": "Stort Træskilt",
  "sign.wooden.medium": "Medium træskilt",
  "sign.wooden.small": "Lille Træskilt",
  "guntrap": "Shotgunfælde",
  "sleepingbag": "Sovepose",
  "stash.small": "Lille skjulested",
  "sofa": "Sofa",
  "spinner.wheel": "Snurrende hjul",
  "fishtrap.small": "Overlevelsesfiskefælde",
  "table": "Bord",
  "workbench1": "Arbejdsbord niveau 1",
  "workbench2": "Arbejdsbord niveau 2",
  "workbench3": "Arbejdsbord niveau 3",
  "cupboard.tool": "Værktøjsskab",
  "tunalight": "Tun dåse lampe",
  "vending.machine": "Automat",
  "water.catcher.large": "Stor Vandopsamler",
  "water.catcher.small": "Lille Vandopsamler",
  "water.purifier": "Vand Destilator",
  "generator.wind.scrap": "Vindturbine",
  "box.wooden": "Trækiste",
  "apple": "Æble",
  "apple.spoiled": "Råddent æble",
  "black.raspberries": "Sorte hindbær",
  "blueberries": "Blåbær",
  "botabag": "Vinsæk",
  "cactusflesh": "Kaktus kød",
  "can.beans": "En dåse med bønner",
  "can.tuna": "Dåse Tun",
  "chocholate": "Chokolade Bar",
  "fish.cooked": "Kogt Fisk",
  "fish.raw": "Rå fisk",
  "fish.minnows": "Småfisk",
  "fish.troutsmall": "Lille Ørred",
  "granolabar": "Müslibar",
  "chicken.burned": "Brændt Kylling",
  "chicken.cooked": "Stegt Kylling",
  "chicken.raw": "Råt Kyllingebryst",
  "chicken.spoiled": "Fordærvet Kylling",
  "deermeat.burned": "Brændt Hjortekød",
  "deermeat.cooked": "Tilberedt hjortekød",
  "deermeat.raw": "Råt hjortekød",
  "horsemeat.burned": "Brændt Menneskekød",
  "horsemeat.cooked": "Kogt hestekød",
  "horsemeat.raw": "Råt hestekød",
  "humanmeat.burned": "Brændt Menneskekød",
  "humanmeat.cooked": "Stegt menneskekød",
  "humanmeat.raw": "Rådt menneskekød",
  "humanmeat.spoiled": "Fordærvet menneskekød",
  "bearmeat.burned": "Brændt bjørnekød",
  "bearmeat.cooked": "Tilberedt bjørnekød",
  "bearmeat": "Råt bjørnekød",
  "wolfmeat.burned": "Brændt Ulve Kød",
  "wolfmeat.cooked": "Tilberedt Ulvekød",
  "wolfmeat.raw": "Råt Ulve Kød",
  "wolfmeat.spoiled": "Fordærvet Ulvekød",
  "meat.pork.burned": "Brændt Svinekød",
  "meat.pork.cooked": "Stegt svinekød",
  "meat.boar": "Rå svinekød",
  "mushroom": "Svamp",
  "jar.pickle": "Syltede agurker",
  "smallwaterbottle": "Lille Vandflaske",
  "waterjug": "Vandkande",
  "fun.bass": "Skovlbas",
  "fun.cowbell": "Koklokke",
  "drumkit": "Skraldeplads trommesæt",
  "fun.flute": "Panfløjte",
  "fun.guitar": "Akustisk Guitar",
  "fun.jerrycanguitar": "Benzin guitar",
  "piano": "Trillebørs Klaver",
  "fun.tambourine": "Tambourin",
  "fun.trumpet": "Blikkenslagers Trompet",
  "fun.tuba": "Tuba",
  "xylophone": "Xyloknogle",
  "car.key": "Bilnøgle",
  "door.key": "Dørnøgle",
  "lock.key": "Nøglelås",
  "lock.code": "Kodelås",
  "blueprintbase": "Arbejdstegning",
  "chineselantern": "Kinesisk lanterne",
  "dragondoorknocker": "Drage Dørhammer",
  "hat.dragonmask": "Drage Maske",
  "newyeargong": "Nytår Gong",
  "hat.oxmask": "Oksemaske",
  "hat.ratmask": "Rotte maske",
  "lunar.firecrackers": "Firecracker String",
  "arcade.machine.chippy": "Chippy Arcade Game",
  "door.closer": "Dør lukker",
  "attire.bunnyears": "Kaninører",
  "attire.bunny.onesie": "Kaninbuksedragt",
  "hat.bunnyhat": "Bunny Hat",
  "easterdoorwreath": "Påske Dørkrans",
  "easterbasket": "Ægge Kurv",
  "rustige_egg_a": "Rustig? Æg - rød",
  "rustige_egg_b": "Rustig? Æg - blå",
  "rustige_egg_c": "Rustikt æg - Lilla",
  "rustige_egg_d": "Rustikt æg - Elfenben",
  "rustige_egg_e": "Rustig? Egg - Green",
  "attire.nesthat": "Redehat ",
  "easter.bronzeegg": "Bronze Æg",
  "easter.goldegg": "Guld Æg",
  "easter.paintedeggs": "Farvet Ægg",
  "easter.silveregg": "Søv æg",
  "halloween.candy": "Halloween slik",
  "largecandles": "Stort lys sæt",
  "smallcandles": "Lille lyssæt",
  "coffin.storage": "Kiste",
  "cursedcauldron": "Forbandet kedel",
  "gravestone": "Gravsten",
  "woodcross": "Trækors",
  "wall.graveyard.fence": "Kirkegårdshegn",
  "halloween.lootbag.large": "Stor Loot taske",
  "halloween.lootbag.medium": "Medium Loot taske",
  "halloween.lootbag.small": "Lille Loot taske",
  "pumpkinbasket": "Græskar spand",
  "scarecrow": "Fugleskræmsel",
  "skullspikes.candles": "Kranie Spyd",
  "skullspikes.pumpkin": "Kranie Spyd",
  "skullspikes": "Kranie Spyd",
  "skulldoorknocker": "Skull Door Knocker",
  "skull_fire_pit": "Skull Fire Pit",
  "spiderweb": "Edderkoppespind",
  "spookyspeaker": "Uhyggelig højttaler",
  "halloween.surgeonsuit": "Kirurg Skrubber",
  "skull.trophy.jar": "Kranietrofæ",
  "skull.trophy.jar2": "Kranietrofæ",
  "skull.trophy.table": "Kranietrofæ",
  "skull.trophy": "Kranietrofæ",
  "movembermoustachecard": "Kort Movember Overskæg",
  "movembermoustache": "Movember Overskæg",
  "note": "En Note",
  "skull.human": "Menneskekranium",
  "abovegroundpool": "En pool til brug over jorden.",
  "beachchair": "Strandstol",
  "beachparasol": "Strandparasol",
  "beachtable": "Strandbord",
  "beachtowel": "Strandhåndklæde",
  "boogieboard": "Boogie Board",
  "innertube": "Indre rør",
  "innertube.horse": "Indre rør",
  "innertube.unicorn": "Indre rør",
  "tool.instant_camera": "Øjeblikkelig kamera",
  "paddlingpool": "Soppebassin",
  "photo": "Fotografi",
  "photoframe.landscape": "Landskabs billedramme",
  "photoframe.large": "Stor fotoramme",
  "photoframe.portrait": "Portræt Fotoramme",
  "sunglasses02black": "Solbriller",
  "sunglasses02camo": "Solbriller",
  "sunglasses02red": "Solbriller",
  "sunglasses03black": "Solbriller",
  "sunglasses03chrome": "Solbriller",
  "sunglasses03gold": "Solbriller",
  "sunglasses": "Solbriller",
  "gun.water": "Vandpistol",
  "pistol.water": "Vandpistol",
  "twitchsunglasses": "Lilla Solbriller",
  "twitch.headset": "Høretelefoner",
  "hobobarrel": "Hjemløs Tønde",
  "door.hinged.industrial.a": "Industriel Dør",
  "candycaneclub": "Candy Cane Club",
  "xmas.lightstring": "Julelys",
  "xmas.door.garland": "Festlig døråbnings-guirlande",
  "candycane": "Candy Cane",
  "giantcandycanedecor": "Kæmpe Slip Dekoration",
  "wall.ice.wall": "Lav Isvæg",
  "wall.external.high.ice": "Høj Isvæg",
  "giantlollipops": "Kæmpe slikkepinds dekoration",
  "sign.neon.125x125": "Lille neonskilt",
  "sign.neon.125x215.animated": "Medium animeret neonskilt",
  "sign.neon.125x215": "Medium neonskilt",
  "sign.neon.xl.animated": "Stort animeret neonskilt",
  "sign.neon.xl": "Stort neonskilt",
  "pookie.bear": "Teddybjørn",
  "xmas.lightstring.advanced": "Luksuriøse julelys",
  "coal": "Kul :(",
  "xmas.present.large": "Stor gave",
  "xmas.present.medium": "Mellem stor gave",
  "xmas.present.small": "Lille gave",
  "sled.xmas": "Kælk",
  "sled": "Kælk",
  "snowmachine": "Sne maskine",
  "snowball": "Snebold",
  "snowballgun": "Snebold Kaster",
  "snowman": "Snemand",
  "stocking.large": "SUPER Julesok",
  "stocking.small": "Lille Julestok",
  "attire.reindeer.headband": "Rensdyrgevirer",
  "santabeard": "Julemandsskæg",
  "santahat": "Nissehue",
  "xmas.window.garland": "Festlig vindues-guirlande",
  "wrappedgift": "Indpakket gave",
  "wrappingpaper": "Indpakningspapir",
  "xmasdoorwreath": "Juledørkrans",
  "xmas.decoration.baubels": "Dekorative kugler",
  "xmas.decoration.candycanes": "Dekorative plastik slikstokke",
  "xmas.decoration.gingerbreadmen": "Dekorative julekage-mænd",
  "xmas.decoration.lights": "Trælys",
  "xmas.decoration.pinecone": "Dekorative fyrrekogler",
  "xmas.decoration.star": "Star Tree Topper",
  "xmas.decoration.tinsel": "Dekorativ glitter",
  "xmas.tree": "Juletræ",
  "autoturret": "Automatisk skydetårn",
  "flameturret": "Flamme tårn",
  "gloweyes": "Glødende øjne",
  "ammo.rocket.sam": "SAM ammunition",
  "samsite": "SAM-sted",
  "black.berry": "Sort Bær",
  "clone.black.berry": "et blåbær",
  "seed.black.berry": "Sorte Bær Frø",
  "blue.berry": "blåbær",
  "clone.blue.berry": "Blå Bær Klon",
  "seed.blue.berry": "Blå Bær Frø",
  "green.berry": "Grøn Bær",
  "clone.green.berry": "Grønt bær  Klon",
  "seed.green.berry": "Grønne Bær Frø",
  "red.berry": "Rødt bær",
  "clone.red.berry": "Rød Bær Klon",
  "seed.red.berry": "Røde Bær Frø",
  "white.berry": "Hvidt bær",
  "clone.white.berry": "Hvid bær  klon",
  "seed.white.berry": "Hvidt bærfrø",
  "yellow.berry": "Gult bær",
  "clone.yellow.berry": "Gul Bær Klon",
  "seed.yellow.berry": "Gul Bladebusk Frø",
  "corn": "Majs",
  "clone.corn": "Majs klon",
  "seed.corn": "Majsfrø",
  "clone.hemp": "Hamp klon",
  "seed.hemp": "Hampfrø",
  "potato": "Kartoffel",
  "clone.potato": "Kartoffelklon",
  "seed.potato": "Kartoffel Frø",
  "pumpkin": "Græskar",
  "clone.pumpkin": "Græskærplante klon",
  "seed.pumpkin": "Græskar frø",
  "fat.animal": "Dyre Fedt",
  "battery.small": "Batteri - Lille",
  "blood": "Blod",
  "bone.fragments": "Knoglefragmenter",
  "cctv.camera": "CCTV kamera",
  "charcoal": "Trækul",
  "cloth": "Stof",
  "crude.oil": "Rå olie",
  "diesel_barrel": "Diesel Olie",
  "can.beans.empty": "Tom Dåse Bønner",
  "can.tuna.empty": "Tom Dåse Tun",
  "explosives": "Sprængstof",
  "fertilizer": "Gødning",
  "gunpowder": "Krudt",
  "horsedung": "Hestepære",
  "hq.metal.ore": "Høj Kvalitet Metal malm",
  "metal.refined": "Høj Kvalitets Metal",
  "leather": "Læder",
  "lowgradefuel": "Lavt Kvalitets brændstof",
  "metal.fragments": "Metal Fragmenter",
  "metal.ore": "Metal Malm",
  "paper": "Papir",
  "plantfiber": "Plantefiber",
  "researchpaper": "Forskningsartikel",
  "water.salt": "Saltvand",
  "scrap": "Skrot",
  "stones": "Sten",
  "sulfur.ore": "Svovlmalm",
  "sulfur": "Svovl",
  "targeting.computer": "Målretnings Computer",
  "water": "Vand",
  "skull.wolf": "Ulve kranium",
  "wood": "Træ",
  "healingtea.advanced": "Avanceret Helbredelses Te",
  "healingtea": "Grundlæggende Helbredelses Te",
  "healingtea.pure": "Ren Helbredelses Te",
  "maxhealthtea.advanced": "Advanceret Maximum Livste",
  "maxhealthtea": "Normal Max Liv Te",
  "maxhealthtea.pure": "Ren maksimum liv te",
  "oretea.advanced": "Advanceret Malmte",
  "oretea": "Grundlæggende Malmte",
  "oretea.pure": "Ren Malmte",
  "radiationremovetea.advanced": "Avanceret rad. Fjernelse te",
  "radiationremovetea": "Rad. Fjernelse te",
  "radiationremovetea.pure": "Ren Rad. Fjernelse te",
  "radiationresisttea.advanced": "Adv. Anti-Rad te",
  "radiationresisttea": "Anti-Rad te",
  "radiationresisttea.pure": "Ren Anti-Rad Te",
  "scraptea.advanced": "Avanceret Skrot Te",
  "scraptea": "Basisk skrot te",
  "scraptea.pure": "Ren Skrot Te",
  "woodtea.advanced": "Avanceret Træ Te",
  "woodtea": "Simpel Træ Te",
  "woodtea.pure": "Ren Træ Te",
  "antiradpills": "Antistrålings piller",
  "tool.binoculars": "Kikkert",
  "explosive.timed": "Tidsindstillet sprængladning",
  "tool.camera": "Kamera",
  "rf.detonator": "RF-sender",
  "fishingrod.handmade": "Håndlavet fiskestang",
  "flare": "Nødblus",
  "flashlight.held": "Lommelygte",
  "geiger.counter": "Geiger Counter",
  "hosetool": "Slange værktøj",
  "jackhammer": "Trykluftsbor",
  "keycard_blue": "Blåt nøglekort",
  "keycard_green": "Grønt nøglekort",
  "keycard_red": "Rødt nøglekort",
  "largemedkit": "Stor Førstehjælpskasse",
  "map": "Papir kort",
  "syringe.medical": "Medicinsk Sprøjte",
  "rf_pager": "RF søger",
  "building.planner": "Plantegning",
  "grenade.smoke": "Røg granat",
  "supply.signal": "Forsyningssignal",
  "surveycharge": "C4",
  "wiretool": "Trådværktøj",
  "vehicle.chassis.2mod": "Lille chassis",
  "vehicle.chassis.3mod": "Medium chassis",
  "vehicle.chassis.4mod": "Stor chassis",
  "vehicle.chassis": "Køretøjs chassis",
  "vehicle.1mod.cockpit": "Cockpit køretøjsmodul",
  "vehicle.1mod.cockpit.armored": "Pansret cockpit",
  "vehicle.1mod.cockpit.with.engine": "Cockpit med indbygget motor",
  "vehicle.1mod.engine": "Motor",
  "vehicle.1mod.flatbed": "Flatbed til biler",
  "vehicle.1mod.passengers.armored": "Pansret passager",
  "vehicle.1mod.rear.seats": "Bagsæde",
  "vehicle.1mod.storage": "Opbevaringsmodul",
  "vehicle.1mod.taxi": "Taxa køretøjsmodul",
  "vehicle.2mod.flatbed": "Stor flatbed til biler",
  "vehicle.2mod.fuel.tank": "Brændstoftank",
  "vehicle.2mod.passengers": "Passagersæde",
  "vehicle.module": "Generisk køretøjsmodul",
  "telephone": "Telefon",
  "weapon.mod.8x.scope": "16x kikkert sigte",
  "weapon.mod.flashlight": "Våben lommelygte",
  "weapon.mod.holosight": "Holosight",
  "weapon.mod.lasersight": "Våben lasersigte",
  "weapon.mod.muzzleboost": "Mundingsstykke boost",
  "weapon.mod.muzzlebrake": "Mundingsstykke bremse",
  "weapon.mod.simplesight": "Simpelt Håndlavet Syn",
  "weapon.mod.silencer": "Lyddæmper",
  "weapon.mod.small.scope": "8x zoomomfang",
  "rifle.ak": "Stormgevær",
  "bandage": "Forbinding",
  "grenade.beancan": "Dåse Granat",
  "rifle.bolt": "Jagtriffel",
  "bone.club": "Knogle Kølle",
  "knife.bone": "Knogle Kniv",
  "bow.hunting": "Jagtbue",
  "cakefiveyear": "Fødselsdagskage",
  "chainsaw": "Motorsav",
  "salvaged.cleaver": "Bjærget kødøkse",
  "bow.compound": "Compound bue",
  "crossbow": "Armbrøst",
  "shotgun.double": "Dobbeltløbet Haglbøsse",
  "pistol.eoka": "Eoka pistol",
  "grenade.f1": "F1 Granat",
  "flamethrower": "Flammekaster",
  "multiplegrenadelauncher": "Multi Granat Raket",
  "knife.butcher": "Slagterkniv",
  "pitchfork": "Høtyv",
  "sickle": "Segl",
  "hammer": "Hammer",
  "hatchet": "Økse",
  "knife.combat": "Bekæmpelseskniv",
  "rifle.l96": "L96 riffel",
  "rifle.lr300": "LR-300 Stormgevær",
  "lmg.m249": "M249",
  "rifle.m39": "M39 riffel",
  "pistol.m92": "M92 Pistol",
  "mace": "Kølle",
  "machete": "Machete",
  "smg.mp5": "MP5A4",
  "pistol.nailgun": "Sømpistol",
  "paddle": "padler",
  "pickaxe": "Hakke",
  "shotgun.waterpipe": "Vandrørs haglgevær",
  "pistol.python": "Python revolver",
  "pistol.revolver": "Revovler",
  "rock": "Sten",
  "rocket.launcher": "Raketstyr",
  "axe.salvaged": "Bjærget økse",
  "hammer.salvaged": "Bjærget hammer",
  "icepick.salvaged": "En bjærget issyl",
  "explosive.satchel": "Sprængladning",
  "shotgun.pump": "Haglgevær",
  "pistol.semiauto": "Semi-automatisk Pistol",
  "rifle.semiauto": "Halvautomatisk riffel",
  "smg.2": "Tilpasset Maskinpistol",
  "shotgun.spas12": "Spas-12 Shotgun",
  "stonehatchet": "Stenhakke",
  "stone.pickaxe": "Sten Hakke",
  "spear.stone": "Sten Spyd",
  "longsword": "Et Langsværd",
  "salvaged.sword": "Bjærget sværd",
  "smg.thompson": "Thompson",
  "toolgun": "Garrys Mod værktøjspistol",
  "torch": "Fakkel",
  "bucket.water": "Vandspand",
  "spear.wooden": "Træ Spyd",
  "horse.armor.roadsign": "Vejskilte Heste Udrusting",
  "horse.armor.wood": "Træudrusting til hæste",
  "horse.saddle": "Hestesadel",
  "horse.saddlebag": "Sadel taske",
  "horse.shoes.advanced": "Hestesko i høj kvalitet",
  "horse.shoes.basic": "Basale hestesko"
}