{
  "hat.wolf": "Caputxa de Llop",
  "fogmachine": "Boira-3000",
  "strobelight": "Strobe Light",
  "kayak": "Kayak",
  "minihelicopter.repair": "MC repair",
  "scraptransportheli.repair": "ScrapTransportHeliRepair",
  "ammo.grenadelauncher.buckshot": "Cartutx d'escopeta de 40mm",
  "ammo.grenadelauncher.he": "Granada explosiva de 40mm",
  "ammo.grenadelauncher.smoke": "Granada de fum de 40mm",
  "arrow.hv": "Fletxa d'alta velocitat",
  "arrow.wooden": "Fletxa de fusta",
  "arrow.bone": "Fletxa d'òs",
  "arrow.fire": "Fletxa de foc",
  "ammo.handmade.shell": "Cartutx fet a mà",
  "ammo.nailgun.nails": "Claus",
  "ammo.pistol": "Bala de pistola",
  "ammo.pistol.fire": "Bales de pistola incendiàries",
  "ammo.pistol.hv": "Munició de pistola HV",
  "ammo.rifle": "Munició de rifle del 5.56",
  "ammo.rifle.explosive": "Munició per a rifle explosive de 5.56",
  "ammo.rifle.incendiary": "Municío incendaria de 5.56",
  "ammo.rifle.hv": "Munició de rifle HV 5.56",
  "ammo.rocket.basic": "Coet",
  "ammo.rocket.fire": "Coehet incendiari",
  "ammo.rocket.hv": "Coehet d'alta velocitat",
  "ammo.rocket.smoke": "Fum del coet (treball en procés!!!!)",
  "ammo.shotgun": "Cartutx del calibre 12",
  "ammo.shotgun.fire": "Cartutx incendiari de calibre 12",
  "ammo.shotgun.slug": "Bala del calibre 12",
  "door.double.hinged.metal": "Porta doble de xapa",
  "door.double.hinged.toptier": "Porta doble blindat",
  "door.double.hinged.wood": "Porta doble de fusta",
  "door.hinged.metal": "Porta de xapa",
  "door.hinged.toptier": "Porta blindada",
  "door.hinged.wood": "Porta de fusta",
  "floor.grill": "Sòl per a una trapa",
  "floor.ladder.hatch": "Trapa horitzontal",
  "floor.triangle.grill": "Graella triangular a terra",
  "floor.triangle.ladder.hatch": "Triangle Ladder Hatch",
  "gates.external.high.stone": "Porta externa i alta de pedra",
  "gates.external.high.wood": "Porta alta i externa de fusta",
  "ladder.wooden.wall": "Escala de fusta",
  "wall.external.high.stone": "Paret de pedra gran externa",
  "wall.external.high": "Paret de fusta gran externa",
  "wall.frame.cell.gate": "Porta de cel·la de presó",
  "wall.frame.cell": "Paret de cel·la",
  "wall.frame.fence.gate": "Porta Tanca de filferro",
  "wall.frame.fence": "Tanca de filferro",
  "wall.frame.garagedoor": "Porta de garatge",
  "wall.frame.netting": "Xarxa",
  "wall.frame.shopfront": "Front de la botiga",
  "wall.frame.shopfront.metal": "Mostrador de botiga de metall",
  "wall.window.bars.metal": "Reixes de metall",
  "wall.window.bars.toptier": "Reixes reforçades",
  "wall.window.bars.wood": "Reixes de fusta",
  "shutter.metal.embrasure.a": "Tronera horitzontal de metall",
  "shutter.metal.embrasure.b": "Tronera vertical de metall",
  "wall.window.glass.reinforced": "Reinforced Glass Window",
  "shutter.wood.a": "Finestra de fusta",
  "watchtower.wood": "Watch Tower",
  "diving.fins": "Aletes de busseig",
  "diving.mask": "Mascara de busseigar",
  "diving.tank": "Dipòsit de submarinisme",
  "diving.wetsuit": "Vestit de malla",
  "boots.frog": "Botes de granota",
  "barrelcostume": "Una disfressa de barril",
  "cratecostume": "Disfressa de calaix",
  "burlap.gloves.new": "Sabates d'arpilleria",
  "burlap.gloves": "Guants de cuir",
  "roadsign.gloves": "Roadsign Gloves",
  "tactical.gloves": "Guants tàctics",
  "halloween.mummysuit": "Disfressa de mòmia",
  "scarecrow.suit": "Scarecrow Suit",
  "scarecrowhead": "Scarecrow Wrap",
  "attire.hide.helterneck": "Top de pell",
  "hat.beenie": "Barret de llana",
  "hat.boonie": "Barret de jungla",
  "bucket.helmet": "Casc-galleda",
  "burlap.headwrap": "Embolicalla per al cap de tela",
  "hat.candle": "Barret amb espelma",
  "hat.cap": "Barret de beisbol",
  "clatter.helmet": "Casc de Clatter",
  "coffeecan.helmet": "Casc de pot de cafè",
  "deer.skull.mask": "Casc d'os",
  "heavy.plate.helmet": "Casc de xapa gruixuda",
  "hat.miner": "Barret de Miner",
  "partyhat": "Barret de festa",
  "riot.helmet": "Casc antiavalots",
  "wood.armor.helmet": "Casc de fusta",
  "hoodie": "Dessuadora amb caputxa",
  "bone.armor.suit": "Armadura òssia",
  "heavy.plate.jacket": "Jaqueta de xapa gruixuda",
  "jacket.snow": "Jaqueta de neu",
  "jacket": "Jaqueta",
  "wood.armor.jacket": "Armilla de Fusta",
  "mask.balaclava": "Passamuntanyes improbitzat",
  "mask.bandana": "Mocador de màscara",
  "metal.facemask": "Màscara de metall",
  "nightvisiongoggles": "Night Vision Goggles",
  "burlap.trousers": "Pantalons d'arpilleria",
  "heavy.plate.pants": "Pantalons de xapa gruixuda",
  "attire.hide.pants": "Pantalons de pell",
  "roadsign.kilt": "Faldilla de senyals de trànsit",
  "pants.shorts": "Pantalons curts",
  "wood.armor.pants": "Pantalons amb armadura de fusta",
  "pants": "Pantalons",
  "attire.hide.poncho": "Ponxo de pell",
  "burlap.shirt": "Camiseta de tela",
  "shirt.collared": "Camisa",
  "attire.hide.vest": "Armilla de pell",
  "shirt.tanktop": "Samarreta sense mànigues",
  "shoes.boots": "Botes",
  "burlap.shoes": "Sabates de tela",
  "attire.hide.boots": "Botes de pell",
  "attire.hide.skirt": "Faldilla de pell",
  "attire.banditguard": "L'armament d'un guardia bandit",
  "hazmatsuit": "Vestit de materials perillosos",
  "hazmatsuit_scientist": "Vestit de científic",
  "hazmatsuit_scientist_peacekeeper": "Vestit de científic",
  "scientistsuit_heavy": "Heavy Scientist Suit",
  "tshirt.long": "Samarreta de màniga llarga",
  "tshirt": "Samarreta",
  "metal.plate.torso": "Cuirassa pectoral metàl·lica",
  "roadsign.jacket": "Jaqueta de senyals de trànsit",
  "bleach": "Lleixiu",
  "ducttape": "Cinta adhesiva",
  "carburetor1": "Low Quality Carburetor",
  "carburetor2": "Medium Quality Carburetor",
  "carburetor3": "Carburador d'alta qualitat",
  "crankshaft1": "Low Quality Crankshaft",
  "crankshaft2": "Medium Quality Crankshaft",
  "crankshaft3": "Cigonyal d'alta qualitat",
  "piston1": "Low Quality Pistons",
  "piston2": "Medium Quality Pistons",
  "piston3": "High Quality Pistons",
  "sparkplug1": "Low Quality Spark Plugs",
  "sparkplug2": "Medium Quality Spark Plugs",
  "sparkplug3": "High Quality Spark Plugs",
  "valve1": "Low Quality Valves",
  "valve2": "Medium Quality Valves",
  "valve3": "High Quality Valves",
  "fuse": "Fusible elèctric",
  "gears": "Engranatges",
  "glue": "Cola",
  "metalblade": "Fulla de metal",
  "metalpipe": "Tub metàl·lic",
  "propanetank": "Tanc de propà buit",
  "roadsigns": "Senyals de trànsit",
  "rope": "Corda",
  "sewingkit": "Kit de costura",
  "sheetmetal": "Tros de xapa",
  "metalspring": "Molla metàl·lica",
  "sticks": "Pals",
  "tarp": "Lona",
  "techparts": "Escombraries Tecnològiques",
  "riflebody": "Cos del rifle",
  "semibody": "Cos d'una semi-automàtica",
  "smgbody": "Cos d'una SMG",
  "barricade.concrete": "Barricada de formigó",
  "barricade.wood.cover": "Barricada de fusta",
  "barricade.metal": "Barricada metàl·lica",
  "barricade.sandbags": "Barricada amb sacs de sorra",
  "barricade.stone": "Barricada de pedra",
  "barricade.wood": "Barricada de fusta",
  "barricade.woodwire": "Barricada de fusta amb filferro punxant",
  "bbq": "Barbacoa",
  "trap.bear": "Trampa de pressió",
  "bed": "Llit",
  "campfire": "Foguera",
  "ceilinglight": "Llum de sostre",
  "chair": "Cadira",
  "composter": "Compostador",
  "computerstation": "Estació d'informàtica",
  "dropbox": "Elements compartits",
  "fireplace.stone": "Llar de foc de pedra",
  "firework.boomer.blue": "Ok boomer\n",
  "firework.boomer.champagne": "Champagne Boomer",
  "firework.boomer.green": "Boomer verd",
  "firework.boomer.orange": "Boomer taronja",
  "firework.boomer.red": "Boomer Vermell",
  "firework.boomer.violet": "Boomer violeta",
  "firework.romancandle.blue": "Espelma Romana Blava",
  "firework.romancandle.green": "Espelma romana verda",
  "firework.romancandle.red": "Espelma Romana Vermella",
  "firework.romancandle.violet": "Espelma Romana Violeta",
  "firework.volcano": "Volcà blanc de focs artificials",
  "firework.volcano.red": "Volcà vermell de focs artificials",
  "firework.volcano.violet": "Volcà violeta de focs artificials",
  "spikes.floor": "Terra de puntxes de fusta",
  "fridge": "Nevera",
  "furnace.large": "Forn Gran",
  "furnace": "Forn",
  "hitchtroughcombo": "Cavallerisa",
  "habrepair": "Hab Repair",
  "jackolantern.angry": "Lampara de carbassa enfadada",
  "jackolantern.happy": "Llinterna de carbassa alegre",
  "trap.landmine": "Mina terrestre",
  "lantern": "Llanterna",
  "box.wooden.large": "Caixa gran de fusta",
  "water.barrel": "Barril d'aigua",
  "locker": "Armari",
  "mailbox": "Correu",
  "mixingtable": "Mixing Table",
  "modularcarlift": "Modular Car Lift",
  "mining.pumpjack": "Bomba de petroli",
  "small.oil.refinery": "Refineria de petroli petita",
  "planter.large": "Test gran",
  "planter.small": "Test petit",
  "electric.audioalarm": "Alarma acústica",
  "smart.alarm": "Alarma intel·ligent",
  "smart.switch": "Interruptor intel·ligent",
  "storage.monitor": "Storage Monitor",
  "electric.battery.rechargable.large": "Una llarga bateria recarregable",
  "electric.battery.rechargable.medium": "Bateria Recarregable Mitjana",
  "electric.battery.rechargable.small": "Bateria Recarregable Petita",
  "electric.button": "Botó",
  "electric.counter": "Contador",
  "electric.hbhfsensor": "Detector de claus",
  "electric.laserdetector": "Detector làser",
  "electric.pressurepad": "Pressure Pad",
  "electric.doorcontroller": "Controlador de portes",
  "electric.heater": "Escalfador elèctric",
  "fluid.combiner": "Fluid Combiner",
  "fluid.splitter": "Fluid Splitter",
  "fluid.switch": "Fluid Switch & Pump",
  "electric.andswitch": "AND Canviar",
  "electric.blocker": "Bloquejador",
  "electrical.branch": "Branca Elèctrica",
  "electrical.combiner": "Combinador d’arrels",
  "electrical.memorycell": "Cel·la de memória",
  "electric.orswitch": "OR Switch",
  "electric.random.switch": "Interruptor RAND",
  "electric.rf.broadcaster": "Emisora de radiofreqüència",
  "electric.rf.receiver": "Receptor de radiofreqüència",
  "electric.xorswitch": "Interruptor XOR",
  "electric.fuelgenerator.small": "Petit generador",
  "electric.generator.small": "Test Generator",
  "electric.solarpanel.large": "Large Solar Panel",
  "electric.igniter": "encenedor",
  "electric.flasherlight": "Llum intermitent",
  "electric.simplelight": "Llum senzilla",
  "electric.sirenlight": "Sirena Llum",
  "powered.water.purifier": "Purificador d'aigua amb motor",
  "electric.switch": "Interruptor",
  "electric.splitter": "Divisor",
  "electric.sprinkler": "Aspersor",
  "electric.teslacoil": "Una bobina de Tesla",
  "electric.timer": "Timer",
  "electric.cabletunnel": "Túnel de cable",
  "waterpump": "Bomba d'aigua",
  "mining.quarry": "Pedrera",
  "target.reactive": "Objectiu reactiva",
  "box.repair.bench": "Banc de reparació",
  "research.table": "Taula d'investigació",
  "rug.bear": "Catifa de pell d'ós",
  "rug": "Catifa",
  "searchlight": "Reflector",
  "shelves": "Estant de xatarra",
  "sign.hanging.banner.large": "Estandard penjant gran",
  "sign.hanging": "Cartell penjant de dues cares",
  "sign.hanging.ornate": "Cartell penjant adornat de dues cares",
  "sign.pictureframe.landscape": "Marc panoràmic",
  "sign.pictureframe.portrait": "Marc de retrat",
  "sign.pictureframe.tall": "Marc de quadre alt",
  "sign.pictureframe.xl": "Marc de quadre XL",
  "sign.pictureframe.xxl": "Marc de quadre XXL",
  "sign.pole.banner.large": "Estandard gran en un pal",
  "sign.post.double": "Pal de senyals doble",
  "sign.post.single": "Pal de senyals",
  "sign.post.town": "Senyal de carretera d'una cara",
  "sign.post.town.roof": "Senyal de carretera de dues cares",
  "sign.wooden.huge": "Cartell de fusta gegant",
  "sign.wooden.large": "Rètol de fusta llarg",
  "sign.wooden.medium": "Medium Wooden Sign",
  "sign.wooden.small": "Cartell de Fusta Petit",
  "guntrap": "Trampa d'escopeta",
  "sleepingbag": "Sac de dormir",
  "stash.small": "Amagatall petit",
  "spinner.wheel": "Filosa",
  "fishtrap.small": "Trampa per peixos de supervivència",
  "table": "Taula",
  "workbench1": "Work Bench Level 1",
  "workbench2": "Work Bench Level 2",
  "workbench3": "Work Bench Level 3",
  "cupboard.tool": "Armari d'eines",
  "tunalight": "Tonyina pot làmpada",
  "vending.machine": "Màquina expenedora",
  "water.catcher.large": "Recol·lector d'aigua gran",
  "water.catcher.small": "Recol·lector d'aigua petit",
  "water.purifier": "Purificador d'aigua",
  "generator.wind.scrap": "Turbina de vent",
  "box.wooden": "Caixa d'emmagatzematge de fusta",
  "apple": "Poma",
  "apple.spoiled": "Poma podrida",
  "black.raspberries": "Gerds negres",
  "blueberries": "Nabius",
  "botabag": "Bota",
  "cactusflesh": "Carn de cactus",
  "can.beans": "Pot de mongetes",
  "can.tuna": "Llauna de tonyina",
  "chocholate": "Barra de xocolata",
  "fish.cooked": "Peix cuit",
  "fish.raw": "Peix cru",
  "fish.minnows": "Peixets",
  "fish.troutsmall": "Truita Petita",
  "granolabar": "Barreta de cereals",
  "chicken.burned": "Pollastre Cremat",
  "chicken.cooked": "Pollastre Cuinat",
  "chicken.raw": "Pit de pollastre cru",
  "chicken.spoiled": "Pollastre podrit",
  "deermeat.burned": "Carn de Cérvol Cremada",
  "deermeat.cooked": "Carn de cérvol cuinada",
  "deermeat.raw": "Carn crua de cérvol",
  "horsemeat.burned": "Carn cremada de cavall",
  "horsemeat.cooked": "Carn de cavall cuinada",
  "horsemeat.raw": "Carn de cavall crua",
  "humanmeat.burned": "Carn Humana Cremada",
  "humanmeat.cooked": "Carn Humana Cuinada",
  "humanmeat.raw": "Carn humana crua",
  "humanmeat.spoiled": "Carn humana feta malbé",
  "bearmeat.burned": "Carn D'ós Cremada",
  "bearmeat.cooked": "Carn d'ós cuinada",
  "bearmeat": "Carn Crua D'ós",
  "wolfmeat.burned": "Carn de Llop Cremada",
  "wolfmeat.cooked": "Cooked Wolf Meat",
  "wolfmeat.raw": "Raw Wolf Meat",
  "wolfmeat.spoiled": "Carn de llop podrida",
  "meat.pork.burned": "Carn de Porc Cremada",
  "meat.pork.cooked": "Carn de Porc cuita",
  "meat.boar": "Carn de porc crua",
  "mushroom": "Bolet",
  "jar.pickle": "Menjar en escabetx",
  "smallwaterbottle": "Ampolla d'aigua petita",
  "waterjug": "Gerra d'aigua",
  "fun.bass": "Baix de Jardiner",
  "fun.cowbell": "Esquella",
  "drumkit": "Kit de bateria de deposit de brossa",
  "fun.flute": "Flauta de pa",
  "fun.guitar": "Guitarra Acústica",
  "fun.jerrycanguitar": "Guitarra de bidó",
  "piano": "Piano de carreta",
  "fun.tambourine": "Pandereta",
  "fun.trumpet": "Trompeta de fontaner",
  "fun.tuba": "Tubaria",
  "xylophone": "Xylobone",
  "car.key": "Clau de cotxe",
  "door.key": "Clau de una porta",
  "lock.key": "Key Lock",
  "lock.code": "Codi de Bloqueig",
  "blueprintbase": "Plànol",
  "chineselantern": "Fanal xinès",
  "dragondoorknocker": "Pany de porta de drac",
  "hat.dragonmask": "Màscara de drac",
  "newyeargong": "Gong d'Any Nou",
  "hat.ratmask": "Màscara de Rata",
  "lunar.firecrackers": "Cadena de petards",
  "arcade.machine.chippy": "Joc d'arcade Chippy",
  "door.closer": "Tancaportes",
  "attire.bunnyears": "Orelles de conill",
  "attire.bunny.onesie": "Conill Onesie",
  "easterdoorwreath": "Corona de la porta de Pasqua",
  "easterbasket": "Cistella d’ou",
  "rustige_egg_a": "Rustig? Egg - Red",
  "rustige_egg_b": "Rustig? Egg - Blue",
  "rustige_egg_c": "Rustig? Egg - Purple",
  "rustige_egg_d": "Rustig? Egg - Ivory",
  "attire.nesthat": "Barret Niu",
  "easter.bronzeegg": "Ou de bronze",
  "easter.goldegg": "Ou d’or",
  "easter.paintedeggs": "Ou pintat",
  "easter.silveregg": "Ou de plata",
  "halloween.candy": "Llaminadures de Halloween",
  "largecandles": "Large Candle Set",
  "smallcandles": "Conjunt de veles petites",
  "coffin.storage": "Sarcòfag",
  "cursedcauldron": "Calderó maleït",
  "gravestone": "Làpida",
  "woodcross": "Wooden Cross",
  "wall.graveyard.fence": "Graveyard Fence",
  "halloween.lootbag.large": "Bossa de dolços grans",
  "halloween.lootbag.medium": "Bossa de dolços mitjana",
  "halloween.lootbag.small": "Bossa de dolços petita",
  "pumpkinbasket": "Pumpkin Bucket",
  "scarecrow": "Espantaocells",
  "skulldoorknocker": "Skull Door Knocker",
  "skull_fire_pit": "Skull Fire Pit",
  "spiderweb": "Teles d'aranya",
  "spookyspeaker": "Spooky Speaker",
  "halloween.surgeonsuit": "Bata de cirurgia",
  "note": "Nota",
  "skull.human": "Crani humà",
  "abovegroundpool": "Piscina sobre la superfície. ",
  "beachchair": "Cadira de platja",
  "beachparasol": "Parasol de platja",
  "beachtable": "Taula de platja",
  "beachtowel": "Beach Towel",
  "boogieboard": "Boogie Board",
  "innertube": "Inner Tube",
  "innertube.horse": "Inner Tube",
  "innertube.unicorn": "Inner Tube",
  "tool.instant_camera": "Instant Camera",
  "paddlingpool": "Paddling Pool",
  "photo": "Photograph",
  "photoframe.landscape": "Landscape Photo Frame",
  "photoframe.large": "Large Photo Frame",
  "photoframe.portrait": "Portrait Photo Frame",
  "sunglasses02black": "Sunglasses",
  "sunglasses02camo": "Sunglasses",
  "sunglasses02red": "Sunglasses",
  "sunglasses03black": "Sunglasses",
  "sunglasses03chrome": "Sunglasses",
  "sunglasses03gold": "Sunglasses",
  "sunglasses": "Sunglasses",
  "gun.water": "Water Gun",
  "pistol.water": "Water Pistol",
  "candycaneclub": "Club Canya de Caramel",
  "xmas.lightstring": "Llums de Nadal",
  "xmas.door.garland": "Festive Doorway Garland",
  "candycane": "Bastó de caramel",
  "giantcandycanedecor": "Decoració gegant de dolços",
  "giantlollipops": "Decoració gegant de piruleta",
  "pookie.bear": "Ós Pookie",
  "xmas.lightstring.advanced": "Deluxe Christmas Lights",
  "coal": "Carbó :(",
  "xmas.present.large": "Regal gran",
  "xmas.present.medium": "Regal mitjà",
  "xmas.present.small": "Regal Petit",
  "snowmachine": "Snow Machine",
  "snowball": "Snowball",
  "snowman": "Ninot de neu",
  "stocking.large": "SUPER mitjó",
  "stocking.small": "Mitjó petit",
  "attire.reindeer.headband": "Banyes de ren",
  "santabeard": "Barba de Santa",
  "santahat": "Barret del Pare Noel",
  "xmas.window.garland": "Festive Window Garland",
  "wrappedgift": "Wrapped Gift",
  "wrappingpaper": "Wrapping Paper",
  "xmasdoorwreath": "Christmas Door Wreath",
  "xmas.decoration.baubels": "Decorative Baubels",
  "xmas.decoration.candycanes": "Decorative Plastic Candy Canes",
  "xmas.decoration.gingerbreadmen": "Decorative Gingerbread Men",
  "xmas.decoration.lights": "Tree Lights",
  "xmas.decoration.pinecone": "Decorative Pinecones",
  "xmas.decoration.star": "Star Tree Topper",
  "xmas.decoration.tinsel": "Decorative Tinsel",
  "xmas.tree": "Christmas Tree",
  "autoturret": "Auto-Torreta",
  "flameturret": "Torreta de flama",
  "gloweyes": "Ulls brillants",
  "ammo.rocket.sam": "Munició d'equip antiaeri",
  "samsite": "SAM Site",
  "black.berry": "Black Berry",
  "clone.black.berry": "Black Berry Clone",
  "seed.black.berry": "Black Berry Seed",
  "blue.berry": "Blue Berry",
  "clone.blue.berry": "Blue Berry Clone",
  "seed.blue.berry": "Blue Berry Seed",
  "green.berry": "Green Berry",
  "clone.green.berry": "Green Berry Clone",
  "seed.green.berry": "Green Berry Seed",
  "red.berry": "Red Berry",
  "clone.red.berry": "Red Berry Clone",
  "seed.red.berry": "Red Berry Seed",
  "white.berry": "White Berry",
  "clone.white.berry": "White Berry Clone",
  "seed.white.berry": "White Berry Seed",
  "yellow.berry": "Yellow Berry",
  "clone.yellow.berry": "Yellow Berry Clone",
  "seed.yellow.berry": "Yellow Berry Seed",
  "corn": "Blat de moro",
  "clone.corn": "Còpia de blat",
  "seed.corn": "Llavor de Blat de Moro",
  "clone.hemp": "Còpia de cànem",
  "seed.hemp": "Llavor de Cànem",
  "potato": "Patata",
  "clone.potato": "Patata Clonada",
  "seed.potato": "Potato Seed",
  "pumpkin": "Carbassa",
  "clone.pumpkin": "Còpia d'una planta de carabassa",
  "seed.pumpkin": "Llavor de Carbassa",
  "fat.animal": "Greix animal",
  "battery.small": "Bateria - Petita",
  "blood": "Sang",
  "bone.fragments": "Fragments d'ossos",
  "cctv.camera": "Càmera CCTV",
  "charcoal": "Carbó vegetal",
  "cloth": "Tela",
  "crude.oil": "Petroli",
  "diesel_barrel": "Combustible Diesel",
  "can.beans.empty": "Llauna de mongetes budia",
  "can.tuna.empty": "Llauna de tonyina buida",
  "explosives": "Explosius",
  "fertilizer": "Fertilitzant",
  "gunpowder": "Pólvora",
  "horsedung": "Femta de cavall",
  "hq.metal.ore": "Mineral de metall de alta cualitat",
  "metal.refined": "Metall d'alta qualitat",
  "leather": "Cuir",
  "lowgradefuel": "Combustible de baix grau",
  "metal.fragments": "Fragments de metall",
  "metal.ore": "Mena de metall",
  "paper": "Paper",
  "plantfiber": "Fibra vegetal",
  "researchpaper": "Plànol de Recerca",
  "water.salt": "\nAigua salada",
  "scrap": "Xatarra",
  "stones": "Pedres",
  "sulfur.ore": "Mineral de Sofre",
  "sulfur": "Sofre",
  "targeting.computer": "Ordenador d'apuntament",
  "water": "Aigua",
  "skull.wolf": "Crani de llop",
  "wood": "Fusta",
  "healingtea.advanced": "Advanced Healing Tea",
  "healingtea": "Basic Healing Tea",
  "healingtea.pure": "Pure Healing Tea",
  "maxhealthtea.advanced": "Advanced Max Health Tea",
  "maxhealthtea": "Basic Max Health Tea",
  "maxhealthtea.pure": "Pure Max Health Tea",
  "oretea.advanced": "Advanced Ore Tea",
  "oretea": "Basic Ore Tea",
  "oretea.pure": "Pure Ore Tea",
  "radiationremovetea.advanced": "Advanced Rad. Removal Tea",
  "radiationremovetea": "Rad. Removal Tea",
  "radiationremovetea.pure": "Pure Rad. Removal Tea",
  "radiationresisttea.advanced": "Adv. Anti-Rad Tea",
  "radiationresisttea": "Anti-Rad Tea",
  "radiationresisttea.pure": "Pure Anti-Rad Tea",
  "scraptea.advanced": "Advanced Scrap Tea",
  "scraptea": "Basic Scrap Tea",
  "scraptea.pure": "Pure Scrap Tea",
  "woodtea.advanced": "Advanced Wood Tea",
  "woodtea": "Basic Wood Tea",
  "woodtea.pure": "Pure Wood Tea",
  "antiradpills": "Píndoles anti-radiació",
  "tool.binoculars": "Prismàtics",
  "explosive.timed": "Càrrega Explosiva Temporitzada",
  "tool.camera": "Càmera",
  "rf.detonator": "RF Transmitter",
  "fishingrod.handmade": "Canya de pesca asrtesana",
  "flare": "Bengala",
  "flashlight.held": "Llanterna",
  "geiger.counter": "Comptador Geiger",
  "hosetool": "Mànega",
  "jackhammer": "Pic pneumàtic",
  "keycard_blue": "Targeta blava",
  "keycard_green": "Targeta Verda",
  "keycard_red": "Targeta vermella",
  "largemedkit": "Botiquí gran",
  "map": "Mapa de paper",
  "syringe.medical": "Xeringa mèdica",
  "rf_pager": "RF Pager",
  "building.planner": "Plànol de construcció",
  "grenade.smoke": "Granada de Fum",
  "supply.signal": "Senya de Subministrament",
  "surveycharge": "Carrega de prospecció",
  "wiretool": "Cable",
  "vehicle.chassis.2mod": "Small Chassis",
  "vehicle.chassis.3mod": "Medium Chassis",
  "vehicle.chassis.4mod": "Large Chassis",
  "vehicle.chassis": "Generic vehicle chassis",
  "vehicle.1mod.cockpit": "Cockpit Vehicle Module",
  "vehicle.1mod.cockpit.armored": "Armored Cockpit Vehicle Module",
  "vehicle.1mod.cockpit.with.engine": "Cockpit With Engine Vehicle Module",
  "vehicle.1mod.engine": "Engine Vehicle Module",
  "vehicle.1mod.flatbed": "Flatbed Vehicle Module",
  "vehicle.1mod.passengers.armored": "Armored Passenger Vehicle Module",
  "vehicle.1mod.rear.seats": "Rear Seats Vehicle Module",
  "vehicle.1mod.storage": "Storage Vehicle Module",
  "vehicle.2mod.flatbed": "Large Flatbed Vehicle Module",
  "vehicle.2mod.fuel.tank": "Fuel Tank Vehicle Module",
  "vehicle.2mod.passengers": "Passenger Vehicle Module",
  "vehicle.module": "Generic vehicle module",
  "weapon.mod.8x.scope": "16x Zoom Scope",
  "weapon.mod.flashlight": "Llanterna per Armes",
  "weapon.mod.holosight": "Espiell",
  "weapon.mod.lasersight": "Punter Làser per a Armes",
  "weapon.mod.muzzleboost": "Impuls de boca",
  "weapon.mod.muzzlebrake": "Fre de boca",
  "weapon.mod.simplesight": "Una mira feta a mà",
  "weapon.mod.silencer": "Silenciador",
  "weapon.mod.small.scope": "8x Zoom Scope",
  "rifle.ak": "Rifle d'Assalt",
  "bandage": "Gasa",
  "grenade.beancan": "Granada de llauna",
  "rifle.bolt": "Rifle de Forrellat",
  "bone.club": "Bastó d'ossos",
  "knife.bone": "Ganivet d'os",
  "bow.hunting": "Arc de caça",
  "cakefiveyear": "Pastís d'aniversari",
  "chainsaw": "Motoserra",
  "salvaged.cleaver": "Ganivet recuperat",
  "bow.compound": "Arc Compost",
  "crossbow": "Ballesta",
  "shotgun.double": "Escopeta de doble canó",
  "pistol.eoka": "Pistola Eoka",
  "grenade.f1": "Granada F1",
  "flamethrower": "Llançaflames",
  "multiplegrenadelauncher": "Llançador de granades múltiples",
  "knife.butcher": "Ganivet de carnisser",
  "pitchfork": "Forca",
  "sickle": "Falç",
  "hammer": "Martell",
  "hatchet": "Destral",
  "knife.combat": "Ganivet de combat",
  "rifle.l96": "L96 Rifle",
  "rifle.lr300": "Rifle d'assalt LR-300",
  "lmg.m249": "M249",
  "rifle.m39": "M39 Rifle",
  "pistol.m92": "Pistola M92",
  "mace": "Maça",
  "machete": "Matxet",
  "smg.mp5": "MP5A4",
  "pistol.nailgun": "Pistola de claus",
  "paddle": "Paddle",
  "pickaxe": "Pic",
  "shotgun.waterpipe": "Waterpipe Shotgun",
  "pistol.python": "Revòlver Python",
  "pistol.revolver": "Revòlver",
  "rock": "Roca",
  "rocket.launcher": "Llançacoets",
  "axe.salvaged": "Destral restaurada",
  "hammer.salvaged": "Martell recuperat",
  "icepick.salvaged": "Piolet recuperat",
  "explosive.satchel": "Bossa de Granades improvisada",
  "shotgun.pump": "Escopeta d'Acció Bombejada",
  "pistol.semiauto": "Pistola Semiautomàtica",
  "rifle.semiauto": "Rifle Semiautomàtic",
  "smg.2": "SMG Personalitzada",
  "shotgun.spas12": "Spas-12 Escopeta",
  "stonehatchet": "Destral de pedra",
  "stone.pickaxe": "Pic de Pedra",
  "spear.stone": "Llança de pedra",
  "longsword": "Espasa llarga",
  "salvaged.sword": "Espasa recuperada",
  "smg.thompson": "Thompson",
  "toolgun": "Garry's Mod Tool Gun",
  "torch": "Torxa",
  "bucket.water": "Galleda d'aigua",
  "spear.wooden": "Llança de fusta",
  "horse.armor.roadsign": "Roadsign Horse Armor",
  "horse.armor.wood": "Wooden Horse Armor",
  "horse.saddlebag": "Saddle bag",
  "horse.shoes.advanced": "High Quality Horse Shoes",
  "horse.shoes.basic": "Basic Horse Shoes"
}