{
  "hat.wolf": "מצנפת זאב",
  "fogmachine": "המעשן-3000",
  "strobelight": "Strobe Light",
  "kayak": "קיאק",
  "minihelicopter.repair": "תיקון MC",
  "scraptransportheli.repair": "תיקון הליקופטר גרוטאות ",
  "workcart": "Work Cart",
  "ammo.grenadelauncher.buckshot": "כדור רובה ציד 40mm",
  "ammo.grenadelauncher.he": "רימון מתפוצץ",
  "ammo.grenadelauncher.smoke": "רימון עשן",
  "arrow.hv": "חץ מהיר",
  "arrow.wooden": "ץעמ יושעה ץח",
  "arrow.bone": "חץ עצם",
  "arrow.fire": "חץ אש",
  "ammo.handmade.shell": "קליע בעבודת יד",
  "ammo.nailgun.nails": "מסמרי אקדח מסמרים",
  "ammo.pistol": "כדור אקדח",
  "ammo.pistol.fire": "תחמושת תבערה לאקדח",
  "ammo.pistol.hv": "תחמושת מהירה לאקדח",
  "ammo.rifle": "תחמושת לרובה 5.56",
  "ammo.rifle.explosive": "תחמושת נפיצה לרובה 5.56",
  "ammo.rifle.incendiary": "תחמושת תבערה לרובה 5.56",
  "ammo.rifle.hv": "תחמושת מהירה לרובה 5.56",
  "ammo.rocket.basic": "ליט",
  "ammo.rocket.fire": "הרעבת ליט",
  "ammo.rocket.hv": "ההובג תוריהמ לעב ליט",
  "ammo.rocket.smoke": "ןשע ליט",
  "ammo.shotgun": "כדור רסיסים בקוטר 12",
  "ammo.shotgun.fire": "קליע תבערה בקוטר 12",
  "ammo.shotgun.slug": "קליע ציד בקוטר 12",
  "door.double.hinged.metal": "דלת פח כפולה",
  "door.double.hinged.toptier": "דלת כפולה משוריינת",
  "door.double.hinged.wood": "הלופכ ץע תלד",
  "door.hinged.metal": "דלת פלדה",
  "door.hinged.toptier": "דלת משוריינת",
  "door.hinged.wood": "ץע תלד",
  "floor.grill": "רצפת רשת",
  "floor.ladder.hatch": "צוהר סולם",
  "floor.triangle.grill": "רצפת גריל בצורת משולש",
  "floor.triangle.ladder.hatch": "סולם נפתח בצורת משולש",
  "gates.external.high.stone": "שער אבן חיצוני גבוה",
  "gates.external.high.wood": "הובג ינוציח ץע רעש",
  "ladder.wooden.wall": "ץע םלוס",
  "wall.external.high.stone": "קיר אבן חיצוני גבוה",
  "wall.external.high": "הובג ינוציח ץע ריק",
  "wall.frame.cell.gate": "שער תא הכליאה",
  "wall.frame.cell": "קיר של תא כליאה",
  "wall.frame.fence.gate": "שער גדר מרושתת",
  "wall.frame.fence": "גדר מרושתת",
  "wall.frame.garagedoor": "דלת מוסך",
  "wall.frame.netting": "רשת",
  "wall.frame.shopfront": "חזית של חנות",
  "wall.frame.shopfront.metal": "חנות ממתכת",
  "wall.window.bars.metal": "סורגי מתכת",
  "wall.window.bars.toptier": "Reinforced Glass Window",
  "wall.window.bars.wood": "ץע יגרוס",
  "shutter.metal.embrasure.a": "פתח ירי אופקי עשוי מתכת",
  "shutter.metal.embrasure.b": "פתח ירי אנכי עשוי מתכת",
  "wall.window.glass.reinforced": "Strengthened Glass Window",
  "shutter.wood.a": "ץע סירת",
  "watchtower.wood": "הרימש לדגמ",
  "diving.fins": "סנפירי צלילה",
  "diving.mask": "מסכת צלילה",
  "diving.tank": "מיכל צלילה",
  "diving.wetsuit": "חליפת צלילה",
  "boots.frog": "מגפי צפרדע",
  "barrelcostume": "תחפושת חבית",
  "cratecostume": "תלבושת ארגז",
  "hat.gas.mask": "מסכת גז",
  "burlap.gloves.new": "כפפות בד",
  "burlap.gloves": "כפפות עור",
  "roadsign.gloves": "כפפות משלטים",
  "tactical.gloves": "כפפות טקטיות",
  "ghostsheet": "תחפושת רוח",
  "halloween.mummysuit": "חליפת מומיה",
  "scarecrow.suit": "חליפת דחליל",
  "scarecrowhead": "חליפת דחליל",
  "attire.hide.helterneck": "גוזיה מעור",
  "hat.beenie": "כובע גרב",
  "hat.boonie": "סוג של כובע טמבל",
  "bucket.helmet": "קסדת דלי",
  "burlap.headwrap": "כיסוי ראש",
  "hat.candle": "כובע נר",
  "hat.cap": "כובע בייסבול",
  "clatter.helmet": "קסדת קלאטר\n",
  "coffeecan.helmet": "קסדה מקופסת קפה",
  "deer.skull.mask": "קסדת עצם",
  "heavy.plate.helmet": "קסדת פח כבדה",
  "hat.miner": "כובע כורים",
  "partyhat": "כובע מסיבות",
  "riot.helmet": "קסדת מגן",
  "wood.armor.helmet": "ץע תדסק",
  "hoodie": "סווטשרט",
  "bone.armor.suit": "שריון עצם",
  "heavy.plate.jacket": "ג'קט פח כבד",
  "jacket.snow": "מעיל שלג",
  "jacket": "ג'קט",
  "wood.armor.jacket": "ץעמ ןגמ",
  "mask.balaclava": "בלקלאבה מאולתרת",
  "mask.bandana": "מסכת בנדנה",
  "metal.facemask": "מסכת פנים ממתכת",
  "nightvisiongoggles": "משקפי ראייה בלילה",
  "attire.ninja.suit": "Ninja Suit",
  "burlap.trousers": "מכנסי בד",
  "heavy.plate.pants": "מכנסי פח כבדים",
  "attire.hide.pants": "מכנסי עור",
  "roadsign.kilt": "חצאית תמרור",
  "pants.shorts": "מכנסיים קצרים",
  "wood.armor.pants": "מכנסיים משוריינות מעץ",
  "pants": "מכנסיים",
  "attire.hide.poncho": "אפוד מעור",
  "burlap.shirt": "חולצת בד",
  "shirt.collared": "חוּלצָה",
  "attire.hide.vest": "ווסט מעור",
  "shirt.tanktop": "גופייה",
  "shoes.boots": "מגפיים",
  "burlap.shoes": "גיראמ תויושעה םיילענ",
  "attire.hide.boots": "נעלי עור",
  "attire.hide.skirt": "חצאית עור",
  "attire.banditguard": "ציוד שומר בנדיטי",
  "hazmatsuit": "חליפת האזאמט",
  "hazmatsuit_scientist": "חליפת מדען",
  "hazmatsuit_scientist_peacekeeper": "חליפת מדען",
  "hazmatsuit.spacesuit": "חליפת חלל",
  "scientistsuit_heavy": "חליפת מדען כבדה",
  "jumpsuit.suit": "סרבל\n",
  "tshirt.long": "חולצה ארוכה",
  "tshirt": "חולצה קצרה",
  "metal.plate.torso": "אפוד מגן ממתכת",
  "roadsign.jacket": "ז'קט תמרורים",
  "bleach": "אקונומיקה",
  "ducttape": "נייר דבק",
  "carburetor1": "קרבורטור באיכות נמוכה",
  "carburetor2": "קרבורטור באיכות בינונית",
  "carburetor3": "קרבורטור באיכות גבוהה",
  "crankshaft1": "גל ארכובה באיכות נמוכה",
  "crankshaft2": "גל ארכובה באיכות בינונית",
  "crankshaft3": "גל ארכובה באיכות גבוהה",
  "piston1": "בוכנות באיכות נמוכה",
  "piston2": "בוכנות באיכות בינונית",
  "piston3": "בוכנות באיכות גבוהה",
  "sparkplug1": "מצתים באיכות נמוכה",
  "sparkplug2": "Medium Quality Spark Plugs",
  "sparkplug3": "High Quality Spark Plugs",
  "valve1": "Low Quality Valves",
  "valve2": "Medium Quality Valves",
  "valve3": "High Quality Valves",
  "fuse": "פיוז חשמלי",
  "gears": "גלגלי שיניים",
  "glue": "דֶבֶק",
  "metalblade": "להב מתכת",
  "metalpipe": "צינור מתכת",
  "propanetank": "טנק פרופאן ריק",
  "roadsigns": "תמרורים",
  "rope": "חבל",
  "sewingkit": "ערכת תפירה",
  "sheetmetal": "פרטי פלטה",
  "metalspring": "קפיץ מתכת",
  "sticks": "מקלות",
  "tarp": "ברזנט",
  "techparts": "אשפה אלקטורונית",
  "riflebody": "גוף רובה",
  "semibody": "Semi Automatic Body",
  "smgbody": "גוף SMG",
  "barricade.concrete": "מחסום בטון",
  "barricade.wood.cover": "מחסום עץ",
  "barricade.metal": "מחסום מתכת",
  "barricade.sandbags": "מחסום שקי חול",
  "barricade.stone": "ןבא םוסחמ",
  "barricade.wood": "ץע םוסחמ",
  "barricade.woodwire": "ינרקוד ץע םוסחמ",
  "bbq": "מנגל",
  "trap.bear": "מלכודת ננעלת",
  "bed": "מיטה",
  "campfire": "מדורה",
  "cardtable": "שולחן קלפים",
  "ceilinglight": "אור תקרה",
  "chair": "כיסא",
  "composter": "מדשן",
  "computerstation": "תחנת מחשבים",
  "drone": "רחפן",
  "dropbox": "דרופ בוקס",
  "elevator": "מעלית\n",
  "fireplace.stone": "תנור אבן",
  "firework.boomer.blue": "זיקוק כחול",
  "firework.boomer.champagne": "בומר שמפניה",
  "firework.boomer.green": "זיקוק ירוק",
  "firework.boomer.orange": "זיקוק כתום",
  "firework.boomer.red": "זיקוק אדום",
  "firework.boomer.violet": "בומר סגול",
  "firework.romancandle.blue": "נר רומאי כחול",
  "firework.romancandle.green": "נר רומאי ירוק",
  "firework.romancandle.red": "נר רומאי אדום",
  "firework.romancandle.violet": "נר רומי סגול",
  "firework.volcano": "זיקוקים לבנים",
  "firework.volcano.red": "זיקוקי הר געש אדום",
  "firework.volcano.violet": "זיקוקי הר געש סגולים",
  "spikes.floor": "ץעמ םייתפצר םיצוק",
  "fridge": "מקרר",
  "furnace.large": "תנור גדול",
  "furnace": "תנור",
  "hitchtroughcombo": "טרץ '",
  "habrepair": "שטיח פרווה",
  "jackolantern.angry": "פנס-דלעת עצבני",
  "jackolantern.happy": "ג'ק או פנס שמח",
  "trap.landmine": "מוקש",
  "lantern": "מנורה",
  "box.wooden.large": "הלודג ץע תבית",
  "water.barrel": "חבית מים",
  "locker": "לוקר",
  "mailbox": "תיבת דואר",
  "mixingtable": "שולחן ערבוב",
  "modularcarlift": "מעלית רכב מודולרית",
  "mining.pumpjack": "משאבת ג'ק",
  "small.oil.refinery": "מזקקת שמן קטנה",
  "planter.large": "עציץ גדול",
  "planter.small": "עציץ קטן",
  "electric.audioalarm": "אזעקת שמע",
  "smart.alarm": "Smart Alarm",
  "smart.switch": "Smart Switch",
  "storage.monitor": "Storage Monitor",
  "electric.battery.rechargable.large": "Large Rechargeable Battery",
  "electric.battery.rechargable.medium": "Medium Rechargeable Battery",
  "electric.battery.rechargable.small": "Small Rechargeable Battery",
  "electric.button": "כפתור",
  "electric.counter": "מקנטר",
  "electric.hbhfsensor": "חיישן פ\"נלצ",
  "electric.laserdetector": "גלאי לייזר",
  "electric.pressurepad": "ץחל תיחול",
  "electric.doorcontroller": "בקר דלת",
  "electric.heater": "תנור חשמלי",
  "fluid.combiner": "קומבינר נוזלים",
  "fluid.splitter": "מפצל נוזלים.",
  "fluid.switch": "מתג נוזל ומשאבה",
  "electric.andswitch": "מתג \"גם\"",
  "electric.blocker": "חוסם",
  "electrical.branch": "ענף חשמל",
  "electrical.combiner": "שורש חיבור חשמלי\n",
  "electrical.memorycell": "תא זיכרון",
  "electric.orswitch": "מתג OR",
  "electric.random.switch": "מתג RAND",
  "electric.rf.broadcaster": "שדר רדיו",
  "electric.rf.receiver": "מקלט רדיו",
  "electric.xorswitch": "מתג XOR",
  "electric.fuelgenerator.small": "גנרטור קטן",
  "electric.generator.small": "Test Generator",
  "electric.solarpanel.large": "Large Solar Panel",
  "electric.igniter": "מצת",
  "electric.flasherlight": "אור עמום",
  "electric.simplelight": "אור פשוט",
  "electric.sirenlight": "סירנה\n",
  "powered.water.purifier": "מטהר מים מופעל",
  "electric.switch": "מתג",
  "electric.splitter": "מפצל",
  "electric.sprinkler": "ממטרה",
  "electric.teslacoil": "הלסט לילס",
  "electric.timer": "שעון עצר",
  "electric.cabletunnel": "מנהרת הכבלים",
  "waterpump": "משאבת מים",
  "mining.quarry": "מחצבת כרייה",
  "target.reactive": "מטרה ראקטיבית",
  "box.repair.bench": "ןוקית ןחלוש",
  "research.table": "שולחן מחקר",
  "rug.bear": "שטיח מעור דוב",
  "rug": "שטיח",
  "searchlight": "אור חיפוש",
  "secretlabchair": "כיסא מעבדה סודי",
  "shelves": "מדף מחולץ",
  "sign.hanging.banner.large": "שלט פרסומת גדול לתלייה",
  "sign.hanging": "שלט תלוי , דו צדדי",
  "sign.hanging.ornate": "שלט דו צדדי מעוצב",
  "sign.pictureframe.landscape": "תמונת נוף ממוסגרת",
  "sign.pictureframe.portrait": "דיוקן",
  "sign.pictureframe.tall": "מסגרת גבוהה",
  "sign.pictureframe.xl": "מסגרת XL",
  "sign.pictureframe.xxl": "מסגרת XXL",
  "sign.pole.banner.large": "שלט גדול על מוט",
  "sign.post.double": "שלט כיוון כפול",
  "sign.post.single": "שלט הדרכה",
  "sign.post.town": "שלט כניסה לעיר",
  "sign.post.town.roof": "שלט מודעות דו צדדי",
  "sign.wooden.huge": "קנע ץע טלש",
  "sign.wooden.large": "לודג ץע טלש",
  "sign.wooden.medium": "שלט עץ בינוני",
  "sign.wooden.small": "ץעמ ןטק טלש",
  "guntrap": "מלכודת רובה צייד",
  "sleepingbag": "שק שינה",
  "stash.small": "מחבוא קטן",
  "sofa": "Sofa",
  "spinner.wheel": "גלגל מסתובב",
  "fishtrap.small": "מלכודת דגים הישרדותית",
  "table": "טבלה",
  "workbench1": "ספסל עבודה רמה 1",
  "workbench2": "ספסל עבודה דרגה 2",
  "workbench3": "ספסל עבודה ברמה 3",
  "cupboard.tool": "ארון כלים",
  "tunalight": "Tuna Can Lamp",
  "vending.machine": "מכונת מכירה אוטומטית",
  "water.catcher.large": "תפסן מים גדול",
  "water.catcher.small": "תפסן מים קטן",
  "water.purifier": "מטהר מים",
  "generator.wind.scrap": "טורבינת רוח",
  "box.wooden": "ןוסחאל ץע תבית",
  "apple": "חופת",
  "apple.spoiled": "תפוח רקוב",
  "black.raspberries": "פטל שחור",
  "blueberries": "אוכמניות",
  "botabag": "מימיה",
  "cactusflesh": "בשר קקטוס",
  "can.beans": "פחית שעועית",
  "can.tuna": "פחית טונה",
  "chocholate": "חטיף שוקולד",
  "fish.cooked": "דג מבושל",
  "fish.raw": "דג נא",
  "fish.minnows": "םיגיגד",
  "fish.troutsmall": "Small Trout",
  "granolabar": "חטיף גרנולה",
  "chicken.burned": "עוף שרוף",
  "chicken.cooked": "עוף מבושל",
  "chicken.raw": "חזה עוף נא",
  "chicken.spoiled": "עוף מקולקל",
  "deermeat.burned": "בשר צבי שרוף",
  "deermeat.cooked": "בשר צבי מבושל",
  "deermeat.raw": "בשר צבי נא",
  "horsemeat.burned": "בשר סוסים שרוף",
  "horsemeat.cooked": "בשר סוס מבושל",
  "horsemeat.raw": "בשר סוס חיי",
  "humanmeat.burned": "בשר אדם שרוף",
  "humanmeat.cooked": "בשר אנושי מבושל",
  "humanmeat.raw": "בשר אדם נא",
  "humanmeat.spoiled": "בשר אדם מקולקל",
  "bearmeat.burned": "בשר דוב שרוף",
  "bearmeat.cooked": "בשר דוב מבושל",
  "bearmeat": "בשר דוב נא",
  "wolfmeat.burned": "בשר זאב שרוף",
  "wolfmeat.cooked": "בשר זאב מבושל",
  "wolfmeat.raw": "בשר זאב נא",
  "wolfmeat.spoiled": "ופקות גפ רשא באזמ רשב",
  "meat.pork.burned": "בשר חזיר",
  "meat.pork.cooked": "חזיר מבושל",
  "meat.boar": "בשר חזיר",
  "mushroom": "פטרייה",
  "jar.pickle": "ץמוח וא חלמב םישובכה םינופפלמ",
  "smallwaterbottle": "Small Water Bottle",
  "waterjug": "ג'ריקן מים",
  "fun.bass": "עת חפירה",
  "fun.cowbell": "פעמון",
  "drumkit": "ערכת תוף ג'ונקיארד",
  "fun.flute": "חליל פאן",
  "fun.guitar": "גיטרה אקוסטית",
  "fun.jerrycanguitar": "גיטרת מיכל דלק",
  "piano": "פסנתר מריצה",
  "fun.tambourine": "שדרה",
  "fun.trumpet": "חצוצרת השרברב",
  "fun.tuba": "סוספון",
  "xylophone": "קסילובון",
  "car.key": "מפתח המכונית",
  "door.key": "מפתח הדלת",
  "lock.key": "מנעול",
  "lock.code": "מנעול קוד",
  "blueprintbase": "תרשים",
  "chineselantern": "פנס סיני",
  "dragondoorknocker": "ןוקרד תלד שוקמ",
  "hat.dragonmask": "מסיכת דרקון",
  "newyeargong": "פעמון ראש השנה",
  "hat.oxmask": "מסיכת שור",
  "hat.ratmask": "מסכת עכברוש",
  "lunar.firecrackers": "מחרוזת חזיזים",
  "arcade.machine.chippy": "משחק ארקייד",
  "door.closer": "סוגר דלתות",
  "attire.bunnyears": "אוזני ארנב",
  "attire.bunny.onesie": "חליפת ארנב",
  "hat.bunnyhat": "כובע ארנב",
  "easterdoorwreath": "זר דלת הפסחא",
  "easterbasket": "סלסלת ביצים",
  "rustige_egg_a": "מחליד? ביצה - אדום",
  "rustige_egg_b": "מחליד? ביצה - כחול",
  "rustige_egg_c": "מחליד? ביצה - סגול",
  "rustige_egg_d": "Rustig? Egg - Ivory",
  "rustige_egg_e": "Rustig? Egg - Green",
  "attire.nesthat": "כובע קן",
  "easter.bronzeegg": "ביצת Bronze",
  "easter.goldegg": "ביצת זהב",
  "easter.paintedeggs": "ביצה צבועה",
  "easter.silveregg": "ביצת כסף",
  "halloween.candy": "ממתק ליל כל הקדושים",
  "largecandles": "סט נרות גדולים",
  "smallcandles": "Small Candle Set",
  "coffin.storage": "ארון קבורה",
  "cursedcauldron": "קדרה מקוללת",
  "gravestone": "מצבה",
  "woodcross": "ץע בלצ",
  "wall.graveyard.fence": "גדר בית קברות",
  "halloween.lootbag.large": "תיק שלל גדול",
  "halloween.lootbag.medium": "תיק שלל בינוני",
  "halloween.lootbag.small": "תיק שלל קטן",
  "pumpkinbasket": "דלי דלעת",
  "scarecrow": "דַחלִיל",
  "skullspikes.candles": "Skull Spikes",
  "skullspikes.pumpkin": "Skull Spikes",
  "skullspikes": "Skull Spikes",
  "skulldoorknocker": "Skull Door Knocker",
  "skull_fire_pit": "בור אש הגולגולת",
  "spiderweb": "קורי עכביש",
  "spookyspeaker": "Spooky Speaker",
  "halloween.surgeonsuit": "סמל סקראבס",
  "skull.trophy.jar": "גביע הגולגולת",
  "skull.trophy.jar2": "גביע הגולגולת",
  "skull.trophy.table": "גביע הגולגולת",
  "skull.trophy": "גביע הגולגולת",
  "movembermoustachecard": "שפם מובמבר",
  "movembermoustache": "שפם מובמבר",
  "note": "הערה",
  "skull.human": "גולגולת אדם",
  "abovegroundpool": "בריכה מעל הקרקע",
  "beachchair": "כסא חוף",
  "beachparasol": "שמשיית חוף",
  "beachtable": "שולחן חוף",
  "beachtowel": "מגבת חוף",
  "boogieboard": "גלשן בוגי",
  "innertube": "פנימית",
  "innertube.horse": "פנימית",
  "innertube.unicorn": "פנימית",
  "tool.instant_camera": "Instant Camera",
  "paddlingpool": "בריכת חתירה",
  "photo": "תצלום",
  "photoframe.landscape": "מסגרת תמונת נוף",
  "photoframe.large": "מסגרת תמונה גדולה",
  "photoframe.portrait": "מסגרת לתמונת דיוקן",
  "sunglasses02black": "משקפי שמש",
  "sunglasses02camo": "משקפי שמש",
  "sunglasses02red": "משקפי שמש",
  "sunglasses03black": "משקפי שמש",
  "sunglasses03chrome": "משקפי שמש",
  "sunglasses03gold": "משקפי שמש",
  "sunglasses": "משקפי שמש",
  "gun.water": "רובה מים",
  "pistol.water": "אקדח מים",
  "twitchsunglasses": "Purple Sunglasses",
  "twitch.headset": "Headset",
  "hobobarrel": "חבית אש",
  "door.hinged.industrial.a": "דלת תעשייתית",
  "candycaneclub": "מועדון סוכריה על מקל",
  "xmas.lightstring": "אורות חג מולד",
  "xmas.door.garland": "גרלנד לפארק הדלת",
  "candycane": "סוכריה על מקל",
  "giantcandycanedecor": "קישוט ממתק ענק",
  "wall.ice.wall": "Short Ice Wall",
  "wall.external.high.ice": "High Ice Wall",
  "giantlollipops": "תפאורה על מקל",
  "sign.neon.125x125": "שלט ניאון קטן",
  "sign.neon.125x215.animated": "שלט ניאון מונפש בינוני",
  "sign.neon.125x215": "שלט ניאון בינוני",
  "sign.neon.xl.animated": "שלט ניאון מונפש גדול",
  "sign.neon.xl": "שלט ניאון גדול",
  "pookie.bear": "דוב צעצוע",
  "xmas.lightstring.advanced": "Deluxe Christmas Lights",
  "coal": "פחם :(",
  "xmas.present.large": "מתנה גדולה",
  "xmas.present.medium": "הווה בינוני",
  "xmas.present.small": "הווה קטן",
  "sled.xmas": "Sled",
  "sled": "Sled",
  "snowmachine": "מכונת שלג",
  "snowball": "כדור שלג",
  "snowballgun": "Snowball Gun",
  "snowman": "איש שלג",
  "stocking.large": "SUPER Stocking",
  "stocking.small": "גרב קטנה",
  "attire.reindeer.headband": "קרני איילים",
  "santabeard": "זקן סנטה",
  "santahat": "כובע סנטה",
  "xmas.window.garland": "גרלנד חלון חגיגי",
  "wrappedgift": "מתנה עטופה",
  "wrappingpaper": "נייר עטיפה",
  "xmasdoorwreath": "זר דלת חג המולד",
  "xmas.decoration.baubels": "באבלים דקורטיביים",
  "xmas.decoration.candycanes": "קני ממתקים דקורטיביים מפלסטיק",
  "xmas.decoration.gingerbreadmen": "גברים זנגבילים דקורטיביים",
  "xmas.decoration.lights": "אורות עץ",
  "xmas.decoration.pinecone": "פינקונים דקורטיביים",
  "xmas.decoration.star": "טופר עץ הכוכב",
  "xmas.decoration.tinsel": "טינסל דקורטיבי",
  "xmas.tree": "עץ חג המולד",
  "autoturret": "מכונת ירי אוטומטית",
  "flameturret": "מכונת אש",
  "gloweyes": "עניים זוהרות",
  "ammo.rocket.sam": "תחמושת קרקע אוויר",
  "samsite": "כיפת ברזל",
  "black.berry": "אוכמנית שחורה",
  "clone.black.berry": "הכפל אוכמניות",
  "seed.black.berry": "זרעי אוכמנית שחורות",
  "blue.berry": "אוכמנית",
  "clone.blue.berry": "הכפל אוכמנית\n",
  "seed.blue.berry": "זרעי אוכמנית כחולות",
  "green.berry": "אוכמניות",
  "clone.green.berry": "הכפל אוכמניות ירוקות",
  "seed.green.berry": "זרעי אוכמנית ירוקות",
  "red.berry": "גרגר אדום",
  "clone.red.berry": "הכפל אוכמניות אדומה",
  "seed.red.berry": "זרעי אוכמנית אדומות",
  "white.berry": "פירות יער לבנים",
  "clone.white.berry": "העתק אוכמנייה לבנה",
  "seed.white.berry": "זרעי פירות יער לבנים",
  "yellow.berry": "פירות יער צהובים",
  "clone.yellow.berry": "אוכמנית צהובות",
  "seed.yellow.berry": "זרעי אוכמנית צהובות",
  "corn": "תירס",
  "clone.corn": "שיבוט תירס",
  "seed.corn": "זרעי תירס",
  "clone.hemp": "שיבוט קנביס",
  "seed.hemp": "זרעי כותנה",
  "potato": "תפוח אדמה",
  "clone.potato": "שיבוט של תפוח אדמה",
  "seed.potato": "זרעי תפוחי אדמה",
  "pumpkin": "דלעת",
  "clone.pumpkin": "שיבוט צמח דלעת",
  "seed.pumpkin": "זרעי דלעת",
  "fat.animal": "שומן של מבעל-חיים",
  "battery.small": "סוללה - קטן",
  "blood": "דם",
  "bone.fragments": "שברי עצמות",
  "cctv.camera": "מצלמת אבטחה",
  "charcoal": "פחם",
  "cloth": "בד",
  "crude.oil": "נפט גולמי",
  "diesel_barrel": "דלק דיזל",
  "can.beans.empty": "פחית שעועית ריקה",
  "can.tuna.empty": "פחית טונה ריקה",
  "explosives": "חומרי נפץ",
  "fertilizer": "דשן\n",
  "gunpowder": "אבקת שריפה",
  "horsedung": "גללי סוסים",
  "hq.metal.ore": "עפרות מתכת באיכות גבוהה",
  "metal.refined": "מתכת באיכות גבוהה",
  "leather": "עור",
  "lowgradefuel": "דלק באיכות נמוכה",
  "metal.fragments": "שברי מתכת",
  "metal.ore": "עופרת ברזל",
  "paper": "נייר",
  "plantfiber": "םייחמצ םיביס",
  "researchpaper": "עבודת מחקר",
  "water.salt": "מים מלוחים",
  "scrap": "גרוטאות",
  "stones": "אבנים",
  "sulfur.ore": "עופרת גופרית",
  "sulfur": "גופרית",
  "targeting.computer": "מחשב ממקד",
  "water": "מים",
  "skull.wolf": "גולגולת זאב",
  "wood": "ץע",
  "healingtea.advanced": "תה ריפוי מתקדם",
  "healingtea": "תה ריפוי בסיסי",
  "healingtea.pure": "תה ריפוי טהור",
  "maxhealthtea.advanced": "תה מתקדם למקסימום בריאות",
  "maxhealthtea": "תה בסיסי למקסימום בריאות",
  "maxhealthtea.pure": "תה טהור למקסימום בריאות",
  "oretea.advanced": "עופרת תה מתקדמת",
  "oretea": "תי חציבה בסיסי",
  "oretea.pure": "תה עופרת טהורה",
  "radiationremovetea.advanced": "קרינה חזקה. הסר תה",
  "radiationremovetea": "קרינה. הסר תה",
  "radiationremovetea.pure": "קרינה טהורה. הסר תה",
  "radiationresisttea.advanced": "תה נוגד קרינה מתקדם",
  "radiationresisttea": "תה נוגד קרינה",
  "radiationresisttea.pure": "תה נוגד קרינה טהור",
  "scraptea.advanced": "תה גרוטאות מתקדם",
  "scraptea": "תה גרוטאות בסיסי",
  "scraptea.pure": "תה גרוטאות טהור",
  "woodtea.advanced": "Advanced Wood Tea",
  "woodtea": "Basic Wood Tea",
  "woodtea.pure": "Pure Wood Tea",
  "antiradpills": "גלולות נגד קרינה",
  "tool.binoculars": "משקפת",
  "explosive.timed": "מטען חבלה מתוזמן",
  "tool.camera": "מצלמה",
  "rf.detonator": "משדר RF",
  "fishingrod.handmade": "חכת דיג בעבודת יד",
  "flare": "זיקוק",
  "flashlight.held": "פנס",
  "geiger.counter": "מונה קרינה",
  "hosetool": "צינור",
  "jackhammer": "פטיש אוויר",
  "keycard_blue": "כרטיס כחול",
  "keycard_green": "כרטיס ירוק",
  "keycard_red": "כרטיס אדום",
  "largemedkit": "ערכת רפואה גדולה",
  "map": "מפת נייר",
  "syringe.medical": "מזרק רפואי",
  "rf_pager": "זימונית",
  "building.planner": "תוכנית בנייה",
  "grenade.smoke": "רימון עשן",
  "supply.signal": "איתות אספקה",
  "surveycharge": "Survey Charge",
  "wiretool": "כלי חוט",
  "vehicle.chassis.2mod": "Small Chassis",
  "vehicle.chassis.3mod": "Medium Chassis",
  "vehicle.chassis.4mod": "Large Chassis",
  "vehicle.chassis": "Generic vehicle chassis",
  "vehicle.1mod.cockpit": "Cockpit Vehicle Module",
  "vehicle.1mod.cockpit.armored": "Armored Cockpit Vehicle Module",
  "vehicle.1mod.cockpit.with.engine": "Cockpit With Engine Vehicle Module",
  "vehicle.1mod.engine": "Engine Vehicle Module",
  "vehicle.1mod.flatbed": "Flatbed Vehicle Module",
  "vehicle.1mod.passengers.armored": "Armored Passenger Vehicle Module",
  "vehicle.1mod.rear.seats": "Rear Seats Vehicle Module",
  "vehicle.1mod.storage": "Storage Vehicle Module",
  "vehicle.1mod.taxi": "Taxi Vehicle Module",
  "vehicle.2mod.flatbed": "Large Flatbed Vehicle Module",
  "vehicle.2mod.fuel.tank": "Fuel Tank Vehicle Module",
  "vehicle.2mod.passengers": "Passenger Vehicle Module",
  "vehicle.module": "Generic vehicle module",
  "telephone": "טלפון",
  "weapon.mod.8x.scope": "כוונת 16x",
  "weapon.mod.flashlight": "פנס טקטי",
  "weapon.mod.holosight": "כוונת טקטית",
  "weapon.mod.lasersight": "Weapon Lasersight",
  "weapon.mod.muzzleboost": "Muzzle Boost",
  "weapon.mod.muzzlebrake": "Muzzle Brake",
  "weapon.mod.simplesight": "כוונת עבודת-יד פשוטה",
  "weapon.mod.silencer": "משתיק קול",
  "weapon.mod.small.scope": "היקף זום 8x",
  "rifle.ak": "רובה סער",
  "bandage": "תחבושת",
  "grenade.beancan": "רימון יד מאולתר",
  "rifle.bolt": "רובה בעל פעולת בריח",
  "bone.club": "מקל עצם",
  "knife.bone": "סכין עצם",
  "bow.hunting": "דיצ תשק",
  "cakefiveyear": "עוגת יום הולדת",
  "chainsaw": "מסור חשמלי",
  "salvaged.cleaver": "סכין קצבים מאולתר",
  "bow.compound": "קשת משודרגת",
  "crossbow": "קשת מוצלבת",
  "shotgun.double": "רובה ציד כפול",
  "pistol.eoka": "אקדח אוקה",
  "grenade.f1": "רימון יד",
  "flamethrower": "להביור",
  "multiplegrenadelauncher": "משגרי רימונים רבים",
  "knife.butcher": "סכין קצבים",
  "pitchfork": "קילשון",
  "sickle": "מגל",
  "hammer": "פטיש",
  "hatchet": "גרזן",
  "knife.combat": "סכין קרבית",
  "rifle.l96": "צלף ארקטיק וורפר",
  "rifle.lr300": "300 םגד הנק ךורא הבור",
  "lmg.m249": "M249",
  "rifle.m39": "מקלע M39",
  "pistol.m92": "אקדח M92",
  "mace": "אלה",
  "machete": "מצ'טה",
  "smg.mp5": "MP5A4",
  "pistol.nailgun": "םירמסמ חדקא",
  "paddle": "משוט",
  "pickaxe": "שוכמ",
  "shotgun.waterpipe": "רובה ציד ",
  "pistol.python": "ןותייפ רבלוביר",
  "pistol.revolver": "רבלובר",
  "rock": "סלע",
  "rocket.launcher": "משגר רקטות",
  "axe.salvaged": "גרזן מואלתר",
  "hammer.salvaged": "פטיש מאולתר",
  "icepick.salvaged": "רתלואמ חרק שוקמ",
  "explosive.satchel": "מטען חבלה",
  "shotgun.pump": "רובה שוטגאן משאבה",
  "pistol.semiauto": "אקדח חצי אוטומטי",
  "rifle.semiauto": "רובה חצי אוטומטי",
  "smg.2": "מקלע קל מותאם אישית",
  "shotgun.spas12": "ספא -12 רובה ציד",
  "stonehatchet": "גרזן עץ",
  "stone.pickaxe": "ןבא שוכמ",
  "spear.stone": "חנית אבן",
  "longsword": "חרב ארוכה",
  "salvaged.sword": "חרב מאולתרת",
  "smg.thompson": "תומפסון",
  "toolgun": "Garry's Mod Tool Gun",
  "torch": "לפיד",
  "bucket.water": "דלי מים",
  "spear.wooden": "ץע תינח",
  "horse.armor.roadsign": "שריון קל לסוס",
  "horse.armor.wood": "שריון קל לסוס",
  "horse.saddle": "אוכף סוס",
  "horse.saddlebag": "תיק אוכף",
  "horse.shoes.advanced": "פרסות סוס באיכות גבוהה",
  "horse.shoes.basic": "פרסות סוס בסיסיות"
}