{
  "hat.wolf": "Kurt Kafalığı",
  "fogmachine": "Fogger-3000",
  "strobelight": "Flaş Işığı",
  "kayak": "Kano",
  "minihelicopter.repair": "MC onarımı",
  "scraptransportheli.repair": "Hurda Taşıma Helikopter Onarımı",
  "submarineduo": "İkili Denizaltı",
  "submarinesolo": "Tek kişilik Denizaltı",
  "workcart": "Servis Treni",
  "ammo.grenadelauncher.buckshot": "40mm Pompalı Mermisi",
  "ammo.grenadelauncher.he": "40mm Yüksek Patlayıcılı Bomba",
  "ammo.grenadelauncher.smoke": "40mm Sis Bombası",
  "arrow.hv": "Yüksek Hızlı Ok",
  "arrow.wooden": "Ahşap Ok",
  "arrow.bone": "Kemik Ok",
  "arrow.fire": "Ateşli Ok",
  "ammo.handmade.shell": "El Yapımı Mermi",
  "ammo.nailgun.nails": "Çivi Tabancası Çivileri",
  "ammo.pistol": "Tabanca Mermisi",
  "ammo.pistol.fire": "Yanıcı Tabanca Mermisi",
  "ammo.pistol.hv": "YH Tabanca Mermisi",
  "ammo.rifle": "5.56 Tüfek Mermisi",
  "ammo.rifle.explosive": "Patlayıcı 5.56 Tüfek Mermisi",
  "ammo.rifle.incendiary": "Yanıcı 5.56 Tüfek Mermisi",
  "ammo.rifle.hv": "YH 5.56 Tüfek Mermisi",
  "ammo.rocket.basic": "Roket",
  "ammo.rocket.fire": "Yanıcı Roket",
  "ammo.rocket.hv": "Yüksek Hızlı Roket",
  "ammo.rocket.smoke": "Duman Roketi",
  "ammo.shotgun": "12 Kalibre Saçma",
  "ammo.shotgun.fire": "12 Kalibre Yanıcı Fişek",
  "ammo.shotgun.slug": "12 Kalibre Kurşun",
  "speargun.spear": "Zıpkın Şişi",
  "submarine.torpedo.straight": "Torpido",
  "door.double.hinged.metal": "Metal Levha Çift Kapı",
  "door.double.hinged.toptier": "Zırhlı Çift Kapı",
  "door.double.hinged.wood": "Ahşap Çift Kapı",
  "door.hinged.metal": "Metal Levha Kapı",
  "door.hinged.toptier": "Zırhlı Kapı",
  "door.hinged.wood": "Ahşap Kapı",
  "floor.grill": "Zemin Izgarası",
  "floor.ladder.hatch": "Kapaklı Açılır Merdiven",
  "floor.triangle.grill": "Üçgen zemin ızgara",
  "floor.triangle.ladder.hatch": "Üçgen Merdiven Kapağı",
  "gates.external.high.stone": "Harici Yüksek Taş Kapı",
  "gates.external.high.wood": "Harici Yüksek Ahşap Kapı",
  "ladder.wooden.wall": "Ahşap Merdiven",
  "wall.external.high.stone": "Harici Yüksek Taş Duvar",
  "wall.external.high": "Harici Yüksek Ahşap Duvar",
  "wall.frame.cell.gate": "Hapishane Hücre Kapısı",
  "wall.frame.cell": "Hapishane Hücre Duvarı",
  "wall.frame.fence.gate": "Tel Çit Kapısı",
  "wall.frame.fence": "Tel Çit",
  "wall.frame.garagedoor": "Garaj kapısı",
  "wall.frame.netting": "Ağ Örgüsü",
  "wall.frame.shopfront": "Dükkan Önü",
  "wall.frame.shopfront.metal": "Metal Dükkan Önü",
  "wall.window.bars.metal": "Metal Pencere Parmaklıkları",
  "wall.window.bars.toptier": "Sağlamlaştırılmış Cam Pencere",
  "wall.window.bars.wood": "Ahşap Pencere Parmaklıkları",
  "shutter.metal.embrasure.a": "Yatay metal mazgal deliği",
  "shutter.metal.embrasure.b": "Dikey Metal Mazgal",
  "wall.window.glass.reinforced": "Güçlendirilmiş Cam Pencere",
  "shutter.wood.a": "Ahşap Panjurlar",
  "watchtower.wood": "Gözetleme Kulesi",
  "diving.fins": "Dalış Paletleri",
  "diving.mask": "Dalış Maskesi",
  "diving.tank": "Oksijen Tüpü",
  "diving.wetsuit": "Dalgıç Kıyafeti",
  "boots.frog": "Kurbağa Botları",
  "barrelcostume": "Bir varil kostümü",
  "cratecostume": "Sandık Kostümü",
  "hat.gas.mask": "Gaz Maskesi",
  "burlap.gloves.new": "Çuval bezi eldivenleri",
  "burlap.gloves": "Deri Eldivenler",
  "roadsign.gloves": "Yol tabelası Eldivenleri",
  "tactical.gloves": "Taktiksel Eldiven",
  "ghostsheet": "Hayalet Kostümü",
  "halloween.mummysuit": "Mumya Kostümü",
  "scarecrow.suit": "Korkuluk Kostümü",
  "scarecrowhead": "Korkuluk Şalı",
  "attire.hide.helterneck": "Deri Südyen",
  "hat.beenie": "Bere",
  "hat.boonie": "Bone",
  "bucket.helmet": "Kova Kaskı",
  "burlap.headwrap": "Çuval Bezi Kafalığı",
  "hat.candle": "Mum Şapkası",
  "hat.cap": "Beyzbol Şapkası",
  "clatter.helmet": "Clatter Kaskı",
  "coffeecan.helmet": "Kahve Kutusu Kaskı",
  "deer.skull.mask": "Kemik Kask",
  "heavy.plate.helmet": "Ağır Plaka Kask",
  "hat.miner": "Madenci Kaskı",
  "partyhat": "Parti Şapkası",
  "riot.helmet": "İsyancı Kaskı",
  "wood.armor.helmet": "Tahta Kask",
  "hoodie": "Kapüşonlu Ceket",
  "bone.armor.suit": "Kemik Zırh",
  "heavy.plate.jacket": "Ağır Plaka Ceket",
  "jacket.snow": "Kar Kamuflajlı Ceket",
  "jacket": "Ceket",
  "wood.armor.jacket": "Ahşap Göğüs Plakası",
  "mask.balaclava": "Doğaçlanmış Kar Maskesi",
  "mask.bandana": "Bandana Maskesi",
  "metal.facemask": "Metal Yüz Maskesi",
  "nightvisiongoggles": "Gece Görüş Gözlüğü",
  "attire.ninja.suit": "Ninja Kostümü",
  "burlap.trousers": "Çuval Pantolon",
  "heavy.plate.pants": "Ağır Plaka Pantolon",
  "attire.hide.pants": "Deri Pantolon",
  "roadsign.kilt": "Yol İşaretli İskoç Eteği",
  "pants.shorts": "Şort",
  "wood.armor.pants": "Ahşap Zırhlı Pantolon",
  "pants": "Pantolon",
  "attire.hide.poncho": "Deri Panço",
  "burlap.shirt": "Çuval Gömlek",
  "shirt.collared": "Gömlek",
  "attire.hide.vest": "Deri Yelek",
  "shirt.tanktop": "Atlet",
  "shoes.boots": "Çizmeler",
  "burlap.shoes": "Çuval Ayakkabı",
  "attire.hide.boots": "Deri Çizmeler",
  "attire.hide.skirt": "Deri Etek",
  "attire.banditguard": "Haydut Bekçisi Donanımı",
  "hazmatsuit": "Tehlikeli Madde Giysisi",
  "hazmatsuit_scientist": "Bilim Adamı Giysisi",
  "hazmatsuit_scientist_peacekeeper": "Bilim Adamı Giysisi",
  "hazmatsuit.spacesuit": "Uzay Elbisesi",
  "scientistsuit_heavy": "Ağır Bilim Adamı Giysisi",
  "jumpsuit.suit.blue": "Mavi Tulum",
  "jumpsuit.suit": "Tulum",
  "tshirt.long": "Uzun Kollu Mavi Tişört",
  "tshirt": "Tişört",
  "metal.plate.torso": "Metal Göğüs Zırhı",
  "roadsign.jacket": "Yol İşaretli Ceket",
  "bleach": "Çamaşır Suyu",
  "ducttape": "Koli Bant",
  "carburetor1": "Düşük Kaliteli Karbüratör",
  "carburetor2": "Orta Kaliteli Karbüratör",
  "carburetor3": "Yüksek Kaliteli Karbüratör",
  "crankshaft1": "Düşük Kalite Krank Mili",
  "crankshaft2": "Orta Kalite Krank Mili",
  "crankshaft3": "Yüksek Kaliteli Krank Mili",
  "piston1": "Düşük Kaliteli Pistonlar",
  "piston2": "Orta Kalite Pistonlar",
  "piston3": "Yüksek Kaliteli Pistonlar",
  "sparkplug1": "Düşük Kalite Bujiler",
  "sparkplug2": "Orta Kalite Bujiler",
  "sparkplug3": "Yüksek Kalite Bujiler",
  "valve1": "Düşük Kalite Vanalar",
  "valve2": "Orta Kalite Vanalar",
  "valve3": "Yüksek Kalite Vanalar",
  "fuse": "Elektrik sigortası",
  "gears": "Dişli",
  "glue": "Yapıştırıcı",
  "metalblade": "Metal Bıçak Ağzı",
  "metalpipe": "Metal Boru",
  "propanetank": "Boş Propan Tankı",
  "roadsigns": "Yol Levhası",
  "rope": "Halat",
  "sewingkit": "Dikiş Seti",
  "sheetmetal": "Metal Levha",
  "metalspring": "Metal Yay",
  "sticks": "Çubuk",
  "tarp": "Muşamba",
  "techparts": "Teknoloji Çöpü",
  "riflebody": "Tüfek Gövdesi",
  "semibody": "Yarı Otomatik Gövde",
  "smgbody": "Hafif Makineli Gövdesi",
  "barricade.concrete": "Beton Barikat",
  "barricade.wood.cover": "Ahşap Barikat",
  "barricade.metal": "Metal Barikat",
  "barricade.sandbags": "Kum Torbası Barikat",
  "barricade.stone": "Taş Barikat",
  "barricade.wood": "Ahşap Barikat",
  "barricade.woodwire": "Dikenli Ahşap Barikat",
  "bbq": "Barbekü",
  "trap.bear": "Ayı Kapanı",
  "bed": "Yatak",
  "campfire": "Kamp Ateşi",
  "cardtable": "Kart Masası",
  "ceilinglight": "Tavan Lambası",
  "chair": "Sandalye",
  "composter": "Organik gübre",
  "computerstation": "Bilgisayar İstasyonu",
  "drone": "Uçangöz",
  "dropbox": "Açılır kutu",
  "elevator": "Asansör",
  "fireplace.stone": "Taş şömine",
  "firework.boomer.blue": "Mavi Patlama",
  "firework.boomer.champagne": "Şampanya Patlaması",
  "firework.boomer.green": "Yeşil Patlama",
  "firework.boomer.orange": "Turuncu Patlama",
  "firework.boomer.red": "Kırmızı Patlama",
  "firework.boomer.violet": "Violet Boomer",
  "firework.romancandle.blue": "Mavi Roman Mumu",
  "firework.romancandle.green": "Yeşil Roman Mumu",
  "firework.romancandle.red": "Kırmızı Roman Mumu",
  "firework.romancandle.violet": "Mor Roman Mumu",
  "firework.volcano": "Beyaz Volkan Havai Fişeği",
  "firework.volcano.red": "Kırmızı Volkan Havai Fişeği",
  "firework.volcano.violet": "Menekşe Volkan Havai Fişek",
  "spikes.floor": "Ahşap Sivri Kazıklar",
  "fridge": "Buzdolabı",
  "furnace.large": "Büyük Fırın",
  "furnace": "Fırın",
  "hitchtroughcombo": "Bağlama kazığı ve Yalak",
  "habrepair": "Ayı Postundan Halı",
  "jackolantern.angry": "Kızgın Balkabağı Feneri",
  "jackolantern.happy": "Mutlu Balkabağı Feneri",
  "trap.landmine": "Kara Mayını",
  "lantern": "Gaz Lambası",
  "box.wooden.large": "Büyük Ahşap Kutu",
  "water.barrel": "Su Varili",
  "locker": "Kilitli Dolap",
  "mailbox": "Posta Kutusu",
  "mixingtable": "Karıştırma Masası",
  "modularcarlift": "Modüler Araç Asansörü",
  "mining.pumpjack": "Petrol Sondaj Kulesi",
  "small.oil.refinery": "Küçük Petrol Rafinerisi",
  "planter.large": "Büyük Saksı",
  "planter.small": "Küçük Saksı",
  "electric.audioalarm": "Ses Alarmı",
  "smart.alarm": "Akıllı alarm",
  "smart.switch": "Akıllı Anahtar",
  "storage.monitor": "Depolama Monitörü",
  "electric.battery.rechargable.large": "Büyük Yeniden Şarj Edilebilir Batarya",
  "electric.battery.rechargable.medium": "Orta Boy Şarj Edilebilir Batarya",
  "electric.battery.rechargable.small": "Küçük Şarj Edilebilir Batarya",
  "electric.button": "Buton",
  "electric.counter": "Sayaç",
  "electric.hbhfsensor": "HBHF Sensörü",
  "electric.laserdetector": "Lazer Dedektörü",
  "electric.pressurepad": "Basınç Plakası",
  "electric.doorcontroller": "Kapı Kontrolcüsü",
  "electric.heater": "Elektrikli Isıtıcı",
  "fluid.combiner": "Sıvı Birleştirici",
  "fluid.splitter": "Sıvı Ayırıcı",
  "fluid.switch": "Sıvı Anahtarı ve Pompası",
  "electric.andswitch": "AND Anahtarı",
  "electric.blocker": "Engelleyici",
  "electrical.branch": "Akım Ayrıştırıcı",
  "electrical.combiner": "Kök Birleştirici",
  "electrical.memorycell": "Hafıza Birimi",
  "electric.orswitch": "OR Anahtarı",
  "electric.random.switch": "RAND Anahtarı",
  "electric.rf.broadcaster": "RF Yayıncı",
  "electric.rf.receiver": "RF Alıcısı",
  "electric.xorswitch": "XOR Anahtarı",
  "electric.fuelgenerator.small": "Küçük Jeneratör",
  "electric.generator.small": "Test Üreticisi",
  "electric.solarpanel.large": "Büyük Güneş Paneli",
  "electric.igniter": "Tutuştur",
  "electric.flasherlight": "Flaşör Işık",
  "electric.simplelight": "Basit Işık",
  "electric.sirenlight": "Siren ışığı",
  "powered.water.purifier": "Elektrikli Su Arıtıcı",
  "electric.switch": "Elektrik Düğmesi",
  "electric.splitter": "Bölüştürücü",
  "electric.sprinkler": "fıskiye",
  "electric.teslacoil": "Tesla Bobini",
  "electric.timer": "Zamanlayıcı",
  "electric.cabletunnel": "Kablo Tüneli",
  "waterpump": "Su Pompası",
  "mining.quarry": "Maden Kazıcı",
  "target.reactive": "Reaktif Hedef",
  "box.repair.bench": "Onarım Tezgahı",
  "research.table": "Araştırma Masası",
  "rug.bear": "Ayı Postu Halı",
  "rug": "Halı",
  "searchlight": "Arama Işığı",
  "secretlabchair": "Gizli Laboratuvar Sandalyesi",
  "shelves": "İki Katlı Raf",
  "sign.hanging.banner.large": "Asılabilir Büyük Afiş",
  "sign.hanging": "İki Yönlü Asılabilir Tabela",
  "sign.hanging.ornate": "Çift Taraflı Asılabilir Süslü Tabela",
  "sign.pictureframe.landscape": "Peyzaj Resim Çerçevesi",
  "sign.pictureframe.portrait": "Portre Resim Çerçevesi",
  "sign.pictureframe.tall": "Uzun Resim Çerçevesi",
  "sign.pictureframe.xl": "XL Resim Çerçevesi",
  "sign.pictureframe.xxl": "XXL Resim Çerçevesi",
  "sign.pole.banner.large": "Büyük Afiş Direği",
  "sign.post.double": "İkili Yön Tabelası",
  "sign.post.single": "Tekli Yön Tabelası",
  "sign.post.town": "Tek Taraflı Şehir Yön Tabelası",
  "sign.post.town.roof": "Çift Taraflı Şehir Yön Tabelası",
  "sign.wooden.huge": "Büyük Ahşap Tabela",
  "sign.wooden.large": "Büyük Ahşap Tabela",
  "sign.wooden.medium": "Orta Boy Tahta Tabela",
  "sign.wooden.small": "Küçük Ahşap Tabela",
  "guntrap": "Pompalı Tüfek Tuzağı",
  "sleepingbag": "Uyku Tulumu",
  "stash.small": "Küçük Kese",
  "sofa": "Kanepe",
  "spinner.wheel": "Çıkrık",
  "fishtrap.small": "Balık Tuzağı",
  "table": "Masa",
  "workbench1": "1. Seviye Çalışma Tezgahı",
  "workbench2": "2. Seviye Çalışma Tezgahı",
  "workbench3": "3. Seviye Çalışma Tezgahı",
  "cupboard.tool": "Alet Dolabı",
  "tunalight": "Ton Balığı Konserve Lambası",
  "vending.machine": "Otomatik Satış Makinesi",
  "water.catcher.large": "Büyük Su Tutucu",
  "water.catcher.small": "Küçük Su Tutucu",
  "water.purifier": "Su Arıtıcısı",
  "generator.wind.scrap": "Rüzgar Türbini",
  "box.wooden": "Ahşap Saklama Kutusu",
  "apple": "Elma",
  "apple.spoiled": "Çürümüş Elma",
  "black.raspberries": "Siyah Ahududu",
  "blueberries": "Yaban Mersini",
  "botabag": "Matara",
  "grub": "Teke",
  "worm": "Solucan",
  "cactusflesh": "Kaktüs İçi",
  "can.beans": "Fasulye Konservesi",
  "can.tuna": "Ton Balığı Konservesi",
  "chocholate": "Çikolata Barı",
  "fish.anchovy": "Hamsi",
  "fish.catfish": "Kedi balığı",
  "fish.cooked": "Pişmiş Balık",
  "fish.raw": "Çiğ Balık",
  "fish.herring": "Ringa",
  "fish.minnows": "Sazan",
  "fish.orangeroughy": "Turuncu Levrek",
  "fish.salmon": "Somon",
  "fish.sardine": "Sardalya",
  "fish.smallshark": "Küçük Köpekbalığı",
  "fish.troutsmall": "Küçük Alabalık",
  "fish.yellowperch": "Sarı Levrek",
  "granolabar": "Granola Çikolatası",
  "chicken.burned": "Yanmış Tavuk Eti",
  "chicken.cooked": "Pişmiş Tavuk Eti",
  "chicken.raw": "Çiğ Tavuk Göğsü",
  "chicken.spoiled": "Bozulmuş Tavuk Eti",
  "deermeat.burned": "Yanmış Geyik Eti",
  "deermeat.cooked": "Pişmiş Geyik Eti",
  "deermeat.raw": "Çiğ Geyik Eti",
  "horsemeat.burned": "Yanmış At Eti",
  "horsemeat.cooked": "Pişmiş At Eti",
  "horsemeat.raw": "Çiğ AT Eti",
  "humanmeat.burned": "Yanmış İnsan Eti",
  "humanmeat.cooked": "Pişmiş İnsan Eti",
  "humanmeat.raw": "Çiğ İnsan Eti",
  "humanmeat.spoiled": "Bozulmuş İnsan Eti",
  "bearmeat.burned": "Yanmış Ayı Eti",
  "bearmeat.cooked": "Pişmiş Ayı Eti",
  "bearmeat": "Çiğ Ayı Eti",
  "wolfmeat.burned": "Yanmış Kurt Eti",
  "wolfmeat.cooked": "Pişmiş Kurt Eti",
  "wolfmeat.raw": "Çiğ Kurt Eti",
  "wolfmeat.spoiled": "Bozulmuş Kurt Eti",
  "meat.pork.burned": "Yanmış Domuz Eti",
  "meat.pork.cooked": "Pişmiş Domuz Eti",
  "meat.boar": "Çiğ Domuz Eti",
  "mushroom": "Mantar",
  "jar.pickle": "Turşular",
  "smallwaterbottle": "Küçük Su Şişesi",
  "waterjug": "Su Bidonu",
  "fun.bass": "Kürektar",
  "fun.cowbell": "İnek çanı",
  "drumkit": "Hurdalık Davul Seti",
  "fun.flute": "Panflüt",
  "fun.guitar": "Akustik Gitar",
  "fun.jerrycanguitar": "Benzin Bidonu Gövdeli Gitar",
  "piano": "El Arabası Piyano",
  "fun.tambourine": "Canbourine",
  "fun.trumpet": "Tesisatçı'nın Trompeti",
  "fun.tuba": "Saksafon",
  "xylophone": "Xylobone",
  "car.key": "Araba Anahtarı",
  "door.key": "Kapı Anahtarı",
  "lock.key": "Anahtarlı kilit",
  "lock.code": "Şifreli Kilit",
  "blueprintbase": "İnşa Planı",
  "chineselantern": "Çin Feneri",
  "dragondoorknocker": "Ejderha Kapı Tokmağı",
  "hat.dragonmask": "Ejderha Maskesi",
  "newyeargong": "Yeni Yıl Çanı",
  "hat.oxmask": "Öküz Maskesi",
  "hat.ratmask": "Sıçan Maskesi",
  "lunar.firecrackers": "Hava Fişek Dizesi",
  "arcade.machine.chippy": "Chippy Atari Oyunu",
  "door.closer": "Kapı Hidroliği",
  "attire.bunnyears": "Tavşan Kulakları",
  "attire.bunny.onesie": "Tavşan Kostümü",
  "hat.bunnyhat": "Tavşan Şapkası",
  "easterdoorwreath": "Paskalya Kapı Çelenk",
  "easterbasket": "Yumurta Sepeti",
  "rustige_egg_a": "Rustig? Yumurta - Kırmızı",
  "rustige_egg_b": "Rustigg Yumurta-Mavi\n",
  "rustige_egg_c": "Rustig? Yumurta - Mor",
  "rustige_egg_d": "Rustig? Yumurta - Fildişi",
  "rustige_egg_e": "Rustigé Yumurta - Yeşil",
  "attire.nesthat": "Yuva Şapkası",
  "easter.bronzeegg": "Bronz Yumurta",
  "easter.goldegg": "altın yumurta",
  "easter.paintedeggs": "Boyanmış Yumurta",
  "easter.silveregg": "Gümüş yumurta",
  "halloween.candy": "Cadılar Bayramı Şekeri",
  "largecandles": "Büyük Mum Seti",
  "smallcandles": "Küçük Mum Seti",
  "coffin.storage": "Tabut",
  "cursedcauldron": "Lanetli Kazanı",
  "gravestone": "Mezar Taşı",
  "woodcross": "Ahşap Haç",
  "wall.graveyard.fence": "Mezarlık Çiti",
  "halloween.lootbag.large": "Büyük Ganimet Çantası",
  "halloween.lootbag.medium": "Orta Ganimet Çantası",
  "halloween.lootbag.small": "Küçük Ganimet Çantası",
  "pumpkinbasket": "Balkabağı Sepeti",
  "scarecrow": "Korkuluk",
  "skullspikes.candles": "Kafatası Kazıkları",
  "skullspikes.pumpkin": "Kafatası Kazıkları",
  "skullspikes": "Kafatası Kazıkları",
  "skulldoorknocker": "Kafatası Kapı Tokmağı",
  "skull_fire_pit": "Kafatası Kamp Ateşi",
  "spiderweb": "Örümcek Ağı",
  "spookyspeaker": "Korkutucu Hoparlör",
  "halloween.surgeonsuit": "Cerrah Scrubs",
  "skull.trophy.jar": "Kafatası Kupası",
  "skull.trophy.jar2": "Kafatası Kupası",
  "skull.trophy.table": "Kafatası Kupası",
  "skull.trophy": "Kafatası Kupası",
  "movembermoustachecard": "Movember Bıyığı Kartı",
  "movembermoustache": "Movember Bıyığı",
  "note": "Not",
  "skull.human": "İnsan Kafatası",
  "abovegroundpool": "Zemin Üstü Havuz",
  "beachchair": "Plaj Sandalyesi",
  "beachparasol": "Plaj Şemsiyesi",
  "beachtable": "Plaj Masası",
  "beachtowel": "Plaj Havlusu",
  "boogieboard": "Yüzme Tahtası",
  "innertube": "Şişme Simit",
  "innertube.horse": "Şişme Simit",
  "innertube.unicorn": "Şişme Simit",
  "tool.instant_camera": "Polaroid Fotoğraf Makinesi",
  "paddlingpool": "Şişme Havuz",
  "photo": "Fotoğraf",
  "photoframe.landscape": "Yatay Fotoğraf Çerçevesi",
  "photoframe.large": "Büyük Fotoğraf Çerçevesi",
  "photoframe.portrait": "Dikey Fotoğraf Çerçevesi",
  "sunglasses02black": "Güneş gözlüğü",
  "sunglasses02camo": "Güneş gözlüğü",
  "sunglasses02red": "Güneş gözlüğü",
  "sunglasses03black": "Güneş gözlüğü",
  "sunglasses03chrome": "Güneş gözlüğü",
  "sunglasses03gold": "Güneş gözlüğü",
  "sunglasses": "Güneş gözlüğü",
  "gun.water": "Su Tabancası",
  "pistol.water": "Su Tabancası",
  "twitchsunglasses": "Mor Güneş Gözlüğü",
  "twitch.headset": "Kulaklık",
  "hobobarrel": "Evsiz Varili",
  "door.hinged.industrial.a": "Endüstriyel Kapı",
  "candycaneclub": "Şeker Kamışı Sopası",
  "xmas.lightstring": "Noel Işıkları",
  "xmas.door.garland": "Şenlikli Kapı Çelengi",
  "candycane": "Şeker Kamışı",
  "giantcandycanedecor": "Dev Şeker Dekoru",
  "wall.ice.wall": "Kısa Buzdan Duvar",
  "wall.external.high.ice": "Yüksek Buzdan Duvar",
  "giantlollipops": "Devasa Lolipop Dekoru",
  "sign.neon.125x125": "Küçük Neon Tabela",
  "sign.neon.125x215.animated": "Orta Boy Hareketli Neon Tabela",
  "sign.neon.125x215": "Orta boy Neon Tabela",
  "sign.neon.xl.animated": "Büyük Animasyonlu Neon Tabela",
  "sign.neon.xl": "Büyük Neon Tabela",
  "pookie.bear": "Oyuncak Ayı",
  "xmas.lightstring.advanced": "Delüks Noel Işıkları",
  "coal": "Kömür :(",
  "xmas.present.large": "Büyük Boy Hediye",
  "xmas.present.medium": "Orta Boy Hediye",
  "xmas.present.small": "Küçük Boy Hediye",
  "sled.xmas": "Kızak",
  "sled": "Kızak",
  "snowmachine": "Kar Makinesi",
  "snowball": "Kartopu",
  "snowballgun": "Kartopu Silahı",
  "snowman": "Kardan adam",
  "stocking.large": "Hediye Çorabı",
  "stocking.small": "Küçük Noel Çorabı",
  "attire.reindeer.headband": "Ren Geyiği Boynuzları",
  "santabeard": "Noel Baba Sakalı",
  "santahat": "Noel Şapkası",
  "xmas.window.garland": "Festival Süslemesi",
  "wrappedgift": "Sarılmış Hediye",
  "wrappingpaper": "Ambalaj Kağıdı",
  "xmasdoorwreath": "Noel Kapısı Çelengi",
  "xmas.decoration.baubels": "Dekoratif Biblolar",
  "xmas.decoration.candycanes": "Dekoratif Plastik Şeker Bastonlar",
  "xmas.decoration.gingerbreadmen": "Dekoratif Zencefilli Erkek",
  "xmas.decoration.lights": "Ağaç Işıkları",
  "xmas.decoration.pinecone": "Dekoratif Kozalaklar",
  "xmas.decoration.star": "Yıldız Ağaç Ucu Süsü",
  "xmas.decoration.tinsel": "Süs Amaçlı Panel",
  "xmas.tree": "Yılbaşı ağacı",
  "autoturret": "Otomatik Taret",
  "flameturret": "Alev Tareti",
  "gloweyes": "Parlayan gözler",
  "ammo.rocket.sam": "SAM Mermisi",
  "samsite": "SAM Sitesi",
  "black.berry": "Siyah Böğürtlen",
  "clone.black.berry": "Siyah Böğürtlen Klonu",
  "seed.black.berry": "Siyah Böğürtlen Tohumu",
  "blue.berry": "Mavi Böğürtlen",
  "clone.blue.berry": "Mavi Böğürtlen Klonu",
  "seed.blue.berry": "Mavi Böğürtlen Tohumu",
  "green.berry": "Yeşil Böğürtlen",
  "clone.green.berry": "Yeşil Böğürtlen Klonu",
  "seed.green.berry": "Yeşil Böğürtlen Tohumu",
  "red.berry": "Kırmızı Böğürtlen",
  "clone.red.berry": "Kırmızı Böğürtlen Klonu",
  "seed.red.berry": "Kırmızı Böğürtlen Tohumu",
  "white.berry": "Beyaz Böğürtlen",
  "clone.white.berry": "Beyaz Böğürtlen Klonu",
  "seed.white.berry": "Beyaz Böğürtlen Tohumu",
  "yellow.berry": "Sarı Böğürtlen",
  "clone.yellow.berry": "Sarı Böğürtlen Klonu",
  "seed.yellow.berry": "Sarı Böğürtlen Tohumu",
  "corn": "Mısır",
  "clone.corn": "Mısır Klonu",
  "seed.corn": "Mısır Tohumu",
  "clone.hemp": "Kenevir Klonu",
  "seed.hemp": "Kenevir Tohumu",
  "potato": "Patates",
  "clone.potato": "Patates Klonu",
  "seed.potato": "Patates Tohumu",
  "pumpkin": "Bal Kabağı",
  "clone.pumpkin": "Kabak Bitkisi Klonu",
  "seed.pumpkin": "Balkabağı Tohumu",
  "fat.animal": "Hayvan Yağı",
  "battery.small": "Batarya - Küçük",
  "blood": "Kan",
  "bone.fragments": "Kemik Parçaları",
  "cctv.camera": "CCTV Kamerası",
  "charcoal": "Kömür",
  "cloth": "Kumaş",
  "crude.oil": "Ham Petrol",
  "diesel_barrel": "Dizel Yakıt",
  "can.beans.empty": "Boş Fasulye Konservesi",
  "can.tuna.empty": "Boş Ton Balığı Konservesi",
  "explosives": "Patlayıcı Madde",
  "fertilizer": "Gübre",
  "gunpowder": "Barut",
  "horsedung": "At gübresi",
  "hq.metal.ore": "Yüksek Kaliteli Metal Cevheri",
  "metal.refined": "Yüksek Kaliteli Metal",
  "leather": "Deri",
  "lowgradefuel": "Düşük Kaliteli Yakıt",
  "metal.fragments": "Eritilmiş Metal",
  "metal.ore": "Metal Madeni",
  "paper": "Kağıt",
  "plantfiber": "Bitki sarmaşığı topla",
  "researchpaper": "Araştırma Kağıdı",
  "water.salt": "Tuzlu Su",
  "scrap": "Hurda",
  "stones": "Taş",
  "sulfur.ore": "Kükürt Cevheri",
  "sulfur": "Kükürt",
  "targeting.computer": "Hedef Alma Bilgisayarı",
  "water": "Su",
  "skull.wolf": "Kurt Kafatası",
  "wood": "Odun",
  "healingtea.advanced": "Gelişmiş Şifa Çayı",
  "healingtea": "Basit Şifa Çayı",
  "healingtea.pure": "Saf Şifa Çayı",
  "maxhealthtea.advanced": "Gelişmiş Sağlık Yükseltme Çayı",
  "maxhealthtea": "Basit Sağlık Yükseltme Çayı",
  "maxhealthtea.pure": "Saf Sağlık Yükseltme Çayı",
  "oretea.advanced": "Gelişmiş Cevher Çayı",
  "oretea": "Basit Cevher Çayı",
  "oretea.pure": "Saf Cevher Çayı",
  "radiationremovetea.advanced": "Gelişmiş Radyasyon Giderme Çayı",
  "radiationremovetea": "Radyasyon Giderme Çayı",
  "radiationremovetea.pure": "Saf Radyasyon Giderme Çayı",
  "radiationresisttea.advanced": "Gelişmiş Anti-Radyasyon Çayı",
  "radiationresisttea": "Anti Radyasyon Çayı",
  "radiationresisttea.pure": "Saf Anti-Radyasyon Çayı",
  "scraptea.advanced": "Gelişmiş Hurda Çayı",
  "scraptea": "Basit Hurda Çayı",
  "scraptea.pure": "Saf Hurda Çayı",
  "woodtea.advanced": "Gelişmiş Odun Çayı",
  "woodtea": "Basit Odun Çayı",
  "woodtea.pure": "Saf Odun Çayı",
  "antiradpills": "Anti-Radyasyon hapları",
  "tool.binoculars": "Dürbün",
  "explosive.timed": "Zaman Ayarlı Patlayıcı",
  "tool.camera": "Kamera",
  "rf.detonator": "RF Aktarıcı",
  "fishingrod.handmade": "El yapımı olta",
  "flare": "İşaret Fişeği",
  "flashlight.held": "El Feneri",
  "geiger.counter": "Radyasyon sayacı",
  "hosetool": "Hortum Aracı",
  "jackhammer": "Delici Çekiç",
  "keycard_blue": "Mavi Giriş Kartı",
  "keycard_green": "Yeşil Giriş Kartı",
  "keycard_red": "Kırmızı Giriş Kartı",
  "largemedkit": "Büyük Sağlık Çantası",
  "map": "Kağıt Harita",
  "syringe.medical": "Tıbbi Şırınga",
  "rf_pager": "RF Çağrı Cihazı",
  "building.planner": "İnşa Planı",
  "grenade.smoke": "Sis Bombası",
  "supply.signal": "Yardım Sinyali",
  "surveycharge": "Dinamit",
  "wiretool": "Kablo",
  "vehicle.chassis.2mod": "Küçük Şasi",
  "vehicle.chassis.3mod": "Ortalama Şasi",
  "vehicle.chassis.4mod": "Büyük Şasi",
  "vehicle.chassis": "Genel araç şasisi",
  "vehicle.1mod.cockpit": "Kokpit Araç Modülü",
  "vehicle.1mod.cockpit.armored": "Zırhlı Kokpit Araç Modülü",
  "vehicle.1mod.cockpit.with.engine": "Motorlu Kokpit Modülü",
  "vehicle.1mod.engine": "Motorlu Taşıt Modülü",
  "vehicle.1mod.flatbed": "Flatbed Araç Modülü",
  "vehicle.1mod.passengers.armored": "Zırhlı Yolcu Araç Modülü",
  "vehicle.1mod.rear.seats": "Arka Koltuklu Taşıt Modülü",
  "vehicle.1mod.storage": "Depolama Taşıtı Modülü",
  "vehicle.1mod.taxi": "Taksi Araç Modülü",
  "vehicle.2mod.flatbed": "Büyük Kamyonet Araç Modülü",
  "vehicle.2mod.fuel.tank": "Yakıt Tankı Taşıt Modülü",
  "vehicle.2mod.passengers": "Yolcu Taşıt Modülü",
  "vehicle.module": "Genel araç modülü",
  "boombox": "Boom Box",
  "fun.boomboxportable": "Portatif Boom Box",
  "cassette": "Kaset - Uzun",
  "cassette.medium": "Kaset - Orta",
  "cassette.short": "Kaset - Kısa",
  "fun.casetterecorder": "Kasetçalar",
  "discoball": "Disko Topu",
  "discofloor": "Disko Pisti",
  "discofloor.largetiles": "Disko Pisti",
  "connected.speaker": "Bağlantılı Hoperlör",
  "laserlight": "Lazer Işık",
  "megaphone": "Megafon",
  "microphonestand": "Mikrofon Standı",
  "mobilephone": "Cep Telefonu",
  "soundlight": "Ses Işığı",
  "telephone": "Telefon",
  "weapon.mod.8x.scope": "16x Optik Dürbün",
  "weapon.mod.flashlight": "Silah Feneri",
  "weapon.mod.holosight": "Holografik Görüş",
  "weapon.mod.lasersight": "Silah Lazeri",
  "weapon.mod.muzzleboost": "Namlu Kuvvetlendirici",
  "weapon.mod.muzzlebrake": "Namlu Ağız Baskısı",
  "weapon.mod.simplesight": "Basit El Yapımı Nişangâh",
  "weapon.mod.silencer": "Susturucu",
  "weapon.mod.small.scope": "8x Yakınlaştırma Dürbünü",
  "rifle.ak": "Taaruz Tüfeği",
  "bandage": "Bandaj",
  "grenade.beancan": "Konserve Bombası",
  "rifle.bolt": "Kurmalı Tüfek",
  "bone.club": "Kemik Sopası",
  "knife.bone": "Kemik Bıçağı",
  "bow.hunting": "Avlanma Yayı",
  "cakefiveyear": "Doğum Günü Pastası",
  "chainsaw": "Testere",
  "salvaged.cleaver": "Kurtarılmış Satır",
  "bow.compound": "Bileşik yay",
  "crossbow": "Arbalet",
  "shotgun.double": "Çift Namlulu Pompalı Tüfek",
  "pistol.eoka": "El Yapımı Tabanca",
  "grenade.f1": "F1 El Bombası",
  "flamethrower": "Alev Makinesi",
  "multiplegrenadelauncher": "Çoklu Bomba Atar",
  "knife.butcher": "Kasap Bıcağı",
  "pitchfork": "Tırpan",
  "sickle": "Orak",
  "hammer": "Çekiç",
  "hatchet": "Balta",
  "knife.combat": "Saldırı Bıçağı",
  "rifle.l96": "L96 Tüfek",
  "rifle.lr300": "LR-300 Taaruz Tüfeği",
  "lmg.m249": "M249",
  "rifle.m39": "M39 Tüfek",
  "pistol.m92": "M92 Tabanca",
  "mace": "Topuz",
  "machete": "Pala",
  "smg.mp5": "MP5A4",
  "pistol.nailgun": "Çivi tabancası",
  "paddle": "Kürek",
  "pickaxe": "Kazma",
  "shotgun.waterpipe": "Su borusu av tüfeği",
  "pistol.python": "Altıpatlar Tabanca",
  "pistol.revolver": "Altıpatlar",
  "rock": "Kaya",
  "rocket.launcher": "Roketatar",
  "axe.salvaged": "Kurtarılmış Balta",
  "hammer.salvaged": "Balyoz",
  "icepick.salvaged": "Kurtarılmış Buz Kazması",
  "explosive.satchel": "Patlayıcı Çanta",
  "shotgun.pump": "Pompalı Av Tüfeği",
  "pistol.semiauto": "Yarı Otomatik Tabanca",
  "rifle.semiauto": "Yarı Otomatik Tüfek",
  "smg.2": "Özelleştirilmiş Hafif Makineli",
  "shotgun.spas12": "Spas-12 Av Tüfeği",
  "speargun": "Zıpkın",
  "stonehatchet": "Taş Balta",
  "stone.pickaxe": "Taş Kazma",
  "spear.stone": "Taş Mızrak",
  "longsword": "Uzun kılıç",
  "salvaged.sword": "Kurtarılmış Kılıç",
  "smg.thompson": "Thompson",
  "toolgun": "Garry's Mod Alet Silahı",
  "torch": "Meşale",
  "bucket.water": "Su Kovası",
  "spear.wooden": "Ahşap Mızrak",
  "horse.armor.roadsign": "Yol Levhası At Zırhı",
  "horse.armor.wood": "Ahşap At Zırhı",
  "horse.saddle": "At Eyeri",
  "horse.saddlebag": "Eyer torbası",
  "horse.shoes.advanced": "Yüksek Kalite At Nalı",
  "horse.shoes.basic": "Basit At Nalı"
}