{
  "hat.wolf": "Copricapo a testa di lupo",
  "fogmachine": "Nebulizzatore-3000",
  "strobelight": "Luce stroboscopica",
  "kayak": "Kayak",
  "minihelicopter.repair": "Riparazione minicottero",
  "scraptransportheli.repair": "ScrapTransportHeliRepair",
  "workcart": "Work Cart",
  "ammo.grenadelauncher.buckshot": "Cannone da 40mm",
  "ammo.grenadelauncher.he": "40mm HE granata",
  "ammo.grenadelauncher.smoke": "40mm Granata fumogena",
  "arrow.hv": "Freccia ad alta velocità",
  "arrow.wooden": "Freccia di legno",
  "arrow.bone": "Freccia d'ossa",
  "arrow.fire": "Freccia di fuoco",
  "ammo.handmade.shell": "Cartuccia artigianale",
  "ammo.nailgun.nails": "Sparachiodi",
  "ammo.pistol": "Munizioni per pistola",
  "ammo.pistol.fire": "Munizioni incendiarie per pistola",
  "ammo.pistol.hv": "Munizioni ad alta velocità per pistola",
  "ammo.rifle": "Munizioni calibro 5.56 per Fucile",
  "ammo.rifle.explosive": "Munizioni esplosive calibro 5.56 per fucile",
  "ammo.rifle.incendiary": "Munizioni incendiarie calibro 5.56 per fucile",
  "ammo.rifle.hv": "Munizioni HV calibro 5.56 per fucile",
  "ammo.rocket.basic": "Razzo",
  "ammo.rocket.fire": "Razzo Incendiario",
  "ammo.rocket.hv": "Razzo ad alta velocità",
  "ammo.rocket.smoke": "Razzo Fumogeno WIP!!!!",
  "ammo.shotgun": "Pallettoni calibro 12",
  "ammo.shotgun.fire": "Pallettoni calibro 12 incendiari",
  "ammo.shotgun.slug": "Pallottola calibro 12",
  "door.double.hinged.metal": "Porta a doppia anta in lamiera",
  "door.double.hinged.toptier": "Porta a doppia anta blindata",
  "door.double.hinged.wood": "Porta a doppia anta in legno",
  "door.hinged.metal": "Porta in lamiera di metallo",
  "door.hinged.toptier": "Porta blindata",
  "door.hinged.wood": "Porta di legno",
  "floor.grill": "Griglia a pavimento",
  "floor.ladder.hatch": "Scala a scomparsa",
  "floor.triangle.grill": "Pavimento a griglia triangolare",
  "floor.triangle.ladder.hatch": "Scala a scomparsa triangolare",
  "gates.external.high.stone": "Portone alto di Pietra",
  "gates.external.high.wood": "Portone alto di Legno",
  "ladder.wooden.wall": "Scala di legno",
  "wall.external.high.stone": "Alto muro esterno di pietra",
  "wall.external.high": "Alto muro esterno di legno",
  "wall.frame.cell.gate": "Porta della cella",
  "wall.frame.cell": "Sbarre della cella",
  "wall.frame.fence.gate": "Cancello per recinzione metallica",
  "wall.frame.fence": "Recinzione in rete",
  "wall.frame.garagedoor": "Porta del Garage",
  "wall.frame.netting": "Rete",
  "wall.frame.shopfront": "Vetrina del negozio",
  "wall.frame.shopfront.metal": "Parte frontale di un negozio in metallo",
  "wall.window.bars.metal": "Sbarre per finestra in metallo",
  "wall.window.bars.toptier": "Finestra di vetro antiproiettile",
  "wall.window.bars.wood": "Sbarre di legno rinforzate per la finestra",
  "shutter.metal.embrasure.a": "Feritoia Orizzontale in Metallo",
  "shutter.metal.embrasure.b": "Feritoia Verticale in Metallo",
  "wall.window.glass.reinforced": "Finestra di vetro rinforzato",
  "shutter.wood.a": "Persiane di legno",
  "watchtower.wood": "Torre di guardia",
  "diving.fins": "Pinne da sub",
  "diving.mask": "Maschera da sub",
  "diving.tank": "Bombola da sub",
  "diving.wetsuit": "Muta",
  "boots.frog": "Stivali di rana",
  "barrelcostume": "Un costume da barile",
  "cratecostume": "Costume da cassa",
  "hat.gas.mask": "Maschera Antigas",
  "burlap.gloves.new": "Guanti di tela",
  "burlap.gloves": "Guanti di cuoio",
  "roadsign.gloves": "Guanti di segnali stradali",
  "tactical.gloves": "Guanti tattici",
  "ghostsheet": "Costume Fantasma",
  "halloween.mummysuit": "Costume da mummia",
  "scarecrow.suit": "Vestito da spaventapasseri",
  "scarecrowhead": "Mantello spaventapasseri",
  "attire.hide.helterneck": "Vestito scollato in pelle",
  "hat.beenie": "Berretto di Lana",
  "hat.boonie": "Cappello da pescatore",
  "bucket.helmet": "Elmetto a secchio",
  "burlap.headwrap": "Passamontagna di tela",
  "hat.candle": "Cappello - Candela",
  "hat.cap": "Berretto da baseball",
  "clatter.helmet": "Casco Clatter",
  "coffeecan.helmet": "Elmetto Lattina di Caffè",
  "deer.skull.mask": "Elmetto d'ossa",
  "heavy.plate.helmet": "Elmo in Lamiera Pesante",
  "hat.miner": "Cappello da minatore",
  "partyhat": "Cappello da festa",
  "riot.helmet": "Casco Antisommossa",
  "wood.armor.helmet": "Elmetto di legno",
  "hoodie": "Felpa con Cappuccio",
  "bone.armor.suit": "Armatura d'Ossa",
  "heavy.plate.jacket": "Giubbotto in Lamiera Pesante",
  "jacket.snow": "Giacca da neve",
  "jacket": "Giacca",
  "wood.armor.jacket": "Pettorina di legno [ARMATURA]",
  "mask.balaclava": "Passamontagna Arrangiato",
  "mask.bandana": "Bandana Maschera",
  "metal.facemask": "Maschera di Metallo",
  "nightvisiongoggles": "Modalità notturna occhiali ",
  "burlap.trousers": "Pantaloni di tela",
  "heavy.plate.pants": "Pantaloni in Lamiera Pesante",
  "attire.hide.pants": "Pantaloni in pelle",
  "roadsign.kilt": "Kilt di segnaletica stradale",
  "pants.shorts": "Pantaloncini",
  "wood.armor.pants": "Gambali di legno [ARMATURA]",
  "pants": "Pantaloni",
  "attire.hide.poncho": "Poncho in pelle",
  "burlap.shirt": "Maglietta di tela",
  "shirt.collared": "Camicia",
  "attire.hide.vest": "Canottiera in pelle",
  "shirt.tanktop": "Canottiera",
  "shoes.boots": "Stivali",
  "burlap.shoes": "Scarpe di tela",
  "attire.hide.boots": "Stivali in pelle",
  "attire.hide.skirt": "Gonna di pelle",
  "attire.banditguard": "Bandit Guard Gear",
  "hazmatsuit": "Tuta Hazmat",
  "hazmatsuit_scientist": "Tuta da Scienziato",
  "hazmatsuit_scientist_peacekeeper": "Tuta da scienziato",
  "hazmatsuit.spacesuit": "Tuta spaziale",
  "scientistsuit_heavy": "Tuta pesante da scienziato",
  "jumpsuit.suit": "Jumpsuit",
  "tshirt.long": "T-shirt a maniche lunghe",
  "tshirt": "T-Shirt",
  "metal.plate.torso": "Lastra di Metallo Toracica",
  "roadsign.jacket": "Giacca di segnalazione stradale",
  "bleach": "Candeggina",
  "ducttape": "Nastro adesivo",
  "carburetor1": "Carburatore di Bassa Qualità",
  "carburetor2": "Carburatore di Media Qualità",
  "carburetor3": "Carburatore d'Alta Qualità",
  "crankshaft1": "Albero a gomiti di Bassa Qualità",
  "crankshaft2": "Albero a Gomiti di Media Qualità",
  "crankshaft3": "Albero a Gomiti d'Alta Qualità",
  "piston1": "Pistoni di Bassa Qualità",
  "piston2": "Pistoni di Qualità Media",
  "piston3": "Pistoni ad Alta Qualità",
  "sparkplug1": "Candele di Bassa Qualità",
  "sparkplug2": "Candele di Media Qualità",
  "sparkplug3": "Candele d'Alta Qualità",
  "valve1": "Valvole di Bassa Qualità",
  "valve2": "Valvole di Media Qualità",
  "valve3": "Valvole d'Alta Qualità",
  "fuse": "Fusibile",
  "gears": "Ingranaggi",
  "glue": "Colla",
  "metalblade": "Lama Metallica",
  "metalpipe": "Tubo Metallico",
  "propanetank": "Tanica di Propano Vuota",
  "roadsigns": "Segnali stradali",
  "rope": "Corda",
  "sewingkit": "Kit da Cucito",
  "sheetmetal": "Lamiera",
  "metalspring": "Molla Metallica",
  "sticks": "Legnetti",
  "tarp": "Telo",
  "techparts": "Rifiuti Tecnologici",
  "riflebody": "Corpo Fucile",
  "semibody": "Corpo semi automatico",
  "smgbody": "Corpo SMG",
  "barricade.concrete": "Barricata di calcestruzzo",
  "barricade.wood.cover": "Barricata di legno",
  "barricade.metal": "Barricata di metallo",
  "barricade.sandbags": "Barricata di sacchi di sabbia",
  "barricade.stone": "Barricata di pietra",
  "barricade.wood": "Barricata di legno",
  "barricade.woodwire": "Barricata di legno con filo spinato",
  "bbq": "Barbecue",
  "trap.bear": "Tagliola",
  "bed": "Letto",
  "campfire": "Falò",
  "cardtable": "Card Table",
  "ceilinglight": "Lampadario",
  "chair": "Sedia",
  "composter": "Compostiera",
  "computerstation": "Computer per videosorveglianza",
  "drone": "Drone",
  "dropbox": "Cassetta Attrezzi",
  "elevator": "Ascensore",
  "fireplace.stone": "Caminetto in Pietra",
  "firework.boomer.blue": "Fuoco d'Artificio Esplosivo Blu",
  "firework.boomer.champagne": "Fuoco d'Artificio esplosivo blu",
  "firework.boomer.green": "Mortaio per fuochi d'artificio verdi",
  "firework.boomer.orange": "Mortaio per fuochi d'artificio arancioni",
  "firework.boomer.red": "Mortaio per fuochi d'artificio rossi",
  "firework.boomer.violet": "Mortaio per fuochi d'artificio viola",
  "firework.romancandle.blue": "Candela romana blu",
  "firework.romancandle.green": "Candela romana verde",
  "firework.romancandle.red": "Candela romana rossa",
  "firework.romancandle.violet": "Candela romana viola",
  "firework.volcano": "Fuoco d'artificio vulcano bianco",
  "firework.volcano.red": "Fuoco d'artificio vulcano rosso",
  "firework.volcano.violet": "Fuoco d'artificio vulcano viola",
  "spikes.floor": "Spuntoni da Terra",
  "fridge": "Frigorifero",
  "furnace.large": "Grande fornace",
  "furnace": "Fornace",
  "hitchtroughcombo": "Piazzola e abbeveratoio",
  "habrepair": "Riparazione mongolfiera",
  "jackolantern.angry": "Jack O Lantern Arrabbiata",
  "jackolantern.happy": "Jack O Lantern Felice",
  "trap.landmine": "Mina di Terra",
  "lantern": "Lanterna",
  "box.wooden.large": "Grande contenitore in legno",
  "water.barrel": "Barile d'Acqua",
  "locker": "Armadietto",
  "mailbox": "Casella postale",
  "mixingtable": "Tavolo di Miscelazione",
  "modularcarlift": "Ascensore per Auto Modulare",
  "mining.pumpjack": "Pompa petrolifera",
  "small.oil.refinery": "Piccola Raffineria di Petrolio",
  "planter.large": "Fioriera grande",
  "planter.small": "Fioriera piccola",
  "electric.audioalarm": "Allarme audio",
  "smart.alarm": "Sveglia intelligente",
  "smart.switch": "Interruttore intelligente",
  "storage.monitor": "Monitoraggio archiviazione",
  "electric.battery.rechargable.large": "Large Rechargeable Battery",
  "electric.battery.rechargable.medium": "Batteria ricaricabile media",
  "electric.battery.rechargable.small": "Batteria ricaricabile piccola",
  "electric.button": "Pulsante",
  "electric.counter": "Contatore",
  "electric.hbhfsensor": "Sensore BcRUP",
  "electric.laserdetector": "Rilevatore laser",
  "electric.pressurepad": "Pedana a pressione",
  "electric.doorcontroller": "Controller porta",
  "electric.heater": "Stufa elettrica",
  "fluid.combiner": "Combinatore di fluidi",
  "fluid.splitter": "Divisore di fluidi",
  "fluid.switch": "Interruttore del Fluido & Pompa",
  "electric.andswitch": "Commutatore AND",
  "electric.blocker": "Bloccante",
  "electrical.branch": "Diramazione elettrica",
  "electrical.combiner": "Combinatore energetico",
  "electrical.memorycell": "Cella di memoria",
  "electric.orswitch": "Commutatore OR",
  "electric.random.switch": "Commutatore RAND",
  "electric.rf.broadcaster": "Diffusore di radio frequenze",
  "electric.rf.receiver": "Ricevitore di radio frequenze",
  "electric.xorswitch": "Commutatore XOR",
  "electric.fuelgenerator.small": "Generatore piccolo",
  "electric.generator.small": "Generatore di Test",
  "electric.solarpanel.large": "Pannello solare grande",
  "electric.igniter": "Accensore",
  "electric.flasherlight": "Luce intermittente",
  "electric.simplelight": "Faretto",
  "electric.sirenlight": "Luce sirena",
  "powered.water.purifier": "Purificatore d'acqua alimentato",
  "electric.switch": "Interruttore",
  "electric.splitter": "Splitter",
  "electric.sprinkler": "Irrigatore",
  "electric.teslacoil": "Bobina di Tesla",
  "electric.timer": "Timer",
  "electric.cabletunnel": "Tunnel di cavi",
  "waterpump": "Pompa D'Acqua",
  "mining.quarry": "Estrattore Minerario",
  "target.reactive": "Obiettivo reattivo",
  "box.repair.bench": "Banco per riparazioni",
  "research.table": "Tavolo da Ricerca",
  "rug.bear": "Tappeto di Pelle d'Orso",
  "rug": "Tappeto",
  "searchlight": "Proiettore da Ricerca",
  "secretlabchair": "Sedia Segreta Del Laboratorio",
  "shelves": "Scaffale Riciclato",
  "sign.hanging.banner.large": "Striscione Grande Appeso",
  "sign.hanging": "Cartello Appeso Bilaterale",
  "sign.hanging.ornate": "Cartello Appeso Ornato Bilaterale",
  "sign.pictureframe.landscape": "Cornice per Paesaggi",
  "sign.pictureframe.portrait": "Cornice da Ritratto",
  "sign.pictureframe.tall": "Cornice verticale",
  "sign.pictureframe.xl": "Cornice per Quadri XL",
  "sign.pictureframe.xxl": "Cornice per Quadri XXL",
  "sign.pole.banner.large": "Striscione Grande su palo",
  "sign.post.double": "Cartello Stradale Doppio",
  "sign.post.single": "Cartello Stradale Singolo",
  "sign.post.town": "Cartello stradale Cittadino a lato singolo",
  "sign.post.town.roof": "Cartello stradale Cittadino bilaterale",
  "sign.wooden.huge": "Cartello in legno [ENORME]",
  "sign.wooden.large": "Cartello in legno [GRANDE]",
  "sign.wooden.medium": "Cartello in legno [MEDIO]",
  "sign.wooden.small": "Cartello in legno [PICCOLO]",
  "guntrap": "Trappola fucile a pompa",
  "sleepingbag": "Sacco a pelo",
  "stash.small": "Piccola Scorta",
  "sofa": "Divano",
  "spinner.wheel": "Ruota girevole",
  "fishtrap.small": "Nassa",
  "table": "Tavolo",
  "workbench1": "Banco di lavoro livello 1",
  "workbench2": "Banco di lavoro livello 2",
  "workbench3": "Banco di lavoro livello 3",
  "cupboard.tool": "Armadio degli attrezzi",
  "tunalight": "Lampada Scatola di Tonno",
  "vending.machine": "Distributore automatico",
  "water.catcher.large": "Grande Raccoglitore D'Acqua",
  "water.catcher.small": "Piccolo Raccoglitore D'Acqua",
  "water.purifier": "Depuratore d'Acqua",
  "generator.wind.scrap": "Turbina eolica",
  "box.wooden": "Contenitore in legno",
  "apple": "Mela",
  "apple.spoiled": "Mela marcia",
  "black.raspberries": "Lamponi neri",
  "blueberries": "Mirtilli",
  "botabag": "Sacca di Bota",
  "cactusflesh": "Polpa di cactus",
  "can.beans": "Scatola di fagioli",
  "can.tuna": "Lattina di tonno",
  "chocholate": "Barretta di cioccolato",
  "fish.cooked": "Pesce Cotto",
  "fish.raw": "Pesce Crudo",
  "fish.minnows": "Pesciolini",
  "fish.troutsmall": "Piccola Trota",
  "granolabar": "Barretta di cereali",
  "chicken.burned": "Pollo bruciato",
  "chicken.cooked": "Pollo cotto",
  "chicken.raw": "Petto di pollo crudo",
  "chicken.spoiled": "Pollo avariato",
  "deermeat.burned": "Carne di cervo bruciata",
  "deermeat.cooked": "Carne di cervo cotta",
  "deermeat.raw": "Carne di cervo cruda",
  "horsemeat.burned": "Carne di Cavallo Bruciata",
  "horsemeat.cooked": "Carne di Cavallo cotta",
  "horsemeat.raw": "Carne di Cavallo cruda",
  "humanmeat.burned": "Carne Umana Bruciata",
  "humanmeat.cooked": "Carne umana cotta",
  "humanmeat.raw": "Carne umana cruda",
  "humanmeat.spoiled": "Carne umana avariata",
  "bearmeat.burned": "Carne d'orso bruciata",
  "bearmeat.cooked": "Carne d'orso cotta",
  "bearmeat": "Carne d'orso cruda",
  "wolfmeat.burned": "Carne di Lupo Bruciata",
  "wolfmeat.cooked": "Carne di Lupo cotta",
  "wolfmeat.raw": "Carne di lupo cruda",
  "wolfmeat.spoiled": "Carne di Lupo Avariata",
  "meat.pork.burned": "Carne di Maiale Bruciata",
  "meat.pork.cooked": "Carne di Maiale Cotta",
  "meat.boar": "Carne di Maiale Cruda",
  "mushroom": "Fungo",
  "jar.pickle": "Sottaceti",
  "smallwaterbottle": "Piccola bottiglia d'acqua",
  "waterjug": "Caraffa d'Acqua",
  "fun.bass": "Basso di pala",
  "fun.cowbell": "Campanaccio",
  "drumkit": "Kit tamburo Junkyard",
  "fun.flute": "Flauto di Pan",
  "fun.guitar": "Chitarra Acustica",
  "fun.jerrycanguitar": "Jerry Can Chitarra",
  "piano": "Piano di carriola",
  "fun.tambourine": "Narino",
  "fun.trumpet": "Tromba dell'idraulico",
  "fun.tuba": "Susofano",
  "xylophone": "Xilofono in ossa",
  "car.key": "Chiavi della macchina",
  "door.key": "Chiave",
  "lock.key": "Lucchetto",
  "lock.code": "Serratura a codice",
  "blueprintbase": "Progetto",
  "chineselantern": "Lanterna cinese",
  "dragondoorknocker": "Battente del dragone",
  "hat.dragonmask": "Maschera di drago",
  "newyeargong": "Gong di Capodanno",
  "hat.oxmask": "Maschera da bue",
  "hat.ratmask": "Maschera da Ratto",
  "lunar.firecrackers": "Stringa di Petardi",
  "arcade.machine.chippy": "Chippy Arcade Game",
  "door.closer": "Chiudi-porta",
  "attire.bunnyears": "Orecchie da coniglio",
  "attire.bunny.onesie": "Onesie a Coniglio",
  "hat.bunnyhat": "Bunny Hat",
  "easterdoorwreath": "Porta di Pasqua",
  "easterbasket": "Cesto di Uova",
  "rustige_egg_a": "Rustig? Uovo - Rosso",
  "rustige_egg_b": "Rustig? Uovo - Rosso",
  "rustige_egg_c": "Rustig? Uovo - Viola",
  "rustige_egg_d": "Rustig? Uovo - Avorio",
  "rustige_egg_e": "Rustig? Egg - Green",
  "attire.nesthat": "Cappello con un nido",
  "easter.bronzeegg": "Uovo di bronzo",
  "easter.goldegg": "Uovo d'oro",
  "easter.paintedeggs": "Uovo Dipinto",
  "easter.silveregg": "Uovo d'argento",
  "halloween.candy": "Caramella di Halloween",
  "largecandles": "Grande set di candele",
  "smallcandles": "Piccolo set di candele",
  "coffin.storage": "Bara",
  "cursedcauldron": "Calderone maledetto",
  "gravestone": "Lapide",
  "woodcross": "Croce di legno",
  "wall.graveyard.fence": "Recinto da cimitero",
  "halloween.lootbag.large": "Sacca grande",
  "halloween.lootbag.medium": "Sacca media",
  "halloween.lootbag.small": "Sacca piccola",
  "pumpkinbasket": "Cestino di zucca",
  "scarecrow": "Spaventapasseri",
  "skullspikes.candles": "Cime di Teschi",
  "skullspikes.pumpkin": "Cime di Teschi",
  "skullspikes": "Cime di Teschi",
  "skulldoorknocker": "Teschio Battente",
  "skull_fire_pit": "Cranio Infuocato",
  "spiderweb": "Ragnatele",
  "spookyspeaker": "Altoparlante spettrale",
  "halloween.surgeonsuit": "Stracci da Chirurgo",
  "skull.trophy.jar": "Trofeo Teschio",
  "skull.trophy.jar2": "Trofeo Teschio",
  "skull.trophy.table": "Trofeo Teschio",
  "skull.trophy": "Trofeo Teschio",
  "movembermoustachecard": "Carta del Baffo di Movember",
  "movembermoustache": "Baffo di Movember",
  "note": "Nota",
  "skull.human": "Cranio umano",
  "abovegroundpool": "Piscina fuori terra",
  "beachchair": "Sedia da spiaggia",
  "beachparasol": "Ombrellone da spiaggia",
  "beachtable": "Tavolo da spiaggia",
  "beachtowel": "Telo da mare",
  "boogieboard": "Tavoletta",
  "innertube": "Tubo gonfiabile",
  "innertube.horse": "Tubo gonfiabile",
  "innertube.unicorn": "Tubo gonfiabile",
  "tool.instant_camera": "Macchina fotografica istantanea",
  "paddlingpool": "Piscina piccola",
  "photo": "Fotografia",
  "photoframe.landscape": "Cornice per foto di paesaggi",
  "photoframe.large": "Cornice per le foto di grandi dimensioni",
  "photoframe.portrait": "Cornice da Ritratto",
  "sunglasses02black": "Occhiali da sole",
  "sunglasses02camo": "Occhiali da sole",
  "sunglasses02red": "Occhiali da sole",
  "sunglasses03black": "Occhiali da sole",
  "sunglasses03chrome": "Occhiali da sole",
  "sunglasses03gold": "Occhiali da sole",
  "sunglasses": "Occhiali da sole",
  "gun.water": "Pistola d'acqua",
  "pistol.water": "Pistola d'acqua",
  "twitchsunglasses": "Occhiali da sole Viola",
  "twitch.headset": "Cuffie",
  "hobobarrel": "Barile Hobo",
  "door.hinged.industrial.a": "Porta industriale",
  "candycaneclub": "Clava a forma di bastoncino di zucchero",
  "xmas.lightstring": "Luci di natale",
  "xmas.door.garland": "Ghirlanda festiva da porta",
  "candycane": "Bastoncino di zucchero",
  "giantcandycanedecor": "Caramella gigante decorativa",
  "wall.ice.wall": "Piccolo Muro Di Ghiaccio",
  "wall.external.high.ice": "Muro Di Ghiaccio Alto",
  "giantlollipops": "Lecca-lecca gigante decorativo",
  "sign.neon.125x125": "Insegna al neon piccola",
  "sign.neon.125x215.animated": "Insegna Neon Animata Media",
  "sign.neon.125x215": "Insegna Neon Media",
  "sign.neon.xl.animated": "Insegna Neon Animata Grande",
  "sign.neon.xl": "Insegna Neon Grande",
  "pookie.bear": "Pookie Bear",
  "xmas.lightstring.advanced": "Luci di natale Deluxe",
  "coal": "Carbone :(",
  "xmas.present.large": "Regalo grande",
  "xmas.present.medium": "Regalo medio",
  "xmas.present.small": "Piccolo regalo",
  "sled.xmas": "Slitta",
  "sled": "Slitta",
  "snowmachine": "Macchina della neve",
  "snowball": "Palla di neve",
  "snowballgun": "Fucile a Palle di Neve",
  "snowman": "Pupazzo di neve",
  "stocking.large": "SUPER Calza",
  "stocking.small": "Piccola Calza",
  "attire.reindeer.headband": "Corna di renna",
  "santabeard": "Barba di Babbo Natale",
  "santahat": "Cappello da Babbo Natale",
  "xmas.window.garland": "Ghirlanda festiva da finestra",
  "wrappedgift": "Regalo incartato",
  "wrappingpaper": "Carta per imballaggio",
  "xmasdoorwreath": "Ghirlanda natalizia da porta",
  "xmas.decoration.baubels": "Biglie decorative",
  "xmas.decoration.candycanes": "Canditi decorativi di plastica",
  "xmas.decoration.gingerbreadmen": "Omino di zenzero decorativo",
  "xmas.decoration.lights": "Luci albero",
  "xmas.decoration.pinecone": "Pigne decorative",
  "xmas.decoration.star": "Puntale a stella",
  "xmas.decoration.tinsel": "Puntale a stella decorativo",
  "xmas.tree": "Albero di natale",
  "autoturret": "Torretta automatica",
  "flameturret": "Torretta lanciafiamme",
  "gloweyes": "Occhi brillanti",
  "ammo.rocket.sam": "Munizioni torretta SAM",
  "samsite": "Torretta SAM",
  "black.berry": "Bacca Nera",
  "clone.black.berry": "Clone di More",
  "seed.black.berry": "Semi di mora",
  "blue.berry": "Mirtillo",
  "clone.blue.berry": "Clone di Mirtilli",
  "seed.blue.berry": "Semi di mirtillo",
  "green.berry": "Bacca Verde",
  "clone.green.berry": "Clone Di Bacca Verde",
  "seed.green.berry": "Semi di bacca verde",
  "red.berry": "Bacca Rossa",
  "clone.red.berry": "Clone Di Bacca Verde",
  "seed.red.berry": "Semi di lampone",
  "white.berry": "Bacca Bianca",
  "clone.white.berry": "Clone di Bacche Bianche",
  "seed.white.berry": "Semi di bacca bianca",
  "yellow.berry": "Bacca Gialla",
  "clone.yellow.berry": "Clone di Bacca Gialla",
  "seed.yellow.berry": "Seme Di Bacche Gialle",
  "corn": "Pannocchia",
  "clone.corn": "Clone di mais",
  "seed.corn": "Semi di mais",
  "clone.hemp": "Clone di una pianta di canapa",
  "seed.hemp": "Seme di Canapa",
  "potato": "Patata",
  "clone.potato": "Clona Patata",
  "seed.potato": "Seme di patata",
  "pumpkin": "Zucca",
  "clone.pumpkin": "Clone di Pianta di Zucca",
  "seed.pumpkin": "Semi di zucca",
  "fat.animal": "Grasso animale",
  "battery.small": "Batteria piccola",
  "blood": "Sangue",
  "bone.fragments": "Frammenti d'ossa",
  "cctv.camera": "Telecamera a circuito chiuso",
  "charcoal": "Carbone",
  "cloth": "Stoffa",
  "crude.oil": "Petrolio grezzo",
  "diesel_barrel": "Carburante diesel",
  "can.beans.empty": "Scatola di fagioli vuota",
  "can.tuna.empty": "Scatoletta di tonno vuota",
  "explosives": "Esplosivi",
  "fertilizer": "Ferilizzante",
  "gunpowder": "Polvere da sparo",
  "horsedung": "Sterco di cavallo",
  "hq.metal.ore": "Metallo grezzo di alta qualità",
  "metal.refined": "Metallo di alta qualità",
  "leather": "Pelle",
  "lowgradefuel": "Carburante di Bassa Qualità",
  "metal.fragments": "Frammenti di metallo",
  "metal.ore": "Metallo Grezzo",
  "paper": "Carta",
  "plantfiber": "Fibra vegetale",
  "researchpaper": "Carta di Ricerca",
  "water.salt": "Acqua salata",
  "scrap": "Rottame",
  "stones": "Pietre",
  "sulfur.ore": "Zolfo Grezzo",
  "sulfur": "Zolfo",
  "targeting.computer": "Computer di puntamento",
  "water": "Acqua",
  "skull.wolf": "Cranio di lupo",
  "wood": "Legno",
  "healingtea.advanced": "Tè di Guarigione Avanzato",
  "healingtea": "Tè di Guarigione Base",
  "healingtea.pure": "Tè di Guarigione Puro",
  "maxhealthtea.advanced": "Tè di Salute Massima Avanzato",
  "maxhealthtea": "Tè di Salute Massima Base",
  "maxhealthtea.pure": "Tè di Salute Massima Puro",
  "oretea.advanced": "Tè Minerale Avanzato",
  "oretea": "Tè Minerale Base",
  "oretea.pure": "Tè Minerale Puro",
  "radiationremovetea.advanced": "Tè Rimuovi Rad. Avanzato",
  "radiationremovetea": "Tè Rimuovi Rad.",
  "radiationremovetea.pure": "Tè puro anti-radiazioni",
  "radiationresisttea.advanced": "Tè anti-radiazioni avanzato",
  "radiationresisttea": "Tè Anti-Rad",
  "radiationresisttea.pure": "Tè anti-radiazioni puro",
  "scraptea.advanced": "Tè Di Rottami Avanzato",
  "scraptea": "Tè Di Rottami Base",
  "scraptea.pure": "Tè Di Rottame Puro",
  "woodtea.advanced": "Tè Legno Avanzato",
  "woodtea": "Tè Legno Base",
  "woodtea.pure": "Tè Legno Puro",
  "antiradpills": "Pillole anti-radiazioni",
  "tool.binoculars": "Binocolo",
  "explosive.timed": "Carica esplosiva a tempo",
  "tool.camera": "Telecamera",
  "rf.detonator": "Trasmettitore radio frequenze",
  "fishingrod.handmade": "Canna da pesca fatta a mano",
  "flare": "Razzo di segnalazione",
  "flashlight.held": "Torcia elettrica",
  "geiger.counter": "Contatore geiger",
  "hosetool": "Tubo flessibile",
  "jackhammer": "Martello pneumatico",
  "keycard_blue": "Tessera magnetica blu",
  "keycard_green": "Tessera magnetica verde",
  "keycard_red": "Tessera magnetica rossa",
  "largemedkit": "Grande Medkit",
  "map": "Mappa Cartacea",
  "syringe.medical": "Siringa Medica",
  "rf_pager": "Cerca-persone a radio frequenze",
  "building.planner": "Piano di costruzione",
  "grenade.smoke": "Granata fumogena",
  "supply.signal": "Segnale Rifornimenti",
  "surveycharge": "Carico di Indagine",
  "wiretool": "Cavo elettrico",
  "vehicle.chassis.2mod": "Telaio Piccolo",
  "vehicle.chassis.3mod": "Telaio Medio",
  "vehicle.chassis.4mod": "Telaio Grande",
  "vehicle.chassis": "Telaio generico del veicolo",
  "vehicle.1mod.cockpit": "Modulo dell'Abitacolo del Veicolo",
  "vehicle.1mod.cockpit.armored": "Modulo Veicolo con Abitacolo Corazzata",
  "vehicle.1mod.cockpit.with.engine": "Abitacolo Con il Modulo del Veicolo del Motore",
  "vehicle.1mod.engine": "Modulo del Veicolo del Motore",
  "vehicle.1mod.flatbed": "Modulo del Pianale del Veicolo",
  "vehicle.1mod.passengers.armored": "Modulo passeggeri Corazzato",
  "vehicle.1mod.rear.seats": "Modulo del Veicolo dei Sedili Posteriori",
  "vehicle.1mod.storage": "Modulo di Stoccaggio del Veicolo",
  "vehicle.1mod.taxi": "Modulo Taxi del Veicolo",
  "vehicle.2mod.flatbed": "Modulo veicolo a pianale grande",
  "vehicle.2mod.fuel.tank": "Modulo del Serbatoio del Carburante del Veicolo",
  "vehicle.2mod.passengers": "Modulo del Passeggero del Veicolo",
  "vehicle.module": "Modulo del veicolo generico",
  "telephone": "Telefono",
  "weapon.mod.8x.scope": "Mirino Ottico 16x",
  "weapon.mod.flashlight": "Torcia Tattica",
  "weapon.mod.holosight": "Mirino Olografico",
  "weapon.mod.lasersight": "Puntatore Laser",
  "weapon.mod.muzzleboost": "Cadenza di Tiro",
  "weapon.mod.muzzlebrake": "Freno di Bocca",
  "weapon.mod.simplesight": "Mirino Metallico Artigianale",
  "weapon.mod.silencer": "Silenziatore",
  "weapon.mod.small.scope": "Mirino Ottico 8x",
  "rifle.ak": "Fucile d'Assalto",
  "bandage": "Benda",
  "grenade.beancan": "Granata barattolo",
  "rifle.bolt": "Fucile a colpo singolo",
  "bone.club": "Clava d'ossa",
  "knife.bone": "Coltello d'Osso",
  "bow.hunting": "Arco da caccia",
  "cakefiveyear": "Torta di compleanno",
  "chainsaw": "Motosega",
  "salvaged.cleaver": "Mannaia Riciclata",
  "bow.compound": "Arco composto",
  "crossbow": "Balestra",
  "shotgun.double": "Fucile a doppia canna",
  "pistol.eoka": "Pistola Eoka",
  "grenade.f1": "Granata F1",
  "flamethrower": "Lanciafiamme",
  "multiplegrenadelauncher": "Lanciagranate Multiplo",
  "knife.butcher": "Coltello da macellaio",
  "pitchfork": "Forcone",
  "sickle": "Falce",
  "hammer": "Martello",
  "hatchet": "Accetta",
  "knife.combat": "Coltello da Combattimento",
  "rifle.l96": "Fucile L96",
  "rifle.lr300": "LR-300 Fucile d'Assalto",
  "lmg.m249": "M249",
  "rifle.m39": "Fucile M39",
  "pistol.m92": "Pistola M92",
  "mace": "Mazza",
  "machete": "Machete",
  "smg.mp5": "MP5A4",
  "pistol.nailgun": "Sparachiodi",
  "paddle": "Pagaia",
  "pickaxe": "Piccone",
  "shotgun.waterpipe": "Fucile a Pompa artigianale",
  "pistol.python": "Colt Python",
  "pistol.revolver": "Revolver",
  "rock": "Roccia",
  "rocket.launcher": "Lancia Razzi",
  "axe.salvaged": "Ascia riciclata",
  "hammer.salvaged": "Martello riciclato",
  "icepick.salvaged": "Piccone da ghiaccio riciclato",
  "explosive.satchel": "Carica satchel",
  "shotgun.pump": "Fucile a Pompa",
  "pistol.semiauto": "Pistola semi-automatica",
  "rifle.semiauto": "Fucile semi-automatico",
  "smg.2": "SMG Personalizzato",
  "shotgun.spas12": "Spas-12",
  "stonehatchet": "Accetta di Pietra",
  "stone.pickaxe": "Piccone di Pietra",
  "spear.stone": "Lancia in pietra",
  "longsword": "Spada lunga",
  "salvaged.sword": "Spada Riciclata",
  "smg.thompson": "Thompson",
  "toolgun": "Garry's Mod Tool Gun",
  "torch": "Torcia",
  "bucket.water": "Secchio d'acqua",
  "spear.wooden": "Lancia di legno",
  "horse.armor.roadsign": "Armatura per cavallo con cartelli stradali",
  "horse.armor.wood": "Armatura per cavallo in legno",
  "horse.saddle": "Sella per cavallo",
  "horse.saddlebag": "Borsa da sella",
  "horse.shoes.advanced": "Ferri di cavallo di alta qualità",
  "horse.shoes.basic": "Ferri di cavallo di base"
}