{
  "hat.wolf": "Susipäähine",
  "fogmachine": "Sumustaja-3000",
  "strobelight": "Strobovalo",
  "kayak": "Kajakki",
  "minihelicopter.repair": "Minihelikopterin korjaus",
  "scraptransportheli.repair": "Romukuljetushelin korjaus",
  "submarineduo": "Sukellusvene kahdelle",
  "submarinesolo": "Sukellusvene yhdelle",
  "workcart": "Työkärry",
  "ammo.grenadelauncher.buckshot": "40mm haulikon ammus",
  "ammo.grenadelauncher.he": "40mm räjähtävä kranaatti",
  "ammo.grenadelauncher.smoke": "40mm savukranaatti",
  "arrow.hv": "Suurinopeuksinen nuoli",
  "arrow.wooden": "Puunuoli",
  "arrow.bone": "Luunuoli",
  "arrow.fire": "Tulinuoli",
  "ammo.handmade.shell": "Käsintehty ammus",
  "ammo.nailgun.nails": "Naulapyssyn naulat",
  "ammo.pistol": "Pistoolin luoti",
  "ammo.pistol.fire": "Syttyvä pistoolin luoti",
  "ammo.pistol.hv": "Suurinopeuksinen pistoolin ammus",
  "ammo.rifle": "5.56 Kiväärin ammus",
  "ammo.rifle.explosive": "Räjähtävä 5.56 kiväärin ammus",
  "ammo.rifle.incendiary": "Sytyttävä 5.56 kiväärin ammus",
  "ammo.rifle.hv": "Suurinopeuksinen 5.56 kiväärin ammus",
  "ammo.rocket.basic": "Raketti",
  "ammo.rocket.fire": "Sytyttävä raketti",
  "ammo.rocket.hv": "Suurinopeuksinen raketti",
  "ammo.rocket.smoke": "Savuraketti WIP!!!!",
  "ammo.shotgun": "12 Kaliiperin hauli",
  "ammo.shotgun.fire": "12 Kaliiperin sytyttävä hauli",
  "ammo.shotgun.slug": "12 Kaliiperin täyteinen",
  "speargun.spear": "Harppuunapyssyn ammus",
  "submarine.torpedo.straight": "Suoraan menevä torpedo",
  "door.double.hinged.metal": "Peltilevystä tehty pariovi",
  "door.double.hinged.toptier": "Panssaroitu kaksoisovi",
  "door.double.hinged.wood": "Puinen kaksoisovi",
  "door.hinged.metal": "Peltilevyovi",
  "door.hinged.toptier": "Panssaroitu ovi",
  "door.hinged.wood": "Puinen ovi",
  "floor.grill": "Lattiaritilä",
  "floor.ladder.hatch": "Lattialuukku tikapuilla",
  "floor.triangle.grill": "Kolmikulmainen lattiaritilä",
  "floor.triangle.ladder.hatch": "Kolmikulmainen lattialuukku tikapuilla",
  "gates.external.high.stone": "Korkea ulkoinen kiviportti",
  "gates.external.high.wood": "Korkea ulkoinen puuportti",
  "ladder.wooden.wall": "Puiset tikapuut",
  "wall.external.high.stone": "Korkea ulkoinen kivimuuri",
  "wall.external.high": "Korkea ulkoinen puumuuri",
  "wall.frame.cell.gate": "Vankisellin ovi",
  "wall.frame.cell": "Vankisellin seinä",
  "wall.frame.fence.gate": "Verkkoaidan portti",
  "wall.frame.fence": "Verkkoaita",
  "wall.frame.garagedoor": "Autotallin ovi",
  "wall.frame.netting": "Verkko",
  "wall.frame.shopfront": "Kaupan edusta",
  "wall.frame.shopfront.metal": "Metallinen kaupan edusta",
  "wall.window.bars.metal": "Metallikalterit ikkunaan",
  "wall.window.bars.toptier": "Panssaroitu lasi-ikkuna",
  "wall.window.bars.wood": "Puukalterit ikkunaan",
  "shutter.metal.embrasure.a": "Vaakasuora metallinen ampuma-aukko",
  "shutter.metal.embrasure.b": "Pystysuora metallinen ampuma-aukko",
  "wall.window.glass.reinforced": "Vahvistettu lasi-ikkuna",
  "shutter.wood.a": "Puiset sulkimet",
  "watchtower.wood": "Vartiotorni",
  "diving.fins": "Uimaräpylät",
  "diving.mask": "Sukellusmaski",
  "diving.tank": "Happisäiliö",
  "diving.wetsuit": "Märkäpuku",
  "boots.frog": "Sammakkosaappaat",
  "barrelcostume": "Tynnyripuku",
  "cratecostume": "Laatikkopuku",
  "hat.gas.mask": "Kaasunaamari",
  "burlap.gloves.new": "Säkkikangaskäsineet",
  "burlap.gloves": "Nahkakäsineet",
  "roadsign.gloves": "Liikennemerkkikäsineet",
  "tactical.gloves": "Taktisetkäsineet",
  "ghostsheet": "Haamupuku",
  "halloween.mummysuit": "Muumiopuku",
  "scarecrow.suit": "Variksenpelätinpuku",
  "scarecrowhead": "Variksenpelättimen huivi",
  "attire.hide.helterneck": "Nahkaniskalenkkitoppi",
  "hat.beenie": "Pipo",
  "hat.boonie": "Boonie-hattu",
  "bucket.helmet": "Ämpärikypärä",
  "burlap.headwrap": "Säkistä valmistettu päähine",
  "hat.candle": "Kynttiläpäähine",
  "hat.cap": "Lippalakki",
  "clatter.helmet": "Clatter-kypärä",
  "coffeecan.helmet": "Kahvipurkkikypärä",
  "deer.skull.mask": "Luukypärä",
  "heavy.plate.helmet": "Raskas levykypärä",
  "hat.miner": "Kaivoskypärä",
  "partyhat": "Juhlahattu",
  "riot.helmet": "Mellakkakypärä",
  "wood.armor.helmet": "Puukypärä",
  "hoodie": "Huppari",
  "bone.armor.suit": "Luuhaarniska",
  "heavy.plate.jacket": "Raskas levytakki",
  "jacket.snow": "Talvitakki",
  "jacket": "Takki",
  "wood.armor.jacket": "Puinen rintapanssari",
  "mask.balaclava": "Improvisoitu kommandopipo",
  "mask.bandana": "Huivi",
  "metal.facemask": "Metallinen kasvosuoja",
  "nightvisiongoggles": "Pimeänäkölasit",
  "attire.ninja.suit": "Ninjapuku",
  "burlap.trousers": "Säkkikangashousut",
  "heavy.plate.pants": "Raskaat levyhousut",
  "attire.hide.pants": "Nahkahousut",
  "roadsign.kilt": "Liikennemerkkikiltti",
  "pants.shorts": "Shortsit",
  "wood.armor.pants": "Puiset panssarihousut",
  "pants": "Housut",
  "attire.hide.poncho": "Nahkaponcho",
  "burlap.shirt": "Säkkikangaspaita",
  "shirt.collared": "Paita",
  "attire.hide.vest": "Nahkaliivi",
  "shirt.tanktop": "Toppi",
  "shoes.boots": "Saappaat",
  "burlap.shoes": "Säkkikangasjalkineet",
  "attire.hide.boots": "Nahkasaappaat",
  "attire.hide.skirt": "Nahkahame",
  "attire.banditguard": "Rosvovartijan varustus",
  "hazmatsuit": "Hazmat-puku",
  "hazmatsuit_scientist": "Tiedemiehen puku",
  "hazmatsuit_scientist_peacekeeper": "Tiedemiehen puku",
  "hazmatsuit.spacesuit": "Avaruuspuku",
  "scientistsuit_heavy": "Raskaan tiedemiehen puku",
  "jumpsuit.suit.blue": "Sininen haalari",
  "jumpsuit.suit": "Haalari",
  "tshirt.long": "Pitkähihainen t-paita",
  "tshirt": "T-paita",
  "metal.plate.torso": "Metallinen rintalevy",
  "roadsign.jacket": "Liikennemerkkitakki",
  "bleach": "Valkaisuaine",
  "ducttape": "Ilmastointiteippi",
  "carburetor1": "Heikkolaatuinen kaasutin",
  "carburetor2": "Keskitason kaasutin",
  "carburetor3": "Korkealaatuinen kaasutin",
  "crankshaft1": "Heikkolaatuinen kampiakseli",
  "crankshaft2": "Keskitason kampiakseli",
  "crankshaft3": "Korkealaatuinen kampiakseli",
  "piston1": "Heikkolaatuiset männät",
  "piston2": "Keskitason männät",
  "piston3": "Korkealaatuiset männät",
  "sparkplug1": "Heikkolaatuiset sytytystulpat",
  "sparkplug2": "Keskitason sytytystulpat",
  "sparkplug3": "Korkealaatuiset sytytystulpat",
  "valve1": "Heikkolaatuiset venttiilit",
  "valve2": "Keskitason venttiilit",
  "valve3": "Korkealaatuiset venttiilit",
  "fuse": "Sulake",
  "gears": "Rattaita",
  "glue": "Liima",
  "metalblade": "Metalliterä",
  "metalpipe": "Metalliputki",
  "propanetank": "Tyhjä propaanisäiliö",
  "roadsigns": "Liikennemerkkejä",
  "rope": "Köysi",
  "sewingkit": "Ompelusetti",
  "sheetmetal": "Peltiä",
  "metalspring": "Metallijousi",
  "sticks": "Keppejä",
  "tarp": "Pressu",
  "techparts": "Tekniikkaromua",
  "riflebody": "Kiväärin runko",
  "semibody": "Puoliautomaattinen runko",
  "smgbody": "Konepistoolin runko",
  "barricade.concrete": "Betonibarrikadi",
  "barricade.wood.cover": "Puinen barrikadisuoja",
  "barricade.metal": "Metallibarrikadi",
  "barricade.sandbags": "Hiekkasäkkibarrikadi",
  "barricade.stone": "Kivibarrikadi",
  "barricade.wood": "Puubarrikadi",
  "barricade.woodwire": "Piikkilangoitettu puubarrikadi",
  "bbq": "Grilli",
  "trap.bear": "Karhunrauta",
  "bed": "Sänky",
  "campfire": "Nuotio",
  "cardtable": "Korttipöytä",
  "ceilinglight": "Kattovalaisin",
  "chair": "Tuoli",
  "composter": "Kompostoija",
  "computerstation": "Tietokoneasema",
  "drone": "Lennokki",
  "dropbox": "Jättölokero",
  "elevator": "Hissi",
  "fireplace.stone": "Kivitakka",
  "firework.boomer.blue": "Sininen ilotulite",
  "firework.boomer.champagne": "Samppanja ilotulite",
  "firework.boomer.green": "Vihreä ilotulite",
  "firework.boomer.orange": "Oranssi ilotulite",
  "firework.boomer.red": "Punainen ilotulite",
  "firework.boomer.violet": "Violetti ilotulite",
  "firework.romancandle.blue": "Sininen roomalainen kynttilä",
  "firework.romancandle.green": "Vihreä roomalainen kynttilä",
  "firework.romancandle.red": "Punainen roomalainen kynttilä",
  "firework.romancandle.violet": "Violetti roomalainen kynttilä",
  "firework.volcano": "Valkoinen suihku-ilotulite",
  "firework.volcano.red": "Punainen suihku-ilotulite",
  "firework.volcano.violet": "Violetti suihku-ilotulite",
  "spikes.floor": "Puinen lattiapiikki",
  "fridge": "Jääkaappi",
  "furnace.large": "Suuri sulatusuuni",
  "furnace": "Sulatusuuni",
  "hitchtroughcombo": "Hevospuomi ja kaukalo",
  "habrepair": "Kuumailmapallon korjaus",
  "jackolantern.angry": "Vihainen kurpitsalyhty",
  "jackolantern.happy": "Iloinen kurpitsalyhty",
  "trap.landmine": "Maamiina",
  "lantern": "Lyhty",
  "box.wooden.large": "Suuri puulaatikko",
  "water.barrel": "Vesitynnyri",
  "locker": "Lokero",
  "mailbox": "Postilaatikko",
  "mixingtable": "Sekoituspöytä",
  "modularcarlift": "Modulaarinen autohissi",
  "mining.pumpjack": "Öljypumppu",
  "small.oil.refinery": "Pieni öljynjalostamo",
  "planter.large": "Suuri kasvien kasvatuslaatikko",
  "planter.small": "Pieni kasvien kasvatuslaatikko",
  "electric.audioalarm": "Äänihälytys",
  "smart.alarm": "Älyhälytin",
  "smart.switch": "Älykytkin",
  "storage.monitor": "Varastotarkkailija",
  "electric.battery.rechargable.large": "Suuri ladattava akku",
  "electric.battery.rechargable.medium": "Keskikokoinen ladattava akku",
  "electric.battery.rechargable.small": "Pieni ladattava akku",
  "electric.button": "Nappi",
  "electric.counter": "Laskuri",
  "electric.hbhfsensor": "SHKA-sensori",
  "electric.laserdetector": "Lasertunnistin",
  "electric.pressurepad": "Painelaatta",
  "electric.doorcontroller": "Ovenohjain",
  "electric.heater": "Sähkölämmitin",
  "fluid.combiner": "Nesteiden yhdistäjä",
  "fluid.splitter": "Nesteenjakaja",
  "fluid.switch": "Nestekytkin ja -pumppu",
  "electric.andswitch": "JA-portti",
  "electric.blocker": "Sähkön estäjä",
  "electrical.branch": "Sähkön haaroittaja",
  "electrical.combiner": "Lähteiden yhdistin",
  "electrical.memorycell": "Muistisolu",
  "electric.orswitch": "TAI-portti",
  "electric.random.switch": "SAT-portti",
  "electric.rf.broadcaster": "RT-lähetin",
  "electric.rf.receiver": "RT-vastaanotin",
  "electric.xorswitch": "ERI-portti",
  "electric.fuelgenerator.small": "Pieni generaattori",
  "electric.generator.small": "Testigeneraattori",
  "electric.solarpanel.large": "Suuri aurinkopaneeli",
  "electric.igniter": "Sytytin",
  "electric.flasherlight": "Vilkkuvalo",
  "electric.simplelight": "Yksinkertainen valo",
  "electric.sirenlight": "Sireenivalo",
  "powered.water.purifier": "Sähköllä toimiva vedenpuhdistin",
  "electric.switch": "Kytkin",
  "electric.splitter": "Jakaja",
  "electric.sprinkler": "Sadetin",
  "electric.teslacoil": "Tesla-kela",
  "electric.timer": "Ajastin",
  "electric.cabletunnel": "Kaapelitunneli",
  "waterpump": "Vesipumppu",
  "mining.quarry": "Louhimo",
  "target.reactive": "Reaktiivinen maalitaulu",
  "box.repair.bench": "Korjauspenkki",
  "research.table": "Tutkimuspöytä",
  "rug.bear": "Karhuntaljamatto",
  "rug": "Matto",
  "searchlight": "Valonheitin",
  "secretlabchair": "Secret Lab -tuoli",
  "shelves": "Pelastetut hyllyt",
  "sign.hanging.banner.large": "Suuri roikkuva lippu",
  "sign.hanging": "Kaksipuolinen roikkuva taulu",
  "sign.hanging.ornate": "Kaksipuolinen koristeellinen roikkuva taulu",
  "sign.pictureframe.landscape": "Maisemakuvakehys",
  "sign.pictureframe.portrait": "Muotokuvakehys",
  "sign.pictureframe.tall": "Pitkä kuvakehys",
  "sign.pictureframe.xl": "XL-taulu",
  "sign.pictureframe.xxl": "XXL-taulu",
  "sign.pole.banner.large": "Suuri lippu tangossa",
  "sign.post.double": "Kaksinkertainen tienviitta",
  "sign.post.single": "Tienviitta",
  "sign.post.town": "Yksipuolinen kaupunkikyltti",
  "sign.post.town.roof": "Kaksipuolinen kaupunkikyltti",
  "sign.wooden.huge": "Valtava puinen kyltti",
  "sign.wooden.large": "Suuri puinen kyltti",
  "sign.wooden.medium": "Keskikokoinen puinen kyltti",
  "sign.wooden.small": "Pieni puinen kyltti",
  "guntrap": "Haulikkoansa",
  "sleepingbag": "Makuupussi",
  "stash.small": "Pieni kätkö",
  "sofa": "Sohva",
  "spinner.wheel": "Onnenpyörä",
  "fishtrap.small": "Katiska",
  "table": "Pöytä",
  "workbench1": "Työpöytä taso 1",
  "workbench2": "Työpöytä taso 2",
  "workbench3": "Työpöytä taso 3",
  "cupboard.tool": "Työkalukaappi",
  "tunalight": "Tonnikalapurkkilamppu",
  "vending.machine": "Myyntiautomaatti",
  "water.catcher.large": "Suuri vesisieppari",
  "water.catcher.small": "Pieni vesisieppari",
  "water.purifier": "Vedenpuhdistin",
  "generator.wind.scrap": "Tuuliturbiini",
  "box.wooden": "Puinen säilytyslaatikko",
  "apple": "Omena",
  "apple.spoiled": "Mädäntynyt omena",
  "black.raspberries": "Karhunvatukoita",
  "blueberries": "Mustikoita",
  "botabag": "Bota juomapullo",
  "grub": "Toukka",
  "worm": "Mato",
  "cactusflesh": "Kaktuksen liha",
  "can.beans": "Papupurkki",
  "can.tuna": "Tonnikalapurkki",
  "chocholate": "Suklaapatukka",
  "fish.anchovy": "Sardelli",
  "fish.catfish": "Monni",
  "fish.cooked": "Kypsennetty kala",
  "fish.raw": "Raaka kala",
  "fish.herring": "Silli",
  "fish.minnows": "Mutuja",
  "fish.orangeroughy": "Keltaroussi",
  "fish.salmon": "Lohi",
  "fish.sardine": "Sardiini",
  "fish.smallshark": "Pieni hai",
  "fish.troutsmall": "Pieni taimen",
  "fish.yellowperch": "Kelta-ahven",
  "granolabar": "Myslipatukka",
  "chicken.burned": "Palanut kananliha",
  "chicken.cooked": "Kypsennetty kananliha",
  "chicken.raw": "Raaka kananrinta",
  "chicken.spoiled": "Pilaantunut kananliha",
  "deermeat.burned": "Palanut peuranliha",
  "deermeat.cooked": "Kypsennetty peuranliha",
  "deermeat.raw": "Raaka peuranliha",
  "horsemeat.burned": "Palanut hevosenliha",
  "horsemeat.cooked": "Kypsennetty hevosenliha",
  "horsemeat.raw": "Raaka hevosenliha",
  "humanmeat.burned": "Palanut ihmisliha",
  "humanmeat.cooked": "Kypsennetty ihmisliha",
  "humanmeat.raw": "Raaka ihmisliha",
  "humanmeat.spoiled": "Pilaantunut ihmisliha",
  "bearmeat.burned": "Palanut karhunliha",
  "bearmeat.cooked": "Kypsennetty karhunliha",
  "bearmeat": "Raaka karhunliha",
  "wolfmeat.burned": "Palanut sudenliha",
  "wolfmeat.cooked": "Kypsennetty sudenliha",
  "wolfmeat.raw": "Raaka sudenliha",
  "wolfmeat.spoiled": "Pilaantunut sudenliha",
  "meat.pork.burned": "Palanut sianliha",
  "meat.pork.cooked": "Kypsennetty sianliha",
  "meat.boar": "Raaka sianliha",
  "mushroom": "Sieni",
  "jar.pickle": "Maustekurkkuja",
  "smallwaterbottle": "Pieni vesipullo",
  "waterjug": "Vesikannu",
  "fun.bass": "Lapio-basso",
  "fun.cowbell": "Lehmänkello",
  "drumkit": "Kaatopaikka-rumpusetti",
  "fun.flute": "Panhuilu",
  "fun.guitar": "Akustinen kitara",
  "fun.jerrycanguitar": "Jerrykannu-kitara",
  "piano": "Kottikärry-piano",
  "fun.tambourine": "Tamburiini",
  "fun.trumpet": "Putkimiehen trumpetti",
  "fun.tuba": "Sousafoni",
  "xylophone": "Ksylofoni",
  "car.key": "Auton avain",
  "door.key": "Oven avain",
  "lock.key": "Avainlukko",
  "lock.code": "Koodilukko",
  "blueprintbase": "Suunnitelma",
  "chineselantern": "Kiinalainen lyhty",
  "dragondoorknocker": "Lohikäärmeovikolkutin",
  "hat.dragonmask": "Lohikäärmemaski",
  "newyeargong": "Uudenvuoden gongi",
  "hat.oxmask": "Härkänaamio",
  "hat.ratmask": "Rotta-naamio",
  "lunar.firecrackers": "Papattimatto",
  "arcade.machine.chippy": "Chippy-pelikone",
  "door.closer": "Ovensulkija",
  "attire.bunnyears": "Pupunkorvat",
  "attire.bunny.onesie": "Pupupuku",
  "hat.bunnyhat": "Pupuhattu",
  "easterdoorwreath": "Pääsiäis ovikranssi",
  "easterbasket": "Munakori",
  "rustige_egg_a": "Rustigé-muna - punainen",
  "rustige_egg_b": "Rustigé-muna - sininen",
  "rustige_egg_c": "Rustigé-muna - liila",
  "rustige_egg_d": "Rustigé-muna - kermanvalkoinen",
  "rustige_egg_e": "Rustigé-muna - vihreä",
  "attire.nesthat": "Pesähattu",
  "easter.bronzeegg": "Pronssimuna",
  "easter.goldegg": "Kultamuna",
  "easter.paintedeggs": "Maalattu muna",
  "easter.silveregg": "Hopeamuna",
  "halloween.candy": "Halloween-karkkeja",
  "largecandles": "Suuri kynttiläsetti",
  "smallcandles": "Pieni kynttiläsetti",
  "coffin.storage": "Ruumisarkku",
  "cursedcauldron": "Kirottu pata",
  "gravestone": "Hautakivi",
  "woodcross": "Puinen risti",
  "wall.graveyard.fence": "Hautausmaan aita",
  "halloween.lootbag.large": "Suuri yllätyslaukku",
  "halloween.lootbag.medium": "Keskikokoinen yllätyspussi",
  "halloween.lootbag.small": "Pieni yllätyspussi",
  "pumpkinbasket": "Kurpitsakori",
  "scarecrow": "Variksenpelätin",
  "skullspikes.candles": "Kallopiikit",
  "skullspikes.pumpkin": "Kallopiikit",
  "skullspikes": "Kallopiikit",
  "skulldoorknocker": "Pääkallo-ovikolkutin",
  "skull_fire_pit": "Pääkallonuotio",
  "spiderweb": "Hämähäkinverkko",
  "spookyspeaker": "Pelottava kaiutin",
  "halloween.surgeonsuit": "Kirurgin puku",
  "skull.trophy.jar": "Kallopidike",
  "skull.trophy.jar2": "Kallopidike",
  "skull.trophy.table": "Kallopidike",
  "skull.trophy": "Kallopidike",
  "movembermoustachecard": "Kortti Movember-viikset",
  "movembermoustache": "Movember-viikset",
  "note": "Lappu",
  "skull.human": "Ihmisen pääkallo",
  "abovegroundpool": "Maanpäällinen uima-allas",
  "beachchair": "Rantatuoli",
  "beachparasol": "Rantavarjo",
  "beachtable": "Rantapöytä",
  "beachtowel": "Rantapyyhe",
  "boogieboard": "Boogie-lauta",
  "innertube": "Sisäkumi",
  "innertube.horse": "Sisäkumi",
  "innertube.unicorn": "Sisäkumi",
  "tool.instant_camera": "Pikakamera",
  "paddlingpool": "Kahluuallas",
  "photo": "Valokuva",
  "photoframe.landscape": "Maisemavalokuvakehys",
  "photoframe.large": "Suuri valokuvakehys",
  "photoframe.portrait": "Muotokuvavalokuvakehys",
  "sunglasses02black": "Aurinkolasit",
  "sunglasses02camo": "Aurinkolasit",
  "sunglasses02red": "Aurinkolasit",
  "sunglasses03black": "Aurinkolasit",
  "sunglasses03chrome": "Aurinkolasit",
  "sunglasses03gold": "Aurinkolasit",
  "sunglasses": "Aurinkolasit",
  "gun.water": "Vesipyssy",
  "pistol.water": "Vesipistooli",
  "twitchsunglasses": "Violetit aurinkolasit",
  "twitch.headset": "Kuulokkeet",
  "hobobarrel": "Kulkurin tynnyri",
  "door.hinged.industrial.a": "Teollisuusovi",
  "candycaneclub": "Karkkitankonuija",
  "xmas.lightstring": "Jouluvalot",
  "xmas.door.garland": "Juhlava oviseppele",
  "candycane": "Karkkitanko",
  "giantcandycanedecor": "Jättimäinen karkkikoriste",
  "wall.ice.wall": "Lyhyt jäämuuri",
  "wall.external.high.ice": "Korkea jäämuuri",
  "giantlollipops": "Jättimäinen tikkarikoriste",
  "sign.neon.125x125": "Pieni neonkyltti",
  "sign.neon.125x215.animated": "Keskikokoinen animoitu neonkyltti",
  "sign.neon.125x215": "Keskikokoinen neonkyltti",
  "sign.neon.xl.animated": "Suuri animoitu neonkyltti",
  "sign.neon.xl": "Suuri neonkyltti",
  "pookie.bear": "Halinalle",
  "xmas.lightstring.advanced": "Deluxe-jouluvalot",
  "coal": "Hiili :(",
  "xmas.present.large": "Suuri lahja",
  "xmas.present.medium": "Keskikokoinen lahja",
  "xmas.present.small": "Pieni lahja",
  "sled.xmas": "Kelkka",
  "sled": "Kelkka",
  "snowmachine": "Lumikone",
  "snowball": "Lumipallo",
  "snowballgun": "Lumipalloase",
  "snowman": "Lumiukko",
  "stocking.large": "SUPER joulusukka",
  "stocking.small": "Pieni joulusukka",
  "attire.reindeer.headband": "Poronsarvet",
  "santabeard": "Joulupukin parta",
  "santahat": "Joulupukin hattu",
  "xmas.window.garland": "Juhlava ikkunaseppele",
  "wrappedgift": "Kääritty lahja",
  "wrappingpaper": "Lahjapaperi",
  "xmasdoorwreath": "Jouluinen ovikranssi",
  "xmas.decoration.baubels": "Koristeelliset helyt",
  "xmas.decoration.candycanes": "Koristeelliset muoviset karkitkepit",
  "xmas.decoration.gingerbreadmen": "Koristeelliset piparkakku-ukot",
  "xmas.decoration.lights": "Joulukuusen valot",
  "xmas.decoration.pinecone": "Koristeelliset männynkävyt",
  "xmas.decoration.star": "Tähti kuusen latvaan",
  "xmas.decoration.tinsel": "Koristeellinen kultalanka",
  "xmas.tree": "Joulukuusi",
  "autoturret": "Automaattinen tykki",
  "flameturret": "Liekkitykki",
  "gloweyes": "Hehkuvat silmät",
  "ammo.rocket.sam": "IT-ohjus",
  "samsite": "IT-tykki",
  "black.berry": "Musta marja",
  "clone.black.berry": "Mustan marjan klooni",
  "seed.black.berry": "Mustan marjan siemen",
  "blue.berry": "Sininen marja",
  "clone.blue.berry": "Sinisen marjan klooni",
  "seed.blue.berry": "Sinisen marjan siemen",
  "green.berry": "Vihreä marja",
  "clone.green.berry": "Vihreän marjan klooni",
  "seed.green.berry": "Vihreän marjan siemen",
  "red.berry": "Punainen marja",
  "clone.red.berry": "Punaisen marjan klooni",
  "seed.red.berry": "Punaisen marjan siemen",
  "white.berry": "Valkoinen marja",
  "clone.white.berry": "Valkoisen marjan klooni",
  "seed.white.berry": "Valkoisen marjan siemen",
  "yellow.berry": "Keltainen marja",
  "clone.yellow.berry": "Keltaisen marjan klooni",
  "seed.yellow.berry": "Keltaisen marjan siemen",
  "corn": "Maissi",
  "clone.corn": "Maissin klooni",
  "seed.corn": "Maissin siemen",
  "clone.hemp": "Hampun klooni",
  "seed.hemp": "Hampunsiemen",
  "potato": "Peruna",
  "clone.potato": "Perunan klooni",
  "seed.potato": "Perunan siemen",
  "pumpkin": "Kurpitsa",
  "clone.pumpkin": "Kurpitsan klooni",
  "seed.pumpkin": "Kurpitsansiemen",
  "fat.animal": "Eläinrasva",
  "battery.small": "Paristo - pieni",
  "blood": "Verta",
  "bone.fragments": "Luunpalasia",
  "cctv.camera": "Valvontakamera",
  "charcoal": "Puuhiili",
  "cloth": "Kangas",
  "crude.oil": "Raakaöljy",
  "diesel_barrel": "Diesel-polttoaine",
  "can.beans.empty": "Tyhjä papupurkki",
  "can.tuna.empty": "Tyhjä tonnikalapurkki",
  "explosives": "Räjähteitä",
  "fertilizer": "Lannoite",
  "gunpowder": "Ruutia",
  "horsedung": "Hevosen lanta",
  "hq.metal.ore": "Korkealaatuinen metallimalmi",
  "metal.refined": "Korkealaatuinen metalli",
  "leather": "Nahka",
  "lowgradefuel": "Heikkolaatuinen polttoaine",
  "metal.fragments": "Metallinpalasia",
  "metal.ore": "Metallimalmi",
  "paper": "Paperi",
  "plantfiber": "Kasvikuitu",
  "researchpaper": "Tutkimuspaperi",
  "water.salt": "Suolavesi",
  "scrap": "Romu",
  "stones": "Kiviä",
  "sulfur.ore": "Rikkimalmi",
  "sulfur": "Rikkiä",
  "targeting.computer": "Kohdistamistietokone",
  "water": "Vesi",
  "skull.wolf": "Suden pääkallo",
  "wood": "Puu",
  "healingtea.advanced": "Edistynyt parannustee",
  "healingtea": "Perus parannustee",
  "healingtea.pure": "Puhdas parannustee",
  "maxhealthtea.advanced": "Edistynyt enimmäisterveyden tee",
  "maxhealthtea": "Perus enimmäisterveyden tee",
  "maxhealthtea.pure": "Puhdas enimmäisterveyden tee",
  "oretea.advanced": "Edistynyt malmitee",
  "oretea": "Perus malmitee",
  "oretea.pure": "Puhdas malmitee",
  "radiationremovetea.advanced": "Edistynyt säteilynpoistotee",
  "radiationremovetea": "Säteilynpoistotee",
  "radiationremovetea.pure": "Puhdas säteilynpoistotee",
  "radiationresisttea.advanced": "Edistynyt säteilynvastustustee",
  "radiationresisttea": "Säteilynvastustustee",
  "radiationresisttea.pure": "Puhdas säteilynvastustustee",
  "scraptea.advanced": "Edistynyt romutee",
  "scraptea": "Perus romutee",
  "scraptea.pure": "Puhdas romutee",
  "woodtea.advanced": "Edistynyt puutee",
  "woodtea": "Perus puutee",
  "woodtea.pure": "Puhdas puutee",
  "antiradpills": "Säteilynestopillereitä",
  "tool.binoculars": "Kiikarit",
  "explosive.timed": "Ajastettu räjähdepanos",
  "tool.camera": "Kamera",
  "rf.detonator": "Kannettava RT-lähetin",
  "fishingrod.handmade": "Käsintehty onki",
  "flare": "Valoraketti",
  "flashlight.held": "Taskulamppu",
  "geiger.counter": "Geigermittari",
  "hosetool": "Letkutyökalu",
  "jackhammer": "Katupora",
  "keycard_blue": "Sininen avainkortti",
  "keycard_green": "Vihreä avainkortti",
  "keycard_red": "Punainen avainkortti",
  "largemedkit": "Suuri ensiapupakkaus",
  "map": "Paperikartta",
  "syringe.medical": "Lääkeruisku",
  "rf_pager": "RT-hakulaite",
  "building.planner": "Rakennussuunnitelma",
  "grenade.smoke": "Savukranaatti",
  "supply.signal": "Tarvikesignaali",
  "surveycharge": "Tutkintapanos",
  "wiretool": "Johtotyökalu",
  "vehicle.chassis.2mod": "Pieni runko",
  "vehicle.chassis.3mod": "Keskikokoinen runko",
  "vehicle.chassis.4mod": "Suuri runko",
  "vehicle.chassis": "Yleinen ajoneuvorunko",
  "vehicle.1mod.cockpit": "Ohjaamoajoneuvomoduuli",
  "vehicle.1mod.cockpit.armored": "Panssaroitu ohjaamoajoneuvomoduuli",
  "vehicle.1mod.cockpit.with.engine": "Moottorillinen ohjaamoajoneuvomoduuli",
  "vehicle.1mod.engine": "Moottoriajoneuvomoduuli",
  "vehicle.1mod.flatbed": "Lava-ajoneuvomoduuli",
  "vehicle.1mod.passengers.armored": "Panssaroitu matkustaja-ajoneuvomoduuli",
  "vehicle.1mod.rear.seats": "Takaistuimetajoneuvomoduuli",
  "vehicle.1mod.storage": "Varastoajoneuvomoduuli",
  "vehicle.1mod.taxi": "Taksiajoneuvomoduuli",
  "vehicle.2mod.flatbed": "Suuri lava-ajoneuvomoduuli",
  "vehicle.2mod.fuel.tank": "Polttoainesäiliöajoneuvomoduuli",
  "vehicle.2mod.passengers": "Matkustaja-ajoneuvomoduuli",
  "vehicle.module": "Yleinen ajoneuvomoduuli",
  "boombox": "Kaiutin",
  "fun.boomboxportable": "Kannettava kaiutin",
  "cassette": "Kasetti - pitkä",
  "cassette.medium": "Kasetti - keskipitkä",
  "cassette.short": "Kasetti - lyhyt",
  "fun.casetterecorder": "Kasettinauhuri",
  "discoball": "Diskopallo",
  "discofloor": "Diskolattia",
  "discofloor.largetiles": "Diskolattia",
  "connected.speaker": "Jatkokaiutin",
  "laserlight": "Laservalo",
  "megaphone": "Megafoni",
  "microphonestand": "Mikrofoniteline",
  "mobilephone": "Matkapuhelin",
  "soundlight": "Äänivalo",
  "telephone": "Puhelin",
  "weapon.mod.8x.scope": "16x tähtäin",
  "weapon.mod.flashlight": "Aseen lamppu",
  "weapon.mod.holosight": "Punapistetähtäin",
  "weapon.mod.lasersight": "Aseen laser-tähtäin",
  "weapon.mod.muzzleboost": "Kuonon tehostin",
  "weapon.mod.muzzlebrake": "Kuonojarru",
  "weapon.mod.simplesight": "Yksinkertainen käsintehty tähtäin",
  "weapon.mod.silencer": "Äänenvaimennin",
  "weapon.mod.small.scope": "8x tähtäin",
  "rifle.ak": "Rynnäkkökivääri",
  "bandage": "Side",
  "grenade.beancan": "Papupurkkikranaatti",
  "rifle.bolt": "Pulttilukkokivääri",
  "bone.club": "Luunuija",
  "knife.bone": "Luuveitsi",
  "bow.hunting": "Metsästysjousi",
  "cakefiveyear": "Syntymäpäiväkakku",
  "chainsaw": "Moottorisaha",
  "salvaged.cleaver": "Improvisoitu lihakirves",
  "bow.compound": "Taljajousi",
  "crossbow": "Varsijousi",
  "shotgun.double": "Kaksipiippuinen haulikko",
  "pistol.eoka": "Eoka-pistooli",
  "grenade.f1": "F1-kranaatti",
  "flamethrower": "Liekinheitin",
  "multiplegrenadelauncher": "Kranaatinheitin",
  "knife.butcher": "Teurastajan veitsi",
  "pitchfork": "Hanko",
  "sickle": "Sirppi",
  "hammer": "Vasara",
  "hatchet": "Kirves",
  "knife.combat": "Taisteluveitsi",
  "rifle.l96": "L96 Kivääri",
  "rifle.lr300": "LR-300 rynnäkkökivääri",
  "lmg.m249": "M249",
  "rifle.m39": "M39 kivääri",
  "pistol.m92": "M92 pistooli",
  "mace": "Nuija",
  "machete": "Viidakkoveitsi",
  "smg.mp5": "MP5A4",
  "pistol.nailgun": "Naulapyssy",
  "paddle": "Mela",
  "pickaxe": "Hakku",
  "shotgun.waterpipe": "Vesipiippuhaulikko",
  "pistol.python": "Python revolveri",
  "pistol.revolver": "Revolveri",
  "rock": "Kivi",
  "rocket.launcher": "Raketinheitin",
  "axe.salvaged": "Improvisoitu kirves",
  "hammer.salvaged": "Improvisoitu vasara",
  "icepick.salvaged": "Improvisoitu naskali",
  "explosive.satchel": "Kasapanos",
  "shotgun.pump": "Pumppuhaulikko",
  "pistol.semiauto": "Puoliautomaattinen pistooli",
  "rifle.semiauto": "Puoliautomaattinen kivääri",
  "smg.2": "Erikoisvalmisteinen konepistooli",
  "shotgun.spas12": "Spas-12 haulikko",
  "speargun": "Harppuunapyssy",
  "stonehatchet": "Kivikirves",
  "stone.pickaxe": "Kivihakku",
  "spear.stone": "Kivikeihäs",
  "longsword": "Miekka",
  "salvaged.sword": "Improvisoitu miekka",
  "smg.thompson": "Thompson",
  "toolgun": "Garry's Mod-työkaluase",
  "torch": "Soihtu",
  "bucket.water": "Ämpäri",
  "spear.wooden": "Puukeihäs",
  "horse.armor.roadsign": "Liikennemerkkihevospanssari",
  "horse.armor.wood": "Puinen hevospanssari",
  "horse.saddle": "Hevosen satula",
  "horse.saddlebag": "Satulakassi",
  "horse.shoes.advanced": "Korkealaatuiset hevosenkengät",
  "horse.shoes.basic": "Perus hevosenkengät"
}