{
  "hat.wolf": "Вучија Капа",
  "fogmachine": "бацач дима",
  "strobelight": "Стробоскоп",
  "kayak": "Кајак",
  "rhib": "RHIB",
  "rowboat": "Чамац на вецле",
  "minihelicopter.repair": "МЦ поправак",
  "aiming.module.mlrs": "МЛРС нишански модул",
  "mlrs": "МЛРС",
  "ammo.rocket.mlrs": "МЛРС ракета",
  "scraptransportheli.repair": "СкрапТранспортХелиРепаир",
  "snowmobile": "Snowmobile",
  "snowmobiletomaha": "Tomaha Snowmobile",
  "submarineduo": "Дуо Субмарине",
  "submarinesolo": "Соло подморница",
  "wagon": "Wagon",
  "workcart": "Радна колица",
  "ammo.grenadelauncher.buckshot": "40мм метак за пумпу",
  "ammo.grenadelauncher.he": "40 milimetarska eksplozivna municija",
  "ammo.grenadelauncher.smoke": "40 milimetarska dimna municija",
  "arrow.hv": "Брза стрела",
  "arrow.wooden": "Дрвена стрела",
  "arrow.bone": "Стрела од костију",
  "arrow.fire": "Ватрена Стрела",
  "ammo.handmade.shell": "Ручно прављена чаура",
  "ammo.nailgun.nails": "Ексерски",
  "ammo.pistol": "Метак за пиштољ",
  "ammo.pistol.fire": "Запаљиви метак за пиштољ",
  "ammo.pistol.hv": "Брза муниција за пиштољ",
  "ammo.rifle": "Муниција за пушку 5.56",
  "ammo.rifle.explosive": "Експлозивна муниција за пушку, калибар 5.56",
  "ammo.rifle.incendiary": "Запаљива муниција за пушку, калибар 5.56",
  "ammo.rifle.hv": "Брза муниција за пушку, калибар 5.56",
  "ammo.rocket.basic": "Ракета",
  "ammo.rocket.fire": "Запаљива ракета",
  "ammo.rocket.hv": "Брза ракета",
  "ammo.rocket.smoke": "Димна ракета!!!!",
  "ammo.shotgun": "Сачмена брза патрона",
  "ammo.shotgun.fire": "Сачмена брза патрона",
  "ammo.shotgun.slug": "12 Калибарска патрона",
  "speargun.spear": "Подводна пушка",
  "submarine.torpedo.straight": "Торпедо",
  "door.double.hinged.metal": "Дупла лимена врата",
  "door.double.hinged.toptier": "Армирана дупла врата",
  "door.double.hinged.wood": "Дрвена дупла врата",
  "door.hinged.metal": "Врата од лима",
  "door.hinged.toptier": "Блиндирана врата",
  "door.hinged.wood": "Дрвена врата",
  "floor.grill": "кров за печење",
  "floor.ladder.hatch": "Отвор за мердевине",
  "floor.triangle.grill": "Подни роштиљ у облику трокута",
  "floor.triangle.ladder.hatch": "Трокутаста лествица",
  "gates.external.high.stone": "Високa Спољнa Kamena Kapija",
  "gates.external.high.wood": "Висока спољна дрвена капија",
  "ladder.wooden.wall": "Дрвене мердевине",
  "wall.external.high.stone": "Високи Спољни камени зид",
  "wall.external.high": "Високи Спољни Дрвени зид",
  "wall.frame.cell.gate": "Затворска врата ћелије",
  "wall.frame.cell": "Зид затворске ћелије",
  "wall.frame.fence.gate": "Мрежаста капија",
  "wall.frame.fence": "Мрежаста ограда",
  "wall.frame.garagedoor": "Гаражна врата",
  "wall.frame.netting": "Мрежа",
  "wall.frame.shopfront": "Излог",
  "wall.frame.shopfront.metal": "Предња продавница од метала",
  "wall.window.bars.metal": "Металне прозорске решетке",
  "wall.window.bars.toptier": "Армирано стакло",
  "wall.window.bars.wood": "Дрвене решетке за прозор",
  "shutter.metal.embrasure.a": "Метална хоризонтална амбразура",
  "shutter.metal.embrasure.b": "Метална Вертикална амбразура",
  "wall.window.glass.reinforced": "Ојачани стаклени прозор",
  "shutter.wood.a": "Дрвене ролетне",
  "watchtower.wood": "Дрвени Торањ",
  "diving.fins": "Ронилачке пераје",
  "diving.mask": "Ронилачка Маска",
  "diving.tank": "Ронилачки Тенк",
  "diving.wetsuit": "Против Хладноводно Одело",
  "boots.frog": "Жабље чизме",
  "barrelcostume": "Барел костим",
  "cratecostume": "Костим Сандука",
  "hat.gas.mask": "Гас Маска",
  "burlap.gloves.new": "Рукавице од Јута",
  "burlap.gloves": "Кожне рукавице",
  "roadsign.gloves": "Роадсигн Гловес",
  "tactical.gloves": "Тактичке рукавице",
  "ghostsheet": "Костим духа",
  "halloween.mummysuit": "Мамино одело",
  "scarecrow.suit": "Страшило одело",
  "scarecrowhead": "Страшило одело",
  "attire.hide.helterneck": "Сакриј поводац",
  "hat.beenie": "Вунена капа",
  "hat.boonie": "Боуни шешир",
  "bucket.helmet": "Шлем од кофе",
  "burlap.headwrap": "Марама од јута",
  "hat.candle": "Шешир са свећом",
  "hat.cap": "Бејзбол капа",
  "clatter.helmet": "Клаттер Хелмет",
  "coffeecan.helmet": "Шлем од кантице за кафу",
  "deer.skull.mask": "Шлем од костију",
  "heavy.plate.helmet": "Тешка Кацига Од Металних Плоча",
  "hat.miner": "Рударска капа",
  "partyhat": "Капа за Журку",
  "riot.helmet": "Интервентни шлем",
  "wood.armor.helmet": "Дрвена оклопна кацига",
  "hoodie": "Дукс",
  "bone.armor.suit": "Оклоп од костију",
  "heavy.plate.jacket": "Тешка Јакна Од Металних Плоча",
  "jacket.snow": "Јакна са камуфлажом за снег",
  "jacket": "Јакна",
  "wood.armor.jacket": "Дрвени штитник за груди",
  "lumberjack hoodie": "Дуксерица за дрвосече",
  "mask.balaclava": "Импровизована фантомка",
  "mask.bandana": "Марама",
  "metal.facemask": "Метална Маска",
  "nightvisiongoggles": "Наочаре за ноћни вид",
  "attire.ninja.suit": "НИНЏА ОДЕЛО",
  "burlap.trousers": "Тренерке од Јута",
  "heavy.plate.pants": "Тешке Панталоне Од Металних Плоча",
  "attire.hide.pants": "Кожне панталоне",
  "roadsign.kilt": "Килт направљен од саобраћајних знакова",
  "pants.shorts": "Шорц",
  "wood.armor.pants": "Панталоне од дрвеног оклопа",
  "pants": "Панталоне",
  "attire.hide.poncho": "Кожни пончо",
  "burlap.shirt": "Мајица од јута",
  "shirt.collared": "Кошуља",
  "attire.hide.vest": "Кожни прслук",
  "shirt.tanktop": "Танк Топ",
  "shoes.boots": "Чизме",
  "burlap.shoes": "Ципеле од Јута",
  "attire.hide.boots": "Кожне чизме",
  "attire.hide.skirt": "Кожна сукња",
  "attire.banditguard": "Бандит Гуард Геар",
  "hazmatsuit.arcticsuit": " Одело одело",
  "hazmatsuit": "Одело против радијације",
  "hazmatsuit.nomadsuit": "Номад Суит",
  "hazmatsuit_scientist": "Одело научника",
  "hazmatsuit_scientist_arctic": "Арктичко одело научника",
  "hazmatsuit_scientist_peacekeeper": "Одело научника",
  "hazmatsuit.spacesuit": "Свемирско одело",
  "scientistsuit_heavy": "Јако одело научника",
  "jumpsuit.suit.blue": "Плави комбинезон",
  "jumpsuit.suit": "kombinezon",
  "tshirt.long": "Мајца са дугим рукавима",
  "tshirt": "Мајица",
  "metal.plate.torso": "Метални панцир",
  "roadsign.jacket": "Јакна од знакова на путу",
  "bleach": "Избељивач",
  "ducttape": "Лепљива трака",
  "carburetor1": "Карбуратор ниског квалитета",
  "carburetor2": "Карбуратор средњег квалитета",
  "carburetor3": "Карбуратор високог квалитета",
  "crankshaft1": "Нискоквалитетна радилица",
  "crankshaft2": "Радилица средњег квалитета",
  "crankshaft3": "Висококвалитетна радилица",
  "piston1": "Клипови ниског квалитета",
  "piston2": "Клипови средњег квалитета",
  "piston3": "Клипови високог квалитета",
  "sparkplug1": "Свећице ниског квалитета",
  "sparkplug2": "Свећице средњег квалитета",
  "sparkplug3": "Свећице високог квалитета",
  "valve1": "Вентили ниског квалитета",
  "valve2": "Вентили средњег квалитета",
  "valve3": "Вентили високог квалитета",
  "fuse": "Електрични осигурач",
  "gears": "Зупчаници",
  "glue": "Лепак",
  "metalblade": "Метална оштрица",
  "metalpipe": "Метална цев",
  "propanetank": "Празна плинска боца",
  "roadsigns": "Роад Сајнс",
  "rope": "Конопац",
  "sewingkit": "Прибор за шивење",
  "sheetmetal": "Лим",
  "metalspring": "Метална Опруга",
  "sticks": "Штапови",
  "tarp": "Церада",
  "techparts": "Техничко смеће",
  "riflebody": "Тело пушке",
  "semibody": "Тело полу-аутоматске пушке",
  "smgbody": "СМГ тело",
  "barricade.concrete": "Бетонска барикада",
  "barricade.wood.cover": "Заштита од дрвене барикаде",
  "barricade.metal": "Метална барикада",
  "barricade.sandbags": "Барикада од вреће од песка",
  "barricade.stone": "Камена барикада",
  "barricade.wood": "Дрвена барикада",
  "barricade.woodwire": "Бодљикава дрвена барикада",
  "bbq": "Роштиљ",
  "trap.bear": "Медвеђа замка",
  "bed": "Кревет",
  "campfire": "Логорска ватра",
  "cardtable": "Картонски стол",
  "ceilinglight": "Лустер",
  "chair": "Столица",
  "composter": "Цомпостер",
  "computerstation": "Kompjuter Stanica",
  "drone": "Дрон",
  "dropbox": "Мала кутија",
  "elevator": "Лифт",
  "fireplace.stone": "Камени простор за ватру",
  "firework.boomer.blue": "Блуе Боомер",
  "firework.boomer.champagne": "Цхампагне Боомер",
  "firework.boomer.green": "Греен Боомер",
  "firework.boomer.orange": "Оранге Боомер",
  "firework.boomer.pattern": "ватромет",
  "firework.boomer.red": "Ред Боомер",
  "firework.boomer.violet": "Виолет Боомер",
  "firework.romancandle.blue": "Плава римска свећа",
  "firework.romancandle.green": "Зелена римска свећа",
  "firework.romancandle.red": "Црвена Римска свећа",
  "firework.romancandle.violet": "Љубичаста Римска свећа",
  "firework.volcano": "Бели Вулкански Ватромет",
  "firework.volcano.red": "Црвени Вулкан ватромет",
  "firework.volcano.violet": "Љубичасти вулкан ватромет",
  "spikes.floor": "Дрвени подни шиљци",
  "frankensteintable": "Франкенстеин Табле",
  "fridge": "Фрижидер",
  "furnace.large": "Велика пећ",
  "furnace": "Пећ",
  "hitchtroughcombo": "Хич и Кроз",
  "habrepair": "Поправак хаб",
  "jackolantern.angry": "Џек О Лантрн Љут",
  "jackolantern.happy": "Џек О Лантрн Срећан",
  "trap.landmine": "Homemade Landmine",
  "lantern": "Фењер",
  "box.wooden.large": "Велики дрвени сандук",
  "water.barrel": "Буре са водом",
  "locker": "Ормар",
  "mailbox": "Поштанско сандуче",
  "mixingtable": "Мешани сто",
  "modularcarlift": "Модуларно дизало аутомобила",
  "mining.pumpjack": "Нафтна бушотина",
  "small.oil.refinery": "Мала рафинерија нафте",
  "planter.large": "Велика саксија",
  "planter.small": "Мала саксија",
  "electric.audioalarm": "Аудио Аларм",
  "smart.alarm": "Паметни аларм",
  "smart.switch": "Паметни прекидач",
  "storage.monitor": "Монитор складишта",
  "electric.battery.rechargable.large": "Велика пуњива батерија",
  "electric.battery.rechargable.medium": "Средња пуњива батерија",
  "electric.battery.rechargable.small": "Мала пуњива батерија",
  "electric.button": "Дугме",
  "electric.counter": "Бројач",
  "electric.hbhfsensor": "ХБХФ сензор",
  "electric.laserdetector": "Ласерски детектор",
  "electric.pressurepad": "Притисна плоча",
  "electric.doorcontroller": "Контролер врата",
  "electric.heater": "Електрични грејач",
  "fluid.combiner": "Мешалица течности",
  "fluid.splitter": "Избацивач течности",
  "fluid.switch": "Прекидач и пумпа за течност",
  "electric.andswitch": "аутом. пребацивање",
  "electric.blocker": "Блокер",
  "electrical.branch": "Електрична Филијала",
  "electrical.combiner": "Комбинатор",
  "electrical.memorycell": "Меморијска Ћелија",
  "electric.orswitch": "ИЛИ Пребацивање",
  "electric.random.switch": "аутом. пребацивање",
  "electric.rf.broadcaster": "РФ радио дифузија",
  "electric.rf.receiver": "РФ пријемник",
  "electric.xorswitch": "КСОР Свитцх",
  "electric.fuelgenerator.small": "Мали Генератор",
  "electric.generator.small": "Тест Генератор",
  "electric.solarpanel.large": "Велики соларни панел",
  "electric.igniter": "Запали",
  "electric.flasherlight": "Светло које светли",
  "electric.simplelight": "Једноставно светло",
  "electric.sirenlight": "Сиренаска светлост",
  "powered.water.purifier": "Струјни прочишћавач воде",
  "electric.switch": "Прекидач",
  "electric.splitter": "Раздељивач",
  "electric.sprinkler": "Прскалица",
  "electric.teslacoil": "Теслин калем",
  "electric.timer": "Тајмер",
  "electric.cabletunnel": "Кабелски тунел",
  "waterpump": "Пумпа за воду",
  "mining.quarry": "Рударски каменолом",
  "target.reactive": "Реактивна мета",
  "box.repair.bench": "Сто за поправку",
  "research.table": "Сто за истраживање",
  "rug.bear": "Тепих Медвеђе Кожe",
  "rug": "Простирка",
  "searchlight": "Светло За Потрагу",
  "secretlabchair": "SecretLab столица",
  "shelves": "Поштене полице",
  "sign.hanging.banner.large": "Велики висећи банер",
  "sign.hanging": "Двострани висећи знак",
  "sign.hanging.ornate": "Двострани, украшени висећи знак",
  "sign.pictureframe.landscape": "Пејзажни рам за слику",
  "sign.pictureframe.portrait": "Портретни рам за слику",
  "sign.pictureframe.tall": "Висок рам за слику",
  "sign.pictureframe.xl": "Оквир слике величине XL",
  "sign.pictureframe.xxl": "Рам за слике величине XXL",
  "sign.pole.banner.large": "Велики банер на стубу",
  "sign.post.double": "Стуб са два знака",
  "sign.post.single": "Стуб са знаком",
  "sign.post.town": "Једнострани путоказ",
  "sign.post.town.roof": "Двострани путоказ",
  "sign.wooden.huge": "Огроман дрвени знак",
  "sign.wooden.large": "Велики дрвени знак",
  "sign.wooden.medium": "Средњи дрвени знак",
  "sign.wooden.small": "Мали дрвени знак",
  "guntrap": "Замка Сачмара",
  "sleepingbag": "Врећа за спавање",
  "stash.small": "Мала Залиха",
  "sofa": "Кауч",
  "sofa.pattern": "Софа - Узорак",
  "spinner.wheel": "Завртети кург",
  "fishtrap.small": "Замка за рибе",
  "table": "Tabela",
  "workbench1": "Радни сто Ниво 1",
  "workbench2": "Радни сто Ниво 2",
  "workbench3": "Радни сто Ниво 3",
  "cupboard.tool": "Алатни Ормар",
  "tunalight": "Лампа од конзерве од туне",
  "vending.machine": "Аутомат",
  "water.catcher.large": "Велики хватач воде",
  "water.catcher.small": "Мали хватач воде",
  "water.purifier": "Пречишћивач воде",
  "generator.wind.scrap": "Ветрењача",
  "box.wooden": "Дрвени сандук",
  "apple": "Јабука",
  "apple.spoiled": "Трула јабука",
  "black.raspberries": "Купине",
  "blueberries": "Боровнице",
  "botabag": "Кожна чутура",
  "grub": "ларва",
  "worm": "Црв",
  "cactusflesh": "Кактусово месо",
  "can.beans": "Конзерва пасуља",
  "can.tuna": "Конзерва туне",
  "chocholate": "Чоколада",
  "fish.anchovy": "Инћун",
  "fish.catfish": "Сом",
  "fish.cooked": "Печена ребарца",
  "fish.raw": "Сирова риба",
  "fish.herring": "харинга",
  "fish.minnows": "Белица",
  "fish.orangeroughy": "Orange Roughy",
  "fish.salmon": "Лосос",
  "fish.sardine": "Сардине",
  "fish.smallshark": "Мала ајкула",
  "fish.troutsmall": "Мала пастрмка",
  "fish.yellowperch": "Жута бобица",
  "granolabar": "Бонжита",
  "chicken.burned": "Изгорела пилетина",
  "chicken.cooked": "Печена Пилетина",
  "chicken.raw": "Сирова пилећа прса",
  "chicken.spoiled": "Покварена Пилетина",
  "deermeat.burned": "Загорело месо јелена",
  "deermeat.cooked": "Испечено јеленово месо",
  "deermeat.raw": "Сирово јеленово месо",
  "horsemeat.burned": "Загорело вучије месо",
  "horsemeat.cooked": "Кувано коњско месо",
  "horsemeat.raw": "Сирово коњско месо",
  "humanmeat.burned": "Загорело људско месо",
  "humanmeat.cooked": "Печено људско месо",
  "humanmeat.raw": "Сирово људско месо",
  "humanmeat.spoiled": "Покварено људско месо",
  "bearmeat.burned": "Загорело медвеђе месо",
  "bearmeat.cooked": "Кувано медвеђе месо",
  "bearmeat": "Сирово медвеђе месо",
  "wolfmeat.burned": "Загорело вучије месо",
  "wolfmeat.cooked": "Печено вучије месо",
  "wolfmeat.raw": "Сирово вучје месо",
  "wolfmeat.spoiled": "Покварено вучје месо",
  "meat.pork.burned": "Изгорела свињетина",
  "meat.pork.cooked": "Кувана Свињетина",
  "meat.boar": "Сирова Свињетина",
  "mushroom": "Печурка",
  "jar.pickle": "Кисели краставци",
  "smallwaterbottle": "Мала флаша са водом",
  "waterjug": "Бокал за боду",
  "fun.bass": "Сховел Басс",
  "fun.cowbell": "звоно",
  "drumkit": "Комплет ѕа бубањ Ћункјард",
  "fun.flute": "Панова свирала",
  "fun.guitar": "Акустична гитара",
  "fun.jerrycanguitar": "Јерри Цан Гуитар",
  "piano": "Самовоље клавир",
  "fun.tambourine": "Канбоурине",
  "fun.trumpet": "Водоинсталатерска труба",
  "fun.tuba": "Соусапхоне",
  "xylophone": "Ксилобон",
  "car.key": "Ауто кључ",
  "door.key": "Кључ за Врата",
  "lock.key": "Кључна брава",
  "lock.code": "Брава са шифром",
  "blueprintbase": "Нацрт",
  "chineselantern": "Кинеска Лантерна",
  "dragondoorknocker": "Змајева Алка Врата",
  "hat.dragonmask": "Змајева Маска",
  "newyeargong": "Новогодишњи гонг",
  "hat.oxmask": "Маска волова",
  "hat.ratmask": "Маска пацова",
  "skylantern": "Sky Lantern",
  "skylantern.skylantern.green": "Sky Lantern - Green",
  "skylantern.skylantern.orange": "Sky Lantern - Orange",
  "skylantern.skylantern.purple": "Sky Lantern - Purple",
  "skylantern.skylantern.red": "Sky Lantern - Red",
  "lunar.firecrackers": "Низ петарди",
  "hat.tigermask": "Tигар Маск",
  "arcade.machine.chippy": "Video Igrice",
  "bluedogtags": "Blue Dog Tags",
  "dogtagneutral": "Dog Tag",
  "reddogtags": "Red Dog Tags",
  "door.closer": "Затварач Врата",
  "attire.bunnyears": "Зечије уши",
  "attire.bunny.onesie": "Бунни Онесие",
  "hat.bunnyhat": "Зечије уши",
  "easterdoorwreath": "Ускршњи Вратни Венац",
  "easterbasket": "Кошара за јаја",
  "attire.egg.suit": "Одело за јаја",
  "rustige_egg_a": "Рустиг? Јаје - црвено",
  "rustige_egg_b": "Рустиг? Јаје - плаво",
  "rustige_egg_c": "Рустиг? Јаје - љубичасто",
  "rustige_egg_d": "Рустиг? Јаје - Слоновача",
  "rustige_egg_e": "Рустиг? Јаје - зелено",
  "attire.nesthat": "Kapa Gnezda",
  "easter.bronzeegg": "Бронзано јаје",
  "easter.goldegg": "Златно јаје",
  "easter.paintedeggs": "Обојено јаје",
  "easter.silveregg": "Сребрно јаје",
  "halloween.candy": "Шиш-Миш ноћ вештица",
  "largecandles": "Велики сет за свеће",
  "smallcandles": "Мали сет за свеће",
  "carvable.pumpkin": "Резбарљива бундева",
  "coffin.storage": "Мртвачки сандук",
  "cursedcauldron": "Проклети Котао",
  "gravestone": "Надгробни споменик",
  "woodcross": "Дрвени крст",
  "frankensteins.monster.01.head": "Светла глава Франкенштајна",
  "frankensteins.monster.01.legs": "Лагане Франкенштајнове ноге",
  "frankensteins.monster.01.torso": "Лагани Франкенштајн торзо",
  "frankensteins.monster.02.head": "Средња Франкенштајн глава",
  "frankensteins.monster.02.legs": "Средње Франкенштајнове ноге",
  "frankensteins.monster.02.torso": "Средњи Франкенштајн торзо",
  "frankensteins.monster.03.head": "Тешка глава Франкенштајна",
  "frankensteins.monster.03.legs": "Тешке Франкенштајнове ноге",
  "frankensteins.monster.03.torso": "Тешки Франкенштајн торзо",
  "wall.graveyard.fence": "Ограда гробља",
  "halloween.lootbag.large": "Велики дрвени сандук",
  "halloween.lootbag.medium": "Средња лоот торба",
  "halloween.lootbag.small": "Мала Лоот Баг",
  "pumpkinbasket": "Бундева",
  "scarecrow": "Страшило",
  "skullspikes.candles": "Лобање на шиљцима",
  "skullspikes.pumpkin": "Лобање на шиљцима",
  "skullspikes": "Лобање на шиљцима",
  "skulldoorknocker": "Кућна врата",
  "skull_fire_pit": "Лобања ватрена јама",
  "spiderweb": "Паучина",
  "spookyspeaker": "Сабласни звучник",
  "halloween.surgeonsuit": "Хируршки пилинги",
  "skull.trophy.jar": "Трофеј лобање",
  "skull.trophy.jar2": "Трофеј лобање",
  "skull.trophy.table": "Трофеј лобање",
  "skull.trophy": "Трофеј лобање",
  "movembermoustachecard": "Картица Мовембарски бркови.",
  "movembermoustache": "Мовембарски бркови",
  "note": "Белешка",
  "factorydoor": "Врата фабрике",
  "industrial.wall.light.green": "Зелена индустријска зидна лампа",
  "industrial.wall.light": "Индустријска зидна лампа",
  "industrial.wall.light.red": "Зелена индустријска зидна лампа",
  "skull.human": "Људска лобања",
  "abovegroundpool": "Изнад базена",
  "beachchair": "Столица за плажу",
  "beachparasol": "Плажни сунцобран",
  "beachtable": "Сто за истраживање",
  "beachtowel": "Пешкир за плажу",
  "boogieboard": "даска за сурфовање",
  "innertube": "Унутрашња гума",
  "innertube.horse": "Унутрашња гума",
  "innertube.unicorn": "Унутрашња гума",
  "tool.instant_camera": "Инстант камера",
  "paddlingpool": "Базен за децу",
  "photo": "Фотографија",
  "photoframe.landscape": "Пејзажни рам за слику",
  "photoframe.large": "Велики рам за фотографије",
  "photoframe.portrait": "Портретни рам за слику",
  "sunglasses02black": "Наочаре за сунце",
  "sunglasses02camo": "Наочаре за сунце",
  "sunglasses02red": "Наочаре за сунце",
  "sunglasses03black": "Наочаре за сунце",
  "sunglasses03chrome": "Наочаре за сунце",
  "sunglasses03gold": "Наочаре за сунце",
  "sunglasses": "Наочаре за сунце",
  "gun.water": "Пиштољ на воду",
  "pistol.water": "Водени пиштољ",
  "twitchsunglasses": "Љубичасте наочаре за сунце",
  "twitch.headset": "Слушалице",
  "hobobarrel": "Бескућничка бачва.",
  "door.hinged.industrial.a": "Индустријска Врата",
  "xmas.advent": "Адвентски календар",
  "candycaneclub": "Шећерна палица",
  "xmas.lightstring": "Божићна светла",
  "xmas.door.garland": "Празнична врата Гарланд",
  "xmas.double.door.garland": "Празнична врата Гарланд",
  "candycane": "Слатки штапић",
  "giantcandycanedecor": "Велики Слаткиш",
  "wall.ice.wall": "Кратки ледени зид",
  "wall.external.high.ice": "Високи ледени зид",
  "giantlollipops": "Велики лолипоп",
  "sign.neon.125x125": "Мали неонски знак",
  "sign.neon.125x215.animated": "Средњи анимирани неонски знак",
  "sign.neon.125x215": "Средњи неонски знак",
  "sign.neon.xl.animated": "Велики анимирани неонски знак",
  "sign.neon.xl": "Велики неонски знак",
  "pookie.bear": "Плишани Медвед",
  "xmas.lightstring.advanced": "Делуке божићне лампице",
  "coal": "Угаљ :(",
  "xmas.present.large": "Велики поклон",
  "xmas.present.medium": "Средњи поклон",
  "xmas.present.small": "Мали поклон",
  "sled.xmas": "Санке",
  "sled": "Санке",
  "snowmachine": "Машина за снег",
  "snowball": "Грудва",
  "snowballgun": "Пиштољ за снежне грудве",
  "snowman": "Снешко Белић",
  "stocking.large": "Супер чарапа",
  "stocking.small": "Мала чарапа",
  "attire.reindeer.headband": "Рогови ирваса",
  "santabeard": "Деда Мразова брада",
  "santahat": "Деда Мразова капа",
  "attire.snowman.helmet": "Снешко Белић шлем",
  "xmas.window.garland": "Празнична прозорска гарланда",
  "wrappedgift": "Замотан поклон",
  "wrappingpaper": "Папир за паковање",
  "xmasdoorwreath": "Божићни венац на вратима",
  "xmas.decoration.baubels": "Декоративни баубелси",
  "xmas.decoration.candycanes": "Украсни пластични штапићи за бомбоне",
  "xmas.decoration.gingerbreadmen": "Декоративни мушкарци од медењака",
  "xmas.decoration.lights": "Дрвена стбетла",
  "xmas.decoration.pinecone": "Декоративни пинецонес",
  "xmas.decoration.star": "Звезда за врх дрвета",
  "xmas.decoration.tinsel": "Декоративни баубелси",
  "xmas.tree": "Јелка",
  "captainslog": "Капетанов дневник",
  "fishing.tackle": "Прибор за пецање",
  "bottle.vodka": "Флаша вотке",
  "autoturret": "Аутоматски турет",
  "flameturret": "Ватрена Купола",
  "gloweyes": "Сјајне очи",
  "ammo.rocket.sam": "САМ Метак",
  "samsite": "Пртоивлетећи уређај",
  "black.berry": "Црна бобица",
  "clone.black.berry": "Клон Црне Бобице",
  "seed.black.berry": "Семе црне бобице",
  "blue.berry": "Боровница",
  "clone.blue.berry": "Клон боровнице",
  "seed.blue.berry": "Семе плаве бобице",
  "green.berry": "Зелена бобица",
  "clone.green.berry": "Зелене бобице клон",
  "seed.green.berry": "Семе зелене бобице",
  "red.berry": "Црвена бобица",
  "clone.red.berry": "Црвене бобице клон",
  "seed.red.berry": "Семе црвене бобице",
  "white.berry": "Бела бобица",
  "clone.white.berry": "Беле бобице клон",
  "seed.white.berry": "Семе беле бобице",
  "yellow.berry": "Жута бобица",
  "clone.yellow.berry": "Жуте бобице клон",
  "seed.yellow.berry": "Семе жуте бобице",
  "corn": "Кукуруз",
  "clone.corn": "Клон Кукуруза",
  "seed.corn": "Семе кукуруза",
  "clone.hemp": "Клон конопља",
  "seed.hemp": "Семе конопље",
  "potato": "Krompir",
  "clone.potato": "Klon Krompira",
  "seed.potato": "Семе кромпира",
  "pumpkin": "Бундева",
  "clone.pumpkin": "Клон Биљке Бундеве",
  "seed.pumpkin": "Семе бундеве",
  "fat.animal": "Животињска маст",
  "battery.small": "Батерија - мала",
  "blood": "Крв",
  "bone.fragments": "Делови костију",
  "cctv.camera": "ЦЦТВ Камера",
  "charcoal": "Угаљ",
  "cloth": "Тканина",
  "crude.oil": "Сирова нафта",
  "diesel_barrel": "Дизел гориво",
  "can.beans.empty": "Празна конзерва пасуља",
  "can.tuna.empty": "Празна конзерва туне",
  "explosives": "Експлозив",
  "fertilizer": "Ђубриво",
  "gunpowder": "Барут",
  "horsedung": "Konjska Govna",
  "hq.metal.ore": "Метал високог квалитета",
  "metal.refined": "Метал високог квалитета",
  "leather": "Кожа",
  "lowgradefuel": "Гориво ниског квалитета",
  "metal.fragments": "Метални фрагменти",
  "metal.ore": "Руда метала",
  "paper": "Папир",
  "plantfiber": "Влакно од биљке",
  "researchpaper": "Истраживачки рад",
  "water.salt": "слана вода",
  "scrap": "Скреп",
  "stones": "Камење",
  "sulfur.ore": "Руда Сумпора",
  "sulfur": "Сумпор",
  "targeting.computer": "Рачунар за циљање",
  "water": "Вода",
  "skull.wolf": "Лобања вука",
  "wood": "Дрво",
  "healingtea.advanced": "Напредни лековити чај",
  "healingtea": "Основни лековити чај",
  "healingtea.pure": "Чисти лековити чај",
  "maxhealthtea.advanced": "Напредни максимални чај здравља",
  "maxhealthtea": "Обичан максимални лековити чај.",
  "maxhealthtea.pure": "Чисти чај максималног здравља.",
  "oretea.advanced": "Напредни Рудни Чај.",
  "oretea": "Основни Рудни Чај.",
  "oretea.pure": "Чај од Чисте Руде",
  "radiationremovetea.advanced": "Напреднији чај за уклањање радијације",
  "radiationremovetea": "Чај за уклањање радијације",
  "radiationremovetea.pure": "Чисти чај за уклањање радијације.",
  "radiationresisttea.advanced": "Напредни чај против радијације.",
  "radiationresisttea": "Чај против Рад-а",
  "radiationresisttea.pure": "Чисти чај против радијације.",
  "scraptea.advanced": "Напредни отпадни чај",
  "scraptea": "Оснавни Отпадни Чај",
  "scraptea.pure": "Чај од Чисте Руде",
  "woodtea.advanced": "Напредни чај од дрвета",
  "woodtea": "Основни чај од дрвета",
  "woodtea.pure": "Чај од чистог дрвета",
  "antiradpills": "Против-радијационе пилуле",
  "tool.binoculars": "Двоглед",
  "explosive.timed": "Темпирана експлозивна направа",
  "tool.camera": "Камера",
  "rf.detonator": "РФ предајник",
  "fishingrod.handmade": "Ручно направљени штап за пецање",
  "flare": "Сигнална ракета",
  "flashlight.held": "Батеријска лампа",
  "geiger.counter": "Гајгеров бројач",
  "hosetool": "Crevni Alat",
  "jackhammer": "Бушилица",
  "keycard_blue": "Плава картица",
  "keycard_green": "Зелена картица",
  "keycard_red": "Црвена Картица",
  "largemedkit": "Велика прва помоћ",
  "map": "Папирна мапа",
  "syringe.medical": "Медицински шприц",
  "rf_pager": "РФ Пагер",
  "building.planner": "План за изградњу",
  "grenade.smoke": "Димна бомба",
  "spraycan": "Spray Can",
  "spraycandecal": "Spray Can Decal",
  "supply.signal": "Сигнална граната",
  "surveycharge": "Бомба за испитивање",
  "wiretool": "Алати за Жицу",
  "vehicle.chassis.2mod": "Мала шасија",
  "vehicle.chassis.3mod": "Средња шасија",
  "vehicle.chassis.4mod": "Велика шасија",
  "vehicle.chassis": "Генеричка шасија возила",
  "vehicle.1mod.cockpit": "Модул возила у кабини",
  "vehicle.1mod.cockpit.armored": "Блиндирани модул возила у кокпиту",
  "vehicle.1mod.cockpit.with.engine": "Кабина са модулом возила",
  "vehicle.1mod.engine": "Модул возила",
  "vehicle.1mod.flatbed": "Модул возила с равном платформом",
  "vehicle.1mod.passengers.armored": "Блиндирани модул возила у кокпиту",
  "vehicle.1mod.rear.seats": "Модул возила са задњим седиштима",
  "vehicle.1mod.storage": "Модул за складиштење возила",
  "vehicle.1mod.taxi": "Такси модул возила",
  "vehicle.2mod.camper": "Модул кампер возила",
  "vehicle.2mod.flatbed": "Велики модул возила с равном платформом",
  "vehicle.2mod.fuel.tank": "Модул возила за резервоар за гориво",
  "vehicle.2mod.passengers": "Модул путничког возила",
  "vehicle.module": "Општи модул возила",
  "boombox": "Бум-бокс\n",
  "fun.boomboxportable": "Преносиви бум-бокс",
  "cassette": "Касета - дуга",
  "cassette.medium": "Касета - средња",
  "cassette.short": "Касета - кратка",
  "fun.casetterecorder": "Касетофон",
  "discoball": "Диско кугла",
  "discofloor": "Диско под\n",
  "discofloor.largetiles": "Диско под\n",
  "connected.speaker": "Повезани звучник",
  "laserlight": "Ласерско светло",
  "megaphone": "Мегафон",
  "microphonestand": "Сталак за микрофон",
  "mobilephone": "Мобилни телефон",
  "soundlight": "Звучно светло",
  "telephone": "Телефон",
  "weapon.mod.8x.scope": "16x Зумирајућа оптика",
  "weapon.mod.extendedmags": "Extended Magazine",
  "weapon.mod.flashlight": "Батеријска лампа за оружје",
  "weapon.mod.holosight": "Ред Дот",
  "weapon.mod.lasersight": "Ласерски нишан",
  "weapon.mod.muzzleboost": "Музл Буст",
  "weapon.mod.muzzlebrake": "Музл Брејк",
  "weapon.mod.simplesight": "Једноставан ручни рад",
  "weapon.mod.silencer": "Пригушивач",
  "weapon.mod.small.scope": "8x Зумирајућа оптика",
  "rifle.ak": "Калаш",
  "rifle.ak.ice": "Асолт пушка - ЛЕД",
  "bandage": "Завој",
  "grenade.beancan": "Граната од конзерве за пасуљ",
  "rifle.bolt": "Болт Акшн Рајфл",
  "bone.club": "Коштана палица",
  "knife.bone": "Нож од костију",
  "bow.hunting": "Ловачки лук",
  "cakefiveyear": "Рођенданска торта",
  "chainsaw": "Моторна тестера",
  "salvaged.cleaver": "Нађена сатара",
  "bow.compound": "Сложени Лук",
  "crossbow": "Самострел",
  "shotgun.double": "Двоцевка",
  "pistol.eoka": "Кубура",
  "grenade.f1": "Граната F1",
  "flamethrower": "Бацач пламена",
  "multiplegrenadelauncher": "Вишеструки бацач граната",
  "knife.butcher": "Месарски нож",
  "pitchfork": "Виљушка",
  "sickle": "Срп",
  "skull": "Лобања",
  "hammer": "Чекић",
  "hatchet": "Секира",
  "hmlmg": "HMLMG",
  "knife.combat": "Борбени Нож",
  "rifle.l96": "Пушка Л96",
  "rifle.lr300": "ЛР-300",
  "lmg.m249": "Крмача",
  "rifle.m39": "Пушка М39",
  "pistol.m92": "М92 Пиштољ",
  "mace": "Буздован",
  "machete": "Мачета",
  "smg.mp5": "МП5",
  "pistol.nailgun": "Наилгун",
  "paddle": "Весло",
  "pickaxe": "Крамп",
  "shotgun.waterpipe": "Ручно прављена сачмарица",
  "pistol.python": "Питон Револвер",
  "pistol.revolver": "Револвер",
  "rock": "Камен",
  "rocket.launcher": "Ракетни бацач",
  "axe.salvaged": "Импровизована секира",
  "hammer.salvaged": "Импровизовани чекић",
  "icepick.salvaged": "Импровизовани пикекс",
  "explosive.satchel": "Торба са експлозивом",
  "shotgun.pump": "Сачмарица",
  "pistol.semiauto": "Полу-аутоматски пиштољ",
  "rifle.semiauto": "Полу-Аутоматска пушка",
  "smg.2": "Ручно прављена машинка",
  "shotgun.spas12": "Спас-12 пушка",
  "speargun": "Копље пиштољ",
  "stonehatchet": "Камена Секира",
  "stone.pickaxe": "Камени Крамп",
  "spear.stone": "Камено копље",
  "longsword": "Дуги мач",
  "salvaged.sword": "Импровизован мач",
  "smg.thompson": "Томпсон",
  "toolgun": "Гарри-ов Тоол Гун",
  "torch": "Бакља",
  "bucket.water": "Канта за Воду",
  "spear.wooden": "Дрвено копље",
  "horse.armor.roadsign": "Коњски оклоп Роадсигн",
  "horse.armor.wood": "Дрвени коњски оклоп",
  "horse.saddle": "Седло",
  "horse.saddlebag": "Торба за седло",
  "horse.shoes.advanced": "Високе квалитете коњске ципеле",
  "horse.shoes.basic": "Основне коњске ципеле"
}