{
  "hat.wolf": "Περικεφαλαία λύκου",
  "fogmachine": "Fogger-3000",
  "strobelight": "Στροβοσκοπικό φως",
  "kayak": "Καγιάκ",
  "rhib": "RHIB",
  "rowboat": "Βάρκα με κουπιά",
  "minihelicopter.repair": "Επισκευή MC",
  "aiming.module.mlrs": "Ενότητα σκόπευσης MLRS",
  "mlrs": "MLRS",
  "ammo.rocket.mlrs": "Πύραυλος MLRS",
  "scraptransportheli.repair": "ScrapTransportHeliRepair",
  "snowmobile": "Μηχανοκίνητο έλκηθρο",
  "snowmobiletomaha": "Tomaha Μηχανοκίνητο έλκηθρο",
  "submarineduo": "Δυπλό Υποβρύχιο",
  "submarinesolo": "Μονό Υποβρύχιο",
  "locomotive": "Μηχανή τρένου",
  "wagon": "Βαγόνι",
  "workcart": "Καλάθι εργασίας",
  "ammo.grenadelauncher.buckshot": "40 χιλιοστά σφαίρας κυνηγετικού όπλου",
  "ammo.grenadelauncher.he": "40 χιλιοστά χειροβομβίδας μεγάλης έκρηξης",
  "ammo.grenadelauncher.smoke": "Χειροβομβίδα καπνού 40 χιλιοστών",
  "arrow.hv": "Βέλος υψηλής ταχύτητας",
  "arrow.wooden": "Ξύλινο βέλος",
  "arrow.bone": "Κοκάλινο Βέλος",
  "arrow.fire": "Βέλος Φωτιάς",
  "ammo.handmade.shell": "Χειροποίητος κάλυκας",
  "ammo.nailgun.nails": "Καρφιά",
  "ammo.pistol": "Σφαίρα πιστολιού",
  "ammo.pistol.fire": "Εμπρηστική σφαίρα πιστολιού",
  "ammo.pistol.hv": "HV πυρομαχικά πιστολιού",
  "ammo.rifle": "Πυρομαχικά 5.56 χιλιοστών",
  "ammo.rifle.explosive": "Εκρηκτικά πυρομαχικά 5.56mm",
  "ammo.rifle.incendiary": "Εμπρηστικά πυρομαχικά 5.56 χιλιοστών",
  "ammo.rifle.hv": "HV πυρομαχικά 5.56mm",
  "ammo.rocket.basic": "Ρουκέτα",
  "ammo.rocket.fire": "Εμπρηστική ρουκέτα",
  "ammo.rocket.hv": "HV ρουκέτα",
  "ammo.rocket.smoke": "Ρουκέτα καπνού WIP!!!!",
  "ammo.shotgun": "Φυσίγγι διασποράς 12 χιλιοστών",
  "ammo.shotgun.fire": "12 βαλβίδα πυρακτώσεως μετρητή",
  "ammo.shotgun.slug": "Μονόβολο φυσίγγι 12 χιλιοστών",
  "speargun.spear": "Ψαροτούφεκο Δόρυ",
  "submarine.torpedo.straight": "Τορπίλλη",
  "door.double.hinged.metal": "Διπλή λαμαρινένια πόρτα",
  "door.double.hinged.toptier": "Διπλή θωρακισμένη πόρτα",
  "door.double.hinged.wood": "Διπλή ξύλινη πόρτα",
  "door.hinged.metal": "Λαμαρινένια πόρτα",
  "door.hinged.toptier": "Θωρακισμένη πόρτα",
  "door.hinged.wood": "Ξύλινη πόρτα",
  "floor.grill": "Σχάρα δαπέδου",
  "floor.ladder.hatch": "Καταπακτή με σκάλα",
  "floor.triangle.grill": "Γκριλ τριγώνου δαπέδου",
  "floor.triangle.ladder.hatch": "Τρίγωνο σκάλα",
  "gates.external.high.stone": "Ψηλή εξωτερική πέτρινη πύλη",
  "gates.external.high.wood": "Ψηλή εξωτερική ξύλινη πύλη",
  "ladder.wooden.wall": "Ξύλινη σκάλα",
  "wall.external.high.stone": "Ψηλό εξωτερικό πέτρινο τείχος",
  "wall.external.high": "Ψηλό εξωτερικό ξύλινο τείχος",
  "wall.frame.cell.gate": "Πύλη κελιού φυλακής",
  "wall.frame.cell": "Τείχος κελιού φυλακής",
  "wall.frame.fence.gate": "Πύλη πλέγματος",
  "wall.frame.fence": "Πλέγμα Περίφραξης",
  "wall.frame.garagedoor": "Πόρτα γκαράζ",
  "wall.frame.netting": "Δικτυωμα",
  "wall.frame.shopfront": "Βιτρίνα",
  "wall.frame.shopfront.metal": "Μεταλική Φάτσα Καταστήματος",
  "wall.window.bars.metal": "Μεταλλικές μπάρες παραθύρου",
  "wall.window.bars.toptier": "Παράθυρο από ενισχυμένο γυαλί",
  "wall.window.bars.wood": "Ξύλινες μπάρες παραθύρου",
  "shutter.metal.embrasure.a": "Μεταλλική οριζόντια πολεμίστρα",
  "shutter.metal.embrasure.b": "Μεταλλική κάθετη πολεμίστρα",
  "wall.window.glass.reinforced": "Ενισχυμένο γυάλινο παράθυρο",
  "shutter.wood.a": "Ξύλινα παντζούρια",
  "watchtower.wood": "Πύργος Παρακολούθησης",
  "diving.fins": "Βατραχοπέδιλα",
  "diving.mask": "Μάσκα κατάδυσεων",
  "diving.tank": "Δεξαμενή οξυγόνου ",
  "diving.wetsuit": "Στολή δύτη",
  "boots.frog": "Μπότες Βάτραχου",
  "barrelcostume": "Κοστούμι βαρέλι",
  "cratecostume": "Κοστούμι με την μορφή κουτιού",
  "hat.gas.mask": "Μάσκα Αερίων",
  "burlap.gloves.new": "Πάνινα Γάντια",
  "burlap.gloves": "Δερμάτινα γάντια",
  "roadsign.gloves": "Γάντια από οδικές πινακίδες",
  "tactical.gloves": "Τακτικά γάντια",
  "ghostsheet": "Κοστούμι φαντάσματος",
  "halloween.mummysuit": "Στολή μούμια",
  "scarecrow.suit": "Σκιάχτρο στολή",
  "scarecrowhead": "Περιτύλιγμα Σκιάχτρου",
  "metal.facemask.hockey": "Μάσκα Χόκεϊ",
  "attire.hide.helterneck": "Δερμάτινο μπούστο",
  "hat.beenie": "Σκουφάκι",
  "hat.boonie": "Σκουφάκι",
  "bucket.helmet": "Κράνος από κουβά",
  "burlap.headwrap": "Κουκούλα από λινάτσα",
  "hat.candle": "Καπέλο με κερί",
  "hat.cap": "Καπέλο του μπέιζμπολ",
  "clatter.helmet": "Κράνος Clatter",
  "coffeecan.helmet": "Κράνος από κουτί καφέ",
  "deer.skull.mask": "Κράνος οστών",
  "heavy.plate.helmet": "Κράνος Βαριάς Πλάκας",
  "hat.miner": "Καπέλο ανθρακωρύχου",
  "partyhat": "Καπέλο για πάρτι",
  "riot.helmet": "Κράνος",
  "wood.armor.helmet": "Κράνος Πανοπλίας: Ξύλο",
  "hoodie": "Φούτερ",
  "bone.armor.suit": "Πανοπλία από οστά",
  "heavy.plate.jacket": "Μπουφάν Βαριάς Πλάκας",
  "jacket.snow": "Snow Jacket",
  "jacket": "Μπουφάν",
  "wood.armor.jacket": "Ξύλινη Πανοπλία Θώρακα",
  "lumberjack hoodie": "Φούτερ Ξυλοκόπου",
  "mask.balaclava": "Αυτοσχέδια μπαλακλάβα",
  "mask.bandana": "Μπαντάνα μάσκα",
  "metal.facemask": "Μεταλλική μάσκα προσώπου",
  "metal.facemask.icemask": "Ice Metal Facemask",
  "nightvisiongoggles": "Γυαλιά νυχτερινής όρασης",
  "attire.ninja.suit": "Στολή Νίντζα",
  "burlap.trousers": "Λινό παντελόνι",
  "heavy.plate.pants": "Παντελόνια βαριάς πλάκας",
  "attire.hide.pants": "Δερμάτινο παντελόνι",
  "roadsign.kilt": "Κιλτ από Πινακίδες",
  "pants.shorts": "Σορτς",
  "wood.armor.pants": "Ξύλινη Πανοπλία Ποδιών",
  "pants": "Παντελόνι",
  "attire.hide.poncho": "Δερμάτινο πόντσο",
  "burlap.shirt": "Λινό μπλουζάκι",
  "shirt.collared": "Μπλουζάκι",
  "attire.hide.vest": "Δερμάτινο γιλέκο",
  "shirt.tanktop": "Φανελάκι",
  "shoes.boots": "Μπότες",
  "burlap.shoes": "Λινά παπούτσια",
  "attire.hide.boots": "Δερμάτινες μπότες",
  "attire.hide.skirt": "Δερμάτινη φούστα",
  "attire.banditguard": "Εργαλείο Bandit Guard",
  "hazmatsuit.arcticsuit": "Αρκτική στολή",
  "hazmatsuit": "Hazmat Suit",
  "hazmatsuit.lumberjack": "Κοστούμι ξυλοκόπου",
  "hazmatsuit.nomadsuit": "Στολή Νομά",
  "hazmatsuit_scientist": "Κοστούμι Επιστήμονα",
  "hazmatsuit_scientist_arctic": "Επιστημονική Αρκτική Στολή",
  "hazmatsuit_scientist_peacekeeper": "Κοστούμι Επιστήμονα",
  "hazmatsuit.spacesuit": "Διαστημική Στολή",
  "scientistsuit_heavy": "Βαρύ Επιστημονικό Κοστούμι",
  "jumpsuit.suit.blue": "Μπλε ολόσωμη φόρμα",
  "jumpsuit.suit": "Φόρμα",
  "tshirt.long": "Μακρυμάνικη μπλούζα",
  "tshirt": "Μπλουζάκι",
  "metal.plate.torso": "Μεταλλική πλάκα θώρακος",
  "metal.plate.torso.icevest": "Ice Metal Chest Plate",
  "roadsign.jacket": "Σακάκι Πινακίδων",
  "bleach": "Λευκαντικό",
  "ducttape": "Κολλητική ταινία",
  "carburetor1": "Καρμπυρατέρ χαμηλής ποιότητας",
  "carburetor2": "Καρμπυρατέρ μεσαίας ποιότητας",
  "carburetor3": "Καρμπυρατέρ υψηλής ποιότητας",
  "crankshaft1": "Στροφαλοφόρος άξονας χαμηλής ποιότητας",
  "crankshaft2": "Στροφαλοφόρος άξονας μεσαίας ποιότητας",
  "crankshaft3": "Στροφαλοφόρος άξονας υψηλής ποιότητας",
  "piston1": "Έμβολα χαμηλής ποιότητας",
  "piston2": "Πιστόνια Μέσης Ποιότητας",
  "piston3": "Πιστόνια υψηλής ποιότητας",
  "sparkplug1": "Μπουζί χαμηλής ποιότητας",
  "sparkplug2": "Μπουζί μέτριας ποιότητας",
  "sparkplug3": "Μπουζί υψηλής ποιότητας",
  "valve1": "Βαλβίδες χαμηλής ποιότητας",
  "valve2": "Βαλβίδες μέσης ποιότητας",
  "valve3": "Βαλβίδες υψηλής ποιότητας",
  "fuse": "Ασφάλεια ρεύματος",
  "gears": "Γρανάζια",
  "glue": "Κόλλα",
  "metalblade": "Μεταλλική λεπίδα",
  "metalpipe": "Μεταλλικός σωλήνας",
  "propanetank": "Κενή φιάλη προπανίου",
  "roadsigns": "Πινακίδες δρόμου",
  "rope": "Σχοινί",
  "sewingkit": "Σετ ραπτικής",
  "sheetmetal": "Λαμαρίνα",
  "metalspring": "Μεταλλικό ελατήριο",
  "sticks": "Ράβδοι",
  "tarp": "Αδιάβροχο",
  "techparts": "Τεχνολογικά σκουπίδια",
  "riflebody": "Σώμα Τουφεκιού",
  "semibody": "Ημιαυτόματο σώμα",
  "smgbody": "Σώμα SMG",
  "barricade.concrete": "Τσιμεντένιο οδόφραγμα",
  "barricade.wood.cover": "Ξύλινο κάλυμμα οδοφράγματος",
  "barricade.metal": "Μεταλλικό φράγμα",
  "barricade.sandbags": "Οδόφραγμα από σακιά με άμμο",
  "barricade.stone": "Πέτρινο οδόφραγμα",
  "barricade.wood": "Ξύλινο οδόφραγμα",
  "barricade.woodwire": "Αγκαθωτό ξύλινο οδόφραγμα",
  "bbq": "Μπάρμπεκιου",
  "trap.bear": "Παγίδα αρκούδας",
  "bed": "Κρεβάτι",
  "campfire": "Φωτιά",
  "cardtable": "Τραπέζι καρτών",
  "ceilinglight": "Φωτιστικό οροφής",
  "chair": "Καρέκλα",
  "chair.icethrone": "Ice Throne",
  "composter": "Κομποστοποιητής",
  "computerstation": "Σταθμός Υπολογιστών",
  "drone": "Drone",
  "dropbox": "Πλαίσιο απόρριψης",
  "elevator": "Ασανσέρ",
  "fireplace.stone": "Πέτρινο Τζάκι",
  "firework.boomer.blue": "Μπλέ Πυροτέχνημα",
  "firework.boomer.champagne": "Πυροτέχνημα σε σχήμα σαμπάνιας",
  "firework.boomer.green": "Πράσινο Μπούμερ",
  "firework.boomer.orange": "Πορτοκαλί Μπούμερ",
  "firework.boomer.pattern": "Μπούμερ Μοτίβου",
  "firework.boomer.red": "Κόκκινη Έκρηξη",
  "firework.boomer.violet": "Βιολετί Έκρηξη",
  "firework.romancandle.blue": "Μπλε Ρωμαϊκό Κερί",
  "firework.romancandle.green": "Πράσινο Ρωμαϊκό Κερί",
  "firework.romancandle.red": "Κόκκινο Ρωμαϊκό Κερί",
  "firework.romancandle.violet": "Βιολετί Ρωμαϊκό Κερί",
  "firework.volcano": "Λευκό ηφαίστειο πυροτέχνημα",
  "firework.volcano.red": "Πυροτέχνημα Κόκκινου Ηφαιστείου ",
  "firework.volcano.violet": "Πυροτέχνημα Βιολετί Ηφαιστείου",
  "spikes.floor": "Ξύλινα καρφιά εδάφους",
  "frankensteintable": "Τραπέζι Φρανκενστάιν",
  "fridge": "Ψυγείο",
  "furnace.large": "Μεγάλος Φούρνος",
  "furnace": "Φούρνος.",
  "hitchtroughcombo": "Αναποδογυρίσ",
  "habrepair": "Επισκευή Hab",
  "jackolantern.angry": "Jack O Lantern Θυμωμένος",
  "jackolantern.happy": "Jack O Lantern Happy",
  "trap.landmine": "Σπιτική Νάρκη ξηράς",
  "lantern": "Φανάρι",
  "box.wooden.large": "Μεγάλο ξύλινο κουτί",
  "water.barrel": "Βαρέλι νερού",
  "locker": "Ντουλάπι",
  "mailbox": "Γραμματοκιβώτιο",
  "mixingtable": "Πίνακας ανάμιξης",
  "modularcarlift": "Αρθρωτός ανελκυστήρας αυτοκινήτου",
  "mining.pumpjack": "Αντλία πετρελαίου",
  "small.oil.refinery": "Μικρό διυλιστήριο πετρελαίου",
  "planter.large": "Μεγάλη γλάστρα",
  "planter.small": "Μεγάλη γλάστρα",
  "electric.audioalarm": "Συναγερμός ήχου",
  "smart.alarm": "Έξυπνος συναγερμός",
  "smart.switch": "Έξυπνος διακόπτης",
  "storage.monitor": "Οθόνη αποθήκευσης",
  "electric.battery.rechargable.large": "Μεγάλη επαναφορτιζόμενη μπαταρία",
  "electric.battery.rechargable.medium": "Μεσαία επαναφορτιζόμενη μπαταρία",
  "electric.battery.rechargable.small": "Μικρή επαναφορτιζόμενη μπαταρία",
  "electric.button": "Κουμπί",
  "electric.counter": "Μετρητής",
  "electric.hbhfsensor": "Αισθητήρας HBHF",
  "electric.laserdetector": "Ανιχνευτής λέιζερ",
  "electric.pressurepad": "Μαξιλαράκι πίεσης",
  "electric.doorcontroller": "Ελεγκτής πόρτας",
  "electric.furnace": "Electric Furnace",
  "electric.heater": "Ηλεκτρικός Θερμαντήρας",
  "fluid.combiner": "Συνδυαστής υγρών",
  "fluid.splitter": "Διαχωριστής υγρών",
  "fluid.switch": "Διακόπτης & Αντλία Υγρού",
  "electric.andswitch": "AND διακόπτης",
  "electric.blocker": "Αποκλεισμός",
  "electrical.branch": "Ηλεκτρική Υποκατάστημα",
  "electrical.combiner": "Root Combiner",
  "electrical.memorycell": "Κελί μνήμης",
  "electric.orswitch": "Ή Διακόπτης",
  "electric.random.switch": "Διακόπτης RAND",
  "electric.rf.broadcaster": "Ραδιοφωνικός σταθμός",
  "electric.rf.receiver": "Δέκτη ραδιοσυχνοτήτων",
  "electric.xorswitch": "Διακόπτης XOR",
  "electric.fuelgenerator.small": "Μικρή γεννήτρια",
  "electric.generator.small": "Test Generator",
  "electric.solarpanel.large": "Μεγάλο ηλιακό πάνελ",
  "electric.igniter": "Αναπτύρας",
  "storageadaptor": "Storage Adaptor",
  "industrial.combiner": "Industrial Combiner",
  "industrial.conveyor": "Industrial Conveyor",
  "industrial.crafter": "Industrial Crafter",
  "industrial.splitter": "Industrial Splitter",
  "electric.flasherlight": "Φως φλας",
  "electric.simplelight": "Απλό Φως",
  "electric.sirenlight": "Σειρήνα φωτός",
  "powered.water.purifier": "Ηλεκτρικός καθαριστής νερού",
  "electric.switch": "Διακόπτης",
  "electric.splitter": "Διαχωριστής",
  "electric.sprinkler": "Ψεκαστήρας",
  "electric.teslacoil": "Ηλεκτρικό Πηνίο",
  "electric.timer": "Χρονόμετρο",
  "electric.cabletunnel": "Καλωδιομένη Σήραγγα",
  "waterpump": "Αντλία νερού",
  "ptz.cctv.camera": "PTZ CCTV Camera",
  "mining.quarry": "Λατομείο εξόρυξης",
  "target.reactive": "Επανενεργοποίηση στόχου",
  "box.repair.bench": "Πάγκος επισκευής",
  "research.table": "Πάγκος έρευνας",
  "rug.bear": "Δέρμα αρκούδας χαλιού",
  "rug": "Χαλί",
  "searchlight": "Φως αναζήτησης",
  "secretlabchair": "Μυστική Καρέκλα Εργαστηρίων",
  "shelves": "Αυτοσχέδια ράφια",
  "sign.hanging.banner.large": "Μεγάλο κρεμασμένο πανό",
  "sign.hanging": "Κρεμαστή πινακίδα δύο όψεων",
  "sign.hanging.ornate": "Κρεμαστή περίτεχνη πινακίδα δύο όψεων",
  "sign.pictureframe.landscape": "Κορνίζα τοπίο",
  "sign.pictureframe.portrait": "Πορτρέτο κορνίζας",
  "sign.pictureframe.tall": "Ψηλή κορνίζα",
  "sign.pictureframe.xl": "XL Κορνίζα",
  "sign.pictureframe.xxl": "XXL κορνίζα",
  "sign.pole.banner.large": "Μεγάλο πανό σε στύλο",
  "sign.post.double": "Διπλή πινακίδα",
  "sign.post.single": "Μονή πινακίδα",
  "sign.post.town": "Πινακίδα μονής όψης",
  "sign.post.town.roof": "Πινακίδα διπλής όψης",
  "sign.wooden.huge": "Τεράστια ξύλινη πινακίδα",
  "sign.wooden.large": "Μεγάλη ξύλινη πινακίδα",
  "sign.wooden.medium": "Μεσαία ξύλινη πινακίδα",
  "sign.wooden.small": "Μικρή ξύλινη πινακίδα",
  "guntrap": "Παγίδα καραμπίνας",
  "sleepingbag": "Υπνόσακος",
  "stash.small": "Μικρό τσαντάκι",
  "sofa": "Καναπές",
  "sofa.pattern": "Καναπές - Μοτίβο",
  "spinner.wheel": "Περιστρεφόμενος τροχός",
  "fishtrap.small": "Παγίδα ψαριών",
  "table": "Τραπέζι",
  "workbench1": "Πάγκος εργασίας επιπέδου 1",
  "workbench2": "Πάγκος εργασίας επιπέδου 2",
  "workbench3": "Πάγκος εργασίας επιπέδου 3",
  "cupboard.tool": "Ντουλάπα εργαλείων",
  "tunalight": "Λάμπα Απο Κουτί Τόνου",
  "vending.machine": "Μηχάνημα αυτόματης πώλησης",
  "water.catcher.large": "Μεγάλος υδροσυλλέκτης",
  "water.catcher.small": "Μικρός υδροσυλλέκτης",
  "water.purifier": "Καθαριστής νερού",
  "generator.wind.scrap": "Ανεμογεννήτρια",
  "box.wooden": "Ξύλινο κουτί αποθήκευσης",
  "apple": "Μήλο",
  "apple.spoiled": "Σάπιο μήλο",
  "black.raspberries": "Μαύρα βατόμουρα",
  "blueberries": "Μπλέ μούρα",
  "botabag": "Ασκός",
  "grub": "Κάμπια",
  "worm": "Σκουλήκι",
  "cactusflesh": "Σάρκα κάκτου",
  "can.beans": "Κονσέρβα φασολιών",
  "can.tuna": "Κονσέρβα τόνου",
  "chocolate": "Μπάρα σοκολάτας",
  "fish.anchovy": "Γαύρος",
  "fish.catfish": "Γατόψαρο",
  "fish.cooked": "Ψημένο ψάρι",
  "fish.raw": "Ωμό ψάρι",
  "fish.herring": "Ρέγγα",
  "fish.minnows": "Μαριδάκι",
  "fish.orangeroughy": "Καθρεπτόψαρο",
  "fish.salmon": "Σολωμός",
  "fish.sardine": "Σαρδέλλα",
  "fish.smallshark": "Μικρός Καρχαρίας",
  "fish.troutsmall": "Μικρή πέστροφα",
  "fish.yellowperch": "Κίτρινη Πέρκα",
  "granolabar": "Μπάρα δημητριακών",
  "chicken.burned": "Καμένο κοτόπουλο",
  "chicken.cooked": "Μαγειρεμένο κοτόπουλο",
  "chicken.raw": "Στήθος κοτόπουλο",
  "chicken.spoiled": "Χαλασμένο κοτόπουλο",
  "deermeat.burned": "Καμένο Κρέας Ελαφιού",
  "deermeat.cooked": "Μαγειρεμένο Κρέας Ελαφιού",
  "deermeat.raw": "Ωμό Κρέας Ελαφιού",
  "horsemeat.burned": "Κατεψυγμένο κρέας αλόγου",
  "horsemeat.cooked": "Μαγειρεμένο αλόγειο κρέας",
  "horsemeat.raw": "Πρώτο κρέας αλόγων",
  "humanmeat.burned": "Καμένο ανθρώπινο κρέας",
  "humanmeat.cooked": "Ψημένο ανθρώπινο κρέας",
  "humanmeat.raw": "Ανθρώπινο κρέας",
  "humanmeat.spoiled": "Χαλασμένο ανθρώπινο κρέας",
  "bearmeat.burned": "Καμένο κρέας αρκούδας",
  "bearmeat.cooked": "Μαγειρεμένο Κρέας Αρκούδας",
  "bearmeat": "Ωμό κρέας αρκούδας",
  "wolfmeat.burned": "Καμένο κρέας λύκου",
  "wolfmeat.cooked": "Μαγειρεμένο κρέας λύκου",
  "wolfmeat.raw": "Ωμό κρέας λύκου",
  "wolfmeat.spoiled": "Χαλασμένο κρέας λύκου",
  "meat.pork.burned": "Καμένο κρέας χοίρου",
  "meat.pork.cooked": "Ψημένο κρέας χοίρου",
  "meat.boar": "Ωμό κρέας χοίρου",
  "mushroom": "Μανιτάρι",
  "jar.pickle": "Τυριά",
  "smallwaterbottle": "Μπουκαλάκι με νερό",
  "waterjug": "Κανάτα με Νερό",
  "fun.bass": "Φτυάρι μπάσο",
  "fun.cowbell": "Κουδούνα",
  "drumkit": "Junkyard Drum Kit",
  "fun.flute": "Παν Φλάουτο",
  "fun.guitar": "Ακουστική κιθάρα",
  "fun.jerrycanguitar": "Jerry Can κιθάρα",
  "piano": "Πιάνο καρότσι",
  "fun.tambourine": "τενεκεδοντέφι",
  "fun.trumpet": "Τρομπέτα υδραυλικού",
  "fun.tuba": "Σουζάφωνο",
  "xylophone": "Ξυλώφονο απο οστά - Xylobone",
  "door.key": "Κλειδί πόρτας",
  "lock.key": "Κλειδαριά",
  "lock.code": "Κλειδαριά με κωδικό",
  "blueprintbase": "Σχεδιάγραμμα",
  "chineselantern": "Κινεζικό φανάρι",
  "dragondoorknocker": "Δρόμος Knocker",
  "hat.dragonmask": "Μάσκα δράκου",
  "newyeargong": "Νέο Έτος Γκονγκ",
  "hat.oxmask": "Μάσκα από βόδι",
  "hat.rabbitmask": "Rabbit Mask",
  "hat.ratmask": "Μάσκα αρουραίου",
  "skylantern": "Φανάρι Ουρανού",
  "skylantern.skylantern.green": "Φανάρι Ουρανού - Πράσινο",
  "skylantern.skylantern.orange": "Φανάρι Ουρανού - Πορτοκαλί",
  "skylantern.skylantern.purple": "Φανάρι Ουρανού - Μωβ",
  "skylantern.skylantern.red": "Φανάρι Ουρανού - Κόκκινο",
  "lunar.firecrackers": "Σχοινί Πύροτεχνηματων",
  "hat.tigermask": "Μάσκα Τίγρη",
  "arcade.machine.chippy": "Chippy Arcade παιχνιδι",
  "bluedogtags": "Μπλε Στρατιωτικές Ταυτότητες",
  "dogtagneutral": "Στρατιωτική Ταυτότητα",
  "reddogtags": "Κόκκινες Στρατιωτικές Ταυτότητες",
  "door.closer": "Αυτόματο μηχάνημα κλείσιμου πόρτας",
  "attire.bunnyears": "Αφτιά Λαγού",
  "attire.bunny.onesie": "Στολή Λαγού",
  "hat.bunnyhat": "Αφτιά Λαγού",
  "easterdoorwreath": "Πορτοκαλί πόρτα στεφάνι",
  "easterbasket": "Καλάθι με αυγά",
  "attire.egg.suit": "Στολή αυγoύ",
  "rustige_egg_a": "Rustig; Αυγό - Κόκκινο",
  "rustige_egg_b": "Rustig; Αυγό - Μπλε",
  "rustige_egg_c": "Rustig; Αυγό - Μωβ",
  "rustige_egg_d": "Rustig; Αυγό - Ιβουάρ",
  "rustige_egg_e": "Rustig; Αυγό - Πράσινο",
  "attire.nesthat": "Καπέλο φωλιά ",
  "easter.bronzeegg": "Χάλκινο αυγό",
  "easter.goldegg": "Χρυσό αυγό",
  "easter.paintedeggs": "Βαμμένο αυγό",
  "easter.silveregg": "Ασημένιο αυγό",
  "halloween.candy": "Αποκριάτικη καραμέλα",
  "largecandles": "Μεγάλο σετ κεριών",
  "smallcandles": "Μικρό Σετ Κεριών",
  "carvable.pumpkin": "Σκαλιστή Κολοκύθα",
  "coffin.storage": "Φέρετρο",
  "cursedcauldron": "Καταραμένο καζάνι",
  "gravestone": "Ταφόπετρα",
  "woodcross": "Ξύλινος Σταυρός",
  "frankensteins.monster.01.head": "Ελαφριά κεφαλή Φρανκενστάιν",
  "frankensteins.monster.01.legs": "Ελαφριά πόδια Φρανκενστάιν",
  "frankensteins.monster.01.torso": "Ελαφρύς κορμός Frankenstein",
  "frankensteins.monster.02.head": "Μεσαίο Κεφάλι Φρανκενστάιν",
  "frankensteins.monster.02.legs": "Μεσαία πόδια Φρανκενστάιν",
  "frankensteins.monster.02.torso": "Μεσαίος κορμός Frankenstein",
  "frankensteins.monster.03.head": "Βαρύ Κεφάλι Φρανκενστάιν",
  "frankensteins.monster.03.legs": "Βαριά πόδια Φρανκενστάιν",
  "frankensteins.monster.03.torso": "Βαρύς κορμός Φρανκενστάιν",
  "wall.graveyard.fence": "Φράχτη νεκροταφείου",
  "halloween.lootbag.large": "Μεγάλο ξύλινο κουτί",
  "halloween.lootbag.medium": "Μεσαία τσάντα",
  "halloween.lootbag.small": "Μικρή τσάντα",
  "pumpkinbasket": "Κουβάς κολοκύθας",
  "scarecrow": "Σκιάχτρο",
  "skullspikes.candles": "Αιχμές κρανίου",
  "skullspikes.pumpkin": "Αιχμές κρανίου",
  "skullspikes": "Αιχμές κρανίου",
  "skulldoorknocker": "Κοπτρο πόρτας απο κρανίο",
  "skull_fire_pit": "Λάκκος Φωτιάς Κρανίου",
  "spiderweb": "Ιστοί αράχνης",
  "spookyspeaker": "Τρομακτικό ηχείο",
  "halloween.surgeonsuit": "Χειρουργός",
  "skull.trophy.jar": "Τρόπαιο κρανίου",
  "skull.trophy.jar2": "Τρόπαιο κρανίου",
  "skull.trophy.table": "Τρόπαιο κρανίου",
  "skull.trophy": "Τρόπαιο κρανίου",
  "movembermoustachecard": "Κάρτα Movember Μουστάκι",
  "movembermoustache": "Movember μουστάκι",
  "note": "Σημείωση",
  "factorydoor": "Εργοστασιακή Πόρτα",
  "industrial.wall.light.green": "Πράσινο βιομηχανικό φωτιστικό τοίχου",
  "industrial.wall.light": "Βιομηχανικό Φως Τοίχου",
  "industrial.wall.light.red": "Κόκκινο βιομηχανικό φωτιστικό τοίχου",
  "skull.human": "Ανθρώπινο κρανίο",
  "abovegroundpool": "Πισίνα πάνω από το έδαφος",
  "beachchair": "Καρέκλα παραλίας",
  "beachparasol": "Ομπρέλα παραλίας",
  "beachtable": "Τραπέζι παραλίας",
  "beachtowel": "Πετσέτα θαλλάσης",
  "boogieboard": "Σανίδα Boogie",
  "innertube": "Εσωτερικός σωλήνας",
  "innertube.horse": "Εσωτερικός σωλήνας",
  "innertube.unicorn": "Εσωτερικός σωλήνας",
  "tool.instant_camera": "Άμεση Κάμερα",
  "paddlingpool": "Φουσκωτή Πισίνα",
  "photo": "Φωτογραφία",
  "photoframe.landscape": "Κορνίζα τοπίου",
  "photoframe.large": "Μεγάλη κορνίζα",
  "photoframe.portrait": "Πορτρέτο κορνίζας",
  "sunglasses02black": "Γυαλιά ηλίου",
  "sunglasses02camo": "Γυαλιά ηλίου",
  "sunglasses02red": "Γυαλιά ηλίου",
  "sunglasses03black": "Γυαλιά ηλίου",
  "sunglasses03chrome": "Γυαλιά ηλίου",
  "sunglasses03gold": "Γυαλιά ηλίου",
  "sunglasses": "Γυαλιά ηλίου",
  "gun.water": "Όπλο Νερού",
  "pistol.water": "Πιστόλι νερού",
  "trophy": "Τρόπαιο Twitch Rivals",
  "twitchsunglasses": "Μωβ γυαλιά ηλίου",
  "twitch.headset": "Ακουστικά",
  "hobobarrel": "Χόμπο Βαρέλι",
  "door.hinged.industrial.a": "Βιομηχανική Πόρτα",
  "xmas.advent": "Ημερολόγιο έλευσης",
  "candycaneclub": "Ζαχαρωτό ρόπαλο",
  "xmas.lightstring": "Χριστουγεννιάτικα λαμπάκια",
  "xmas.door.garland": "Εορταστική γιρλάντα πόρτας",
  "xmas.double.door.garland": "Εορταστική γιρλάντα διπλής πόρτας",
  "candycane": "Μπαστούνι καραμέλας",
  "giantcandycanedecor": "Τεράστιο ζαχαρωτό στόλισμα",
  "wall.ice.wall": "Κοντός τοίχος πάγου",
  "wall.external.high.ice": "Ψηλός τοίχος πάγου",
  "giantlollipops": "Τεράστια διακοσμητικά γλειφιτζούρια",
  "sign.neon.125x125": "Μικρή επιγραφή νέον",
  "sign.neon.125x215.animated": "Μεσαία Κινούμενη Νέον Επιγραφή",
  "sign.neon.125x215": "Μεσαίο νέον επιγραφή",
  "sign.neon.xl.animated": "Μεγάλη κινούμενη πινακίδα νέον",
  "sign.neon.xl": "Μεγάλη φωτεινή επιγραφή",
  "pookie.bear": "Αρκουδάκι",
  "xmas.lightstring.advanced": "Πολυτελής Χριστουγεννιάτικα Φωτάκια",
  "coal": "Κάρβουνο :(",
  "xmas.present.large": "Μεγάλο δώρο",
  "xmas.present.medium": "Μέτριο δώρο",
  "xmas.present.small": "Μικρό δώρο",
  "sled.xmas": "Ελκηθρο",
  "sled": "Ελκηθρο",
  "snowmachine": "Μηχανή χιονιού",
  "snowball": "Χιονόμπαλα",
  "snowballgun": "Πιστόλι που πετάει χιονόμπαλες",
  "snowman": "Χιονάνθρωπος",
  "stocking.large": "Σούπερ κάλτσες",
  "stocking.small": "Μικρή Γυναικεία κάλτσα",
  "gingerbreadsuit": "Gingerbread Suit",
  "attire.reindeer.headband": "Αντέρνες ταράνδου",
  "santabeard": "Γενειάδα Άγιου Βασίλη",
  "santahat": "Καπέλο Άγιου Βασίλη",
  "attire.snowman.helmet": "Κράνος χιονάνθρωπος",
  "xmas.window.garland": "Εορταστική Γιορλάντα για το παράθυρο",
  "wrappedgift": "Τυλιγμένο δώρο",
  "wrappingpaper": "Χαρτί Περιτυλίγματος",
  "xmasdoorwreath": "Χριστουγεννιάτικο στεφάνι πόρτας",
  "xmas.decoration.baubels": "Διακοσμητικά Baubels",
  "xmas.decoration.candycanes": "Διακοσμητικά πλαστικά ζαχαρωτά",
  "xmas.decoration.gingerbreadmen": "Διακοσμητικό Gingerbread Men",
  "xmas.decoration.lights": "Φώτα Δέντρου",
  "xmas.decoration.pinecone": "Διακοσμητικά κουκουνάρια",
  "xmas.decoration.star": "Χριστουγεννιάτικη Κορυφή Αστέρι",
  "xmas.decoration.tinsel": "Διακοσμητικό Tinsel",
  "xmas.tree": "Χριστουγεννιάτικο δέντρο",
  "captainslog": "Ημερολόγιο καπετάνιου",
  "fishing.tackle": "Είδη αλιείας",
  "bottle.vodka": "Μπουκάλι βότκας",
  "autoturret": "Αυτόματος πυργίσκος",
  "flameturret": "Πυργίσκος φλογοβόλο",
  "gloweyes": "Λαμπερά μάτια",
  "ammo.rocket.sam": "Πυρομαχικά για SAM",
  "samsite": "SAM Site",
  "black.berry": "Μαύρο μούρο",
  "clone.black.berry": "Kλώνος Μαύρου Μούρου",
  "seed.black.berry": "Σπόρος Μαύρων Μούρων",
  "blue.berry": "Μπλέ μούρο",
  "clone.blue.berry": "Κλώνος Μπλέ Μούρου",
  "seed.blue.berry": "Σπόρος μπλέ μούρων",
  "green.berry": "Πράσινο μούρο",
  "clone.green.berry": "Κλώνος Πράσινου Μούρου",
  "seed.green.berry": "Πράσινος σπόρος μούρων",
  "red.berry": "Κόκκινο Μούρο",
  "clone.red.berry": "Κλώνος Kόκκινού Μούρου",
  "seed.red.berry": "Σπόρος κόκκινων μούρων",
  "white.berry": "Λευκό Μούρο",
  "clone.white.berry": "Κλώνος Άσπρου Μούρου",
  "seed.white.berry": "Σπόρος Λευκών Μούρων",
  "yellow.berry": "Κίτρινο Μούρο",
  "clone.yellow.berry": "Kλώνος Κίτρινου Μούρου",
  "seed.yellow.berry": "Σπόρος κίτρινου μούρου",
  "corn": "Καλαμπόκι",
  "clone.corn": "Κλώνος καλαμποκιού",
  "seed.corn": "Σπόρος καλαμποκιού",
  "clone.hemp": "Κλώνος κάνναβης",
  "seed.hemp": "Σπόρος κάνναβης",
  "potato": "Πατάτα",
  "clone.potato": "Κλωνο πατάτας",
  "seed.potato": "Σπόρος πατάτας",
  "pumpkin": "Κολοκύθα",
  "clone.pumpkin": "Κλώνος φυτού κολοκύθας",
  "seed.pumpkin": "Σπόρος κολοκύθας",
  "fat.animal": "Ζωικό λίπος",
  "battery.small": "Μικρή μπαταρία",
  "blood": "Αίμα",
  "bone.fragments": "Θραύσματα οστών",
  "cctv.camera": "CCTV κάμερα",
  "charcoal": "Κάρβουνο",
  "cloth": "Ύφασμα",
  "crude.oil": "Αργό πετρέλαιο",
  "diesel_barrel": "Καύσιμο πετρελαίου",
  "can.beans.empty": "Άδεια κονσέρβα φασολιών",
  "can.tuna.empty": "Άδεια κονσέρβα τόνου",
  "explosives": "Εκρηκτικά",
  "fertilizer": "Λίπασμα",
  "gunpowder": "Πυρίτιδα",
  "horsedung": "Κοπριά Αλόγων",
  "hq.metal.ore": "Υψηλής ποιότητας μετάλλευμα",
  "metal.refined": "Υψηλής ποιότητας μέταλλο",
  "leather": "Δέρμα",
  "lowgradefuel": "Χαμηλής ποιότητας καύσιμο",
  "metal.fragments": "Μεταλλικά θραύσματα",
  "metal.ore": "Μετάλλευμα σιδήρου",
  "paper": "Χαρτί",
  "plantfiber": "Φυτικές Ίνες",
  "researchpaper": "Χαρτί έρευνας",
  "water.salt": "Θαλασσινό Νερό",
  "scrap": "Κομάτια Σίδερων",
  "stones": "Πέτρες",
  "sulfur.ore": "Μετάλλευμα θείου",
  "sulfur": "Θειάφι",
  "targeting.computer": "Υπολογιστής στόχευσης",
  "water": "Νερό",
  "skull.wolf": "Κρανίο λύκου",
  "wood": "Ξύλο",
  "healingtea.advanced": "Προηγμένο τσάι θεραπείας",
  "healingtea": "Βασικό Θεραπευτικό Τσάι",
  "healingtea.pure": "Καθαρό Θεραπευτικό Τσάι",
  "maxhealthtea.advanced": "Προηγμένο Μέγιστο Τσάι Υγείας",
  "maxhealthtea": "Βασικό Μέγιστο Τσάι Υγείας",
  "maxhealthtea.pure": "Καθαρό Μέγιστο Τσάι Υγείας",
  "oretea.advanced": "Προηγμένο τσάι μεταλλεύματος",
  "oretea": "Βασικό τσάι μεταλλεύματος",
  "oretea.pure": "Τσάι καθαρού μεταλλεύματος",
  "radiationremovetea.advanced": "Προηγμένη Ακτινοβολία. Τσάι Αφαίρεση",
  "radiationremovetea": "Ακτινοβολία. Τσάι αφαίρεσης",
  "radiationremovetea.pure": "Καθαρή Ακτινοβολία. Αφαίρεση Τσαγιού",
  "radiationresisttea.advanced": "Προηγμένη. Κατά της - Ακτινοβολίας Τσάι",
  "radiationresisttea": "Κατά της - Ακτινοβολίας Τσάι",
  "radiationresisttea.pure": "Καθαρό Κατά της - Ακτηνοβολίας τσάι",
  "scraptea.advanced": "Προηγμένο τσάι Κομάτια Σίδερων",
  "scraptea": "Βασικό τσάι Κομάτια Σίδερων",
  "scraptea.pure": "Καθαρό Τσάι Κομάτια Σίδερων",
  "woodtea.advanced": "Προηγμένο τσάι από ξύλο",
  "woodtea": "Βασικό τσάι από ξύλο",
  "woodtea.pure": "Τσάι από καθαρό ξύλο",
  "antiradpills": "Αντιραδιενεργά χάπια",
  "tool.binoculars": "Κυάλια",
  "explosive.timed": "Εκρηκτικά με χρονόμετρο",
  "tool.camera": "Φωτογραφική μηχανή",
  "rf.detonator": "Πομπός RF",
  "fishingrod.handmade": "Χειροποίητη ράβδος αλιείας",
  "flare": "Φωτοβολίδα",
  "flashlight.held": "Φακός",
  "geiger.counter": "Μετρητής Geiger",
  "hosetool": "Εργαλείο σωλήνα",
  "jackhammer": "Jackhammer",
  "keycard_blue": "Μπλε κάρτα-κλειδί",
  "keycard_green": "Πράσινη κάρτα-κλειδί",
  "keycard_red": "Κόκκινη κάρτα-κλειδί",
  "largemedkit": "Μεγάλο ιατρικό κουτί",
  "concretehatchet": "Τσιμεντένιο Τσεκούρι",
  "concretepickaxe": "Τσιμεντένια αξίνα",
  "lumberjack.hatchet": "Πρωτότυπο Hatchet",
  "lumberjack.pickaxe": "Πρωτότυπη Αξίνα",
  "map": "Χάρτης",
  "syringe.medical": "Ιατρική σύριγγα",
  "rf_pager": "RF Pager",
  "pipetool": "Pipe Tool",
  "building.planner": "Σχέδιο οικοδόμησης",
  "grenade.smoke": "Χειροβομβίδα καπνού",
  "spraycan": "Δοχείο ψεκασμού",
  "spraycandecal": "Δοχείο Ψεκασμού Χαλκομανίας",
  "supply.signal": "Σήμα Τροφοδοσίας",
  "surveycharge": "Εκρηκτικό φορτίο έρευνας",
  "wiretool": "Εργαλείο καλωδίων",
  "vehicle.chassis.2mod": "Μικρό σασί",
  "vehicle.chassis.3mod": "Μεσαίο σασί",
  "vehicle.chassis.4mod": "Μεγάλο σασί",
  "vehicle.chassis": "Γενικό πλαίσιο οχήματος",
  "vehicle.1mod.cockpit": "Καμπίνα οδηγού οχήματος",
  "vehicle.1mod.cockpit.armored": "Θωρακισμένη Καμπίνα Οχημάτων",
  "vehicle.1mod.cockpit.with.engine": "Καμπίνα με μονάδα οχήματος κινητήρα",
  "vehicle.1mod.engine": "Μονάδα οχήματος κινητήρα",
  "vehicle.1mod.flatbed": "Μονάδα οχήματος με επίπεδη επιφάνεια",
  "vehicle.1mod.passengers.armored": "Μονάδα θωρακισμένου επιβατικού οχήματος",
  "vehicle.1mod.rear.seats": "Μονάδα οχήματος πίσω καθισμάτων",
  "vehicle.1mod.storage": "Μονάδα οχήματος αποθήκευσης",
  "vehicle.1mod.taxi": "Μονάδα οχήματος Taxi",
  "vehicle.2mod.camper": "Ενότητα Καμπίνας Οδηγού Κατασκήνωση",
  "vehicle.2mod.flatbed": "Μεγάλη μονάδα επίπεδων οχημάτων",
  "vehicle.2mod.fuel.tank": "Μονάδα οχήματος δεξαμενής καυσίμου",
  "vehicle.2mod.passengers": "Μονάδα επιβατηγού οχήματος",
  "vehicle.module": "Γενική μονάδα οχήματος",
  "boombox": "Δυνατό Στερεοφωνικό",
  "fun.boomboxportable": "Φορητό Boom Box",
  "cassette": "Κασέτα - Μακρά",
  "cassette.medium": "Κασέτα - Μεσαία",
  "cassette.short": "Κασέτα - Σύντομη",
  "fun.casetterecorder": "Εγγραφέας Κασετών",
  "discoball": "Ντισκομπάλα",
  "discofloor": "Πίστα Ντισκοτέκ",
  "discofloor.largetiles": "Πίστα Ντισκοτέκ",
  "connected.speaker": "Συνδεδεμένο ηχείο",
  "laserlight": "Φως λέιζερ",
  "megaphone": "Μεγάφωνο",
  "microphonestand": "Βάση μικροφώνου",
  "mobilephone": "Κινητό Τηλέφωνο",
  "soundlight": "Φως ήχου",
  "telephone": "Τηλέφωνο",
  "weapon.mod.8x.scope": "Διόπτρα 16x",
  "weapon.mod.burstmodule": "Λειτουργία ριπής",
  "weapon.mod.extendedmags": "Εκτεταμένος γεμιστήρας",
  "weapon.mod.flashlight": "Φακός όπλων",
  "weapon.mod.holosight": "Holosight",
  "weapon.mod.lasersight": "Στόχαστρο λέιζερ όπλου",
  "weapon.mod.muzzleboost": "Muzzle Boost",
  "weapon.mod.muzzlebrake": "Muzzle Brake",
  "weapon.mod.simplesight": "Απλό Χειροποίητο Αξιοθέατο",
  "weapon.mod.silencer": "Σιγαστήρας",
  "weapon.mod.small.scope": "Διόπτρα 8x",
  "rifle.ak": "Αυτόματο Τουφέκι",
  "rifle.ak.ice": "Τουφέκι Επίθεσης - ICE",
  "bandage": "Επίδεσμος",
  "grenade.beancan": "Αυτοσχέδια χειροβομβίδα",
  "rifle.bolt": "Τουφέκι ακροβολιστή",
  "bone.club": "Κοκάλινο ρόπαλο",
  "knife.bone": "Κοκάλινο μαχαίρι",
  "bow.hunting": "Κυνηγετικό τόξο",
  "cakefiveyear": "Τούρτα γεννεθλείων",
  "chainsaw": "Αλυσοπρίονο",
  "salvaged.cleaver": "Αυτοσχέδιος μπαλτάς",
  "bow.compound": "Σύνθετο Τόξο",
  "crossbow": "Βαλλίστρα",
  "shotgun.double": "Δικανη καραμπίνα",
  "pistol.eoka": "Πιστόλι Eoka",
  "grenade.f1": "Χειροβομβίδα F1",
  "flamethrower": "Φλογοβόλο",
  "grenade.flashbang": "Βόμβα Τύφλωσης",
  "pistol.prototype17": "Πρωτότυπο 17",
  "multiplegrenadelauncher": "Εκτοξευτής πολλαπλών χειροβομβίδων",
  "mace.baseballbat": "Ρόπαλο του Μπέιζμπολ",
  "knife.butcher": "Χασαπομάχαιρο",
  "pitchfork": "Τσουγκράνα",
  "sickle": "Δρεπάνι",
  "torch.torch.skull": "Δαυλός Αίρεσης Ελαφιού",
  "skull": "Κρανίο",
  "hammer": "Σφυρί",
  "hatchet": "Τσεκούρι",
  "hmlmg": "HMLMG",
  "knife.combat": "Μαχαίρι μάχης",
  "rifle.l96": "Τουφέκι L96",
  "rifle.lr300": "LR-300 τουφέκι",
  "lmg.m249": "M249",
  "rifle.m39": "Μ39 τουφέκι",
  "pistol.m92": "Πιστόλι M92",
  "mace": "Ρόπαλο",
  "machete": "Ματσέτα",
  "grenade.molotov": "Μολότοφ",
  "smg.mp5": "MP5A4",
  "pistol.nailgun": "Καρφωτικό",
  "paddle": "Κουπί",
  "pickaxe": "Αξίνα",
  "shotgun.waterpipe": "Καραμπίνα από υδροσωλήνα",
  "pistol.python": "Python Revolver",
  "pistol.revolver": "Περίστροφο",
  "rock": "Πέτρα",
  "rocket.launcher": "μπαζουκα",
  "axe.salvaged": "Αυτοσχέδιο Τσεκούρι",
  "hammer.salvaged": "Αυτοσχέδιο σφυρί",
  "icepick.salvaged": "Αυτοσχέδιος παγοθραύστης",
  "explosive.satchel": "Σάκος εκρηκτικών",
  "shotgun.pump": "Καραμπίνα",
  "pistol.semiauto": "Ήμι-αυτόματο πιστόλι",
  "rifle.semiauto": "Ημιαυτόματη καραμπίνα",
  "smg.2": "Αυτοσχέδιο όπλο τύπου SMG",
  "shotgun.spas12": "Καραμπίνα Spas-12",
  "speargun": "Ψαροντούφεκο",
  "stonehatchet": "Πέτρινο τσεκούρι",
  "stone.pickaxe": "Πέτρινη αξίνα",
  "spear.stone": "Πέτρινο δόρυ",
  "longsword": "Σπαθί",
  "salvaged.sword": "Αυτοσχέδιο σπαθί",
  "smg.thompson": "Thompson",
  "toolgun": "Όπλο Εργαλείων Mod Του Garry",
  "torch": "Πυρσός",
  "bucket.water": "Κουβάς νερού",
  "spear.wooden": "Ξύλινο δόρυ",
  "horse.armor.roadsign": "Πανοπλία αλόγου φτιαγμένη απο πινακίδες",
  "horse.armor.wood": "Ξύλινη πανοπλία αλόγου",
  "horse.saddle": "Σέλα αλόγου",
  "horse.saddlebag": "Δισάκι",
  "horse.shoes.advanced": "Πέταλα υψηλής ποιότητας",
  "horse.shoes.basic": "Βασικά πέταλα αλόγου"
}