{
  "hat.wolf": "狼头饰",
  "fogmachine": "造雾机",
  "strobelight": "频闪灯",
  "kayak": "木舟",
  "minihelicopter.repair": "迷你直升机修复",
  "scraptransportheli.repair": "废料运输直升机修复",
  "submarineduo": "双人潜艇",
  "submarinesolo": "单人潜艇",
  "workcart": "作业火车",
  "ammo.grenadelauncher.buckshot": "40毫米霰弹",
  "ammo.grenadelauncher.he": "40毫米榴弹",
  "ammo.grenadelauncher.smoke": "40毫米烟雾弹",
  "arrow.hv": "高速箭矢",
  "arrow.wooden": "木制箭矢",
  "arrow.bone": "骨箭",
  "arrow.fire": "燃烧箭矢",
  "ammo.handmade.shell": "手工弹药",
  "ammo.nailgun.nails": "钉枪弹药",
  "ammo.pistol": "手枪弹药",
  "ammo.pistol.fire": "可燃手枪弹药",
  "ammo.pistol.hv": "高速手枪弹药",
  "ammo.rifle": "5.56毫米步枪弹药",
  "ammo.rifle.explosive": "5.56毫米高爆弹药",
  "ammo.rifle.incendiary": "5.56毫米可燃弹药",
  "ammo.rifle.hv": "5.56毫米高速弹药",
  "ammo.rocket.basic": "火箭弹",
  "ammo.rocket.fire": "燃烧火箭弹",
  "ammo.rocket.hv": "高速火箭弹",
  "ammo.rocket.smoke": "烟雾火箭弹",
  "ammo.shotgun": "12号霰弹",
  "ammo.shotgun.fire": "12号可燃霰弹",
  "ammo.shotgun.slug": "12号铅弹",
  "speargun.spear": "鱼叉弹药",
  "submarine.torpedo.straight": "直射鱼雷",
  "door.double.hinged.metal": "双扇金属门",
  "door.double.hinged.toptier": "双扇钢铁门",
  "door.double.hinged.wood": "双扇木门",
  "door.hinged.metal": "金属门",
  "door.hinged.toptier": "钢铁门",
  "door.hinged.wood": "木头门",
  "floor.grill": "铁网地板",
  "floor.ladder.hatch": "折叠梯",
  "floor.triangle.grill": "三角形铁网地板",
  "floor.triangle.ladder.hatch": "三角形折叠梯",
  "gates.external.high.stone": "石头高门",
  "gates.external.high.wood": "木头高门",
  "ladder.wooden.wall": "木质梯子",
  "wall.external.high.stone": "石头高墙",
  "wall.external.high": "木头高墙",
  "wall.frame.cell.gate": "监牢铁门",
  "wall.frame.cell": "监牢铁栏",
  "wall.frame.fence.gate": "铁网栅栏门",
  "wall.frame.fence": "铁网栅栏",
  "wall.frame.garagedoor": "卷帘门",
  "wall.frame.netting": "绳网",
  "wall.frame.shopfront": "木质售货窗口",
  "wall.frame.shopfront.metal": "金属售货窗口",
  "wall.window.bars.metal": "金属护栏",
  "wall.window.bars.toptier": "钢化玻璃窗",
  "wall.window.bars.wood": "木质护栏",
  "shutter.metal.embrasure.a": "横向金属炮孔",
  "shutter.metal.embrasure.b": "纵向金属炮孔",
  "wall.window.glass.reinforced": "强化玻璃窗",
  "shutter.wood.a": "实木百叶窗",
  "watchtower.wood": "瞭望塔",
  "diving.fins": "潜水脚蹼",
  "diving.mask": "潜水面罩",
  "diving.tank": "氧气瓶",
  "diving.wetsuit": "潜水服",
  "boots.frog": "橡胶靴",
  "barrelcostume": "水桶服",
  "cratecostume": "板条箱服",
  "hat.gas.mask": "防毒面具",
  "burlap.gloves.new": "麻布手套",
  "burlap.gloves": "皮革手套",
  "roadsign.gloves": "路标手套",
  "tactical.gloves": "战术手套",
  "ghostsheet": "幽灵装",
  "halloween.mummysuit": "木乃伊套装",
  "scarecrow.suit": "稻草人套装",
  "scarecrowhead": "稻草人头套",
  "attire.hide.helterneck": "抹胸",
  "hat.beenie": "包头帽",
  "hat.boonie": "圆边帽",
  "bucket.helmet": "铁桶头盔",
  "burlap.headwrap": "麻布头巾",
  "hat.candle": "蜡烛帽",
  "hat.cap": "棒球帽",
  "clatter.helmet": "咔哒头盔",
  "coffeecan.helmet": "咖啡罐头盔",
  "deer.skull.mask": "兽骨头盔",
  "heavy.plate.helmet": "重型头盔",
  "hat.miner": "矿工帽",
  "partyhat": "派对帽",
  "riot.helmet": "防暴头盔",
  "wood.armor.helmet": "木制头盔",
  "hoodie": "连帽衫",
  "bone.armor.suit": "兽骨盔甲",
  "heavy.plate.jacket": "重型板甲",
  "jacket.snow": "雪地夹克",
  "jacket": "夹克",
  "wood.armor.jacket": "木制胸甲",
  "mask.balaclava": "简易头套",
  "mask.bandana": "面罩",
  "metal.facemask": "金属面罩",
  "nightvisiongoggles": "夜视仪",
  "attire.ninja.suit": "忍者服",
  "burlap.trousers": "麻布裤子",
  "heavy.plate.pants": "重型腿甲",
  "attire.hide.pants": "兽皮裤",
  "roadsign.kilt": "路标护裙",
  "pants.shorts": "短裤",
  "wood.armor.pants": "木制腿甲",
  "pants": "裤子",
  "attire.hide.poncho": "兽皮披风",
  "burlap.shirt": "麻布衬衫",
  "shirt.collared": "衬衫",
  "attire.hide.vest": "兽皮背心",
  "shirt.tanktop": "背心",
  "shoes.boots": "靴子",
  "burlap.shoes": "麻布鞋",
  "attire.hide.boots": "兽皮靴",
  "attire.hide.skirt": "布裙",
  "attire.banditguard": "强盗警卫服装",
  "hazmatsuit": "防化服",
  "hazmatsuit_scientist": "科学家防化服",
  "hazmatsuit_scientist_peacekeeper": "维和科学家防化服",
  "hazmatsuit.spacesuit": "宇航服",
  "scientistsuit_heavy": "重型科学家防化服",
  "jumpsuit.suit.blue": "蓝色连衣裤",
  "jumpsuit.suit": "连衣裤",
  "tshirt.long": "长袖衫",
  "tshirt": "T恤",
  "metal.plate.torso": "金属胸甲",
  "roadsign.jacket": "路标夹克",
  "bleach": "漂白剂",
  "ducttape": "强力胶带",
  "carburetor1": "低级化油器",
  "carburetor2": "中级化油器",
  "carburetor3": "高级化油器",
  "crankshaft1": "低级曲轴",
  "crankshaft2": "中级曲轴",
  "crankshaft3": "高级曲轴",
  "piston1": "低级活塞",
  "piston2": "中级活塞",
  "piston3": "高级活塞",
  "sparkplug1": "低级火花塞",
  "sparkplug2": "中级火花塞",
  "sparkplug3": "高级火花塞",
  "valve1": "低级气阀",
  "valve2": "中级气阀",
  "valve3": "高级气阀",
  "fuse": "保险丝",
  "gears": "齿轮",
  "glue": "胶水",
  "metalblade": "金属刀刃",
  "metalpipe": "金属管",
  "propanetank": "空煤气罐",
  "roadsigns": "路标",
  "rope": "绳子",
  "sewingkit": "针线包",
  "sheetmetal": "金属板",
  "metalspring": "金属弹簧",
  "sticks": "木棍",
  "tarp": "篷布",
  "techparts": "电子零件",
  "riflebody": "步枪枪体",
  "semibody": "半自动枪体",
  "smgbody": "冲锋枪枪体",
  "barricade.concrete": "混凝土路障",
  "barricade.wood.cover": "木制立障",
  "barricade.metal": "金属路障",
  "barricade.sandbags": "沙袋路障",
  "barricade.stone": "石头路障",
  "barricade.wood": "木制路障",
  "barricade.woodwire": "木制尖刺路障",
  "bbq": "烧烤架",
  "trap.bear": "捕兽夹",
  "bed": "床",
  "campfire": "营火",
  "cardtable": "纸牌游戏桌",
  "ceilinglight": "吊顶灯",
  "chair": "椅子",
  "composter": "堆肥机",
  "computerstation": "电脑站",
  "drone": "无人机",
  "dropbox": "投递箱",
  "elevator": "电梯",
  "fireplace.stone": "壁炉",
  "firework.boomer.blue": "蓝色烟花",
  "firework.boomer.champagne": "香槟烟花",
  "firework.boomer.green": "绿色烟花",
  "firework.boomer.orange": "橙色烟花",
  "firework.boomer.red": "红色烟花",
  "firework.boomer.violet": "紫色烟花",
  "firework.romancandle.blue": "蓝色罗马烟花",
  "firework.romancandle.green": "绿色罗马烟花",
  "firework.romancandle.red": "红色罗马烟花",
  "firework.romancandle.violet": "紫色罗马烟花",
  "firework.volcano": "白色火山烟花",
  "firework.volcano.red": "红色火山烟花",
  "firework.volcano.violet": "紫色火山烟花",
  "spikes.floor": "木制地刺",
  "fridge": "冰箱",
  "furnace.large": "大熔炉",
  "furnace": "熔炉",
  "hitchtroughcombo": "拴马桩&喂食槽",
  "habrepair": "热气球修复",
  "jackolantern.angry": "愤怒的南瓜灯",
  "jackolantern.happy": "开心的南瓜灯",
  "trap.landmine": "地雷",
  "lantern": "煤油灯",
  "box.wooden.large": "大型储物箱",
  "water.barrel": "啤酒桶",
  "locker": "衣柜",
  "mailbox": "信箱",
  "mixingtable": "调制台",
  "modularcarlift": "车辆升降机",
  "mining.pumpjack": "抽油机",
  "small.oil.refinery": "炼油机",
  "planter.large": "大型种植箱",
  "planter.small": "小型种植箱",
  "electric.audioalarm": "警告音响",
  "smart.alarm": "智能警报",
  "smart.switch": "智能开关",
  "storage.monitor": "存储监视器",
  "electric.battery.rechargable.large": "大型蓄电池",
  "electric.battery.rechargable.medium": "中型蓄电池",
  "electric.battery.rechargable.small": "小型蓄电池",
  "electric.button": "按钮",
  "electric.counter": "计数器",
  "electric.hbhfsensor": "生命传感器",
  "electric.laserdetector": "激光传感器",
  "electric.pressurepad": "压力传感器",
  "electric.doorcontroller": "门控器",
  "electric.heater": "电加热器",
  "fluid.combiner": "流体合并器",
  "fluid.splitter": "流体分离器",
  "fluid.switch": "流体开关&泵",
  "electric.andswitch": "与门",
  "electric.blocker": "拦截器",
  "electrical.branch": "电力分离器",
  "electrical.combiner": "串联器",
  "electrical.memorycell": "存储单元",
  "electric.orswitch": "或门",
  "electric.random.switch": "随机门",
  "electric.rf.broadcaster": "射频广播器",
  "electric.rf.receiver": "射频接收器",
  "electric.xorswitch": "异或门",
  "electric.fuelgenerator.small": "小型燃油发电机",
  "electric.generator.small": "测试发电机",
  "electric.solarpanel.large": "太阳能",
  "electric.igniter": "点火器",
  "electric.flasherlight": "闪光灯",
  "electric.simplelight": "补光灯",
  "electric.sirenlight": "警笛灯",
  "powered.water.purifier": "电力净水器",
  "electric.switch": "开关",
  "electric.splitter": "线路分离器",
  "electric.sprinkler": "洒水器",
  "electric.teslacoil": "特斯拉线圈",
  "electric.timer": "计时器",
  "electric.cabletunnel": "电缆隧道",
  "waterpump": "抽水泵",
  "mining.quarry": "挖矿机",
  "target.reactive": "标靶",
  "box.repair.bench": "修理工作台",
  "research.table": "研究工作台",
  "rug.bear": "熊皮地毯",
  "rug": "地毯",
  "searchlight": "探照灯",
  "secretlabchair": "圣临电竞椅",
  "shelves": "货架",
  "sign.hanging.banner.large": "悬挂条幅",
  "sign.hanging": "双面吊牌",
  "sign.hanging.ornate": "华丽的双面吊牌",
  "sign.pictureframe.landscape": "横向画框",
  "sign.pictureframe.portrait": "纵向画框",
  "sign.pictureframe.tall": "纵向大画框",
  "sign.pictureframe.xl": "大型画框",
  "sign.pictureframe.xxl": "特大型画框",
  "sign.pole.banner.large": "支架条幅",
  "sign.post.double": "双向路标",
  "sign.post.single": "单向路标",
  "sign.post.town": "单面村庄标牌",
  "sign.post.town.roof": "双面村庄标牌",
  "sign.wooden.huge": "巨型木牌",
  "sign.wooden.large": "大型木牌",
  "sign.wooden.medium": "中型木牌",
  "sign.wooden.small": "小型木牌",
  "guntrap": "霰弹枪陷阱",
  "sleepingbag": "睡袋",
  "stash.small": "小藏匿",
  "sofa": "沙发",
  "spinner.wheel": "转盘",
  "fishtrap.small": "捕鱼陷阱",
  "table": "桌子",
  "workbench1": "一级工作台",
  "workbench2": "二级工作台",
  "workbench3": "三级工作台",
  "cupboard.tool": "工具柜",
  "tunalight": "罐头灯",
  "vending.machine": "自动售货机",
  "water.catcher.large": "大型露水收集器",
  "water.catcher.small": "小型露水收集器",
  "water.purifier": "净水器",
  "generator.wind.scrap": "风力发电机",
  "box.wooden": "木制储物箱",
  "apple": "苹果",
  "apple.spoiled": "烂苹果",
  "black.raspberries": "黑树莓",
  "blueberries": "蓝莓",
  "botabag": "水囊",
  "grub": "蛆虫",
  "worm": "蚯蚓",
  "cactusflesh": "仙人掌肉",
  "can.beans": "豆罐头",
  "can.tuna": "金枪鱼罐头",
  "chocholate": "巧克力棒",
  "fish.anchovy": "鳀鱼",
  "fish.catfish": "鲇鱼",
  "fish.cooked": "烤熟的鱼",
  "fish.raw": "生鱼肉",
  "fish.herring": "鲱鱼",
  "fish.minnows": "诱饵鱼",
  "fish.orangeroughy": "罗非鱼",
  "fish.salmon": "三文鱼",
  "fish.sardine": "沙丁鱼",
  "fish.smallshark": "小鲨鱼",
  "fish.troutsmall": "小鳟鱼",
  "fish.yellowperch": "黄鲈",
  "granolabar": "燕麦饼干",
  "chicken.burned": "烧焦的鸡肉",
  "chicken.cooked": "烤熟的鸡肉",
  "chicken.raw": "生鸡肉",
  "chicken.spoiled": "变质的鸡肉",
  "deermeat.burned": "烧焦的鹿肉",
  "deermeat.cooked": "烤熟的鹿肉",
  "deermeat.raw": "生鹿肉",
  "horsemeat.burned": "烧焦的马肉",
  "horsemeat.cooked": "烤熟的马肉",
  "horsemeat.raw": "生马肉",
  "humanmeat.burned": "烧焦的人肉",
  "humanmeat.cooked": "烤熟的人肉",
  "humanmeat.raw": "生人肉",
  "humanmeat.spoiled": "腐烂的人肉",
  "bearmeat.burned": "烧焦的熊肉",
  "bearmeat.cooked": "烤熟的熊肉",
  "bearmeat": "生熊肉",
  "wolfmeat.burned": "烧焦的狼肉",
  "wolfmeat.cooked": "烤熟的狼肉",
  "wolfmeat.raw": "生狼肉",
  "wolfmeat.spoiled": "变质的狼肉",
  "meat.pork.burned": "烧焦的猪肉",
  "meat.pork.cooked": "烤熟的猪肉",
  "meat.boar": "生猪肉",
  "mushroom": "蘑菇",
  "jar.pickle": "腌菜",
  "smallwaterbottle": "水瓶",
  "waterjug": "塑料水桶",
  "fun.bass": "贝斯",
  "fun.cowbell": "牛铃",
  "drumkit": "架子鼓",
  "fun.flute": "排萧",
  "fun.guitar": "吉他",
  "fun.jerrycanguitar": "电吉他",
  "piano": "钢琴",
  "fun.tambourine": "手铃",
  "fun.trumpet": "小号",
  "fun.tuba": "苏萨大号",
  "xylophone": "骨琴",
  "car.key": "车钥匙",
  "door.key": "门钥匙",
  "lock.key": "钥匙锁",
  "lock.code": "密码锁",
  "blueprintbase": "蓝图",
  "chineselantern": "灯笼",
  "dragondoorknocker": "龙门环",
  "hat.dragonmask": "龙面具",
  "newyeargong": "锣",
  "hat.oxmask": "牛面具",
  "hat.ratmask": "金鼠面具",
  "lunar.firecrackers": "鞭炮",
  "arcade.machine.chippy": "街机游戏机",
  "door.closer": "闭门器",
  "attire.bunnyears": "兔子耳朵",
  "attire.bunny.onesie": "兔子服饰",
  "hat.bunnyhat": "兔子帽子",
  "easterdoorwreath": "复活节门花环",
  "easterbasket": "蛋篮",
  "rustige_egg_a": "旋转彩蛋 - 红",
  "rustige_egg_b": "旋转彩蛋 - 蓝",
  "rustige_egg_c": "旋转彩蛋 - 紫",
  "rustige_egg_d": "旋转彩蛋 - 白",
  "rustige_egg_e": "旋转彩蛋 - 绿",
  "attire.nesthat": "鸡窝帽",
  "easter.bronzeegg": "铜蛋",
  "easter.goldegg": "金蛋",
  "easter.paintedeggs": "彩蛋",
  "easter.silveregg": "银蛋",
  "halloween.candy": "万圣节糖果",
  "largecandles": "大型蜡烛堆",
  "smallcandles": "小型蜡烛堆",
  "coffin.storage": "棺材",
  "cursedcauldron": "万圣节篝火",
  "gravestone": "墓碑",
  "woodcross": "木制十字架",
  "wall.graveyard.fence": "墓园围墙",
  "halloween.lootbag.large": "大型万圣节礼袋",
  "halloween.lootbag.medium": "中型万圣节礼袋",
  "halloween.lootbag.small": "小型万圣节礼袋",
  "pumpkinbasket": "南瓜筐",
  "scarecrow": "稻草人",
  "skullspikes.candles": "骷髅尖刺",
  "skullspikes.pumpkin": "骷髅尖刺",
  "skullspikes": "骷髅尖刺",
  "skulldoorknocker": "骷髅门环",
  "skull_fire_pit": "骷髅火堆",
  "spiderweb": "蜘蛛网",
  "spookyspeaker": "音响",
  "halloween.surgeonsuit": "外科医生套装",
  "skull.trophy.jar": "骷髅奖杯",
  "skull.trophy.jar2": "骷髅奖杯",
  "skull.trophy.table": "骷髅奖杯",
  "skull.trophy": "骷髅奖杯",
  "movembermoustachecard": "纸片大胡子",
  "movembermoustache": "大胡子",
  "note": "笔记",
  "skull.human": "人类头骨",
  "abovegroundpool": "大型游泳池",
  "beachchair": "沙滩椅",
  "beachparasol": "遮阳伞",
  "beachtable": "沙滩桌",
  "beachtowel": "沙滩浴巾",
  "boogieboard": "冲浪板",
  "innertube": "游泳圈",
  "innertube.horse": "游泳圈",
  "innertube.unicorn": "游泳圈",
  "tool.instant_camera": "即时相机",
  "paddlingpool": "游泳池",
  "photo": "相片",
  "photoframe.landscape": "横向相框",
  "photoframe.large": "大型相框",
  "photoframe.portrait": "纵向相框",
  "sunglasses02black": "太阳镜",
  "sunglasses02camo": "太阳镜",
  "sunglasses02red": "太阳镜",
  "sunglasses03black": "太阳镜",
  "sunglasses03chrome": "太阳镜",
  "sunglasses03gold": "太阳镜",
  "sunglasses": "太阳镜",
  "gun.water": "水枪",
  "pistol.water": "小水枪",
  "twitchsunglasses": "紫色太阳镜",
  "twitch.headset": "耳机",
  "hobobarrel": "篝火桶",
  "door.hinged.industrial.a": "工业门",
  "candycaneclub": "糖果棒",
  "xmas.lightstring": "圣诞彩灯",
  "xmas.door.garland": "门框花环",
  "candycane": "糖果手杖",
  "giantcandycanedecor": "巨型糖果装饰",
  "wall.ice.wall": "冰质矮墙",
  "wall.external.high.ice": "冰质高墙",
  "giantlollipops": "巨型棒棒糖装饰",
  "sign.neon.125x125": "小型霓虹灯牌",
  "sign.neon.125x215.animated": "中型动画霓虹灯牌",
  "sign.neon.125x215": "中型霓虹灯牌",
  "sign.neon.xl.animated": "大型动画霓虹灯牌",
  "sign.neon.xl": "大型霓虹灯牌",
  "pookie.bear": "泰迪熊",
  "xmas.lightstring.advanced": "豪华圣诞彩灯",
  "coal": "煤炭",
  "xmas.present.large": "大型礼盒",
  "xmas.present.medium": "中型礼盒",
  "xmas.present.small": "小型礼盒",
  "sled.xmas": "雪橇",
  "sled": "雪橇",
  "snowmachine": "造雪机",
  "snowball": "雪球",
  "snowballgun": "雪球发射器",
  "snowman": "雪人",
  "stocking.large": "大圣诞袜",
  "stocking.small": "小圣诞袜",
  "attire.reindeer.headband": "圣诞鹿角",
  "santabeard": "圣诞老人胡子",
  "santahat": "圣诞帽",
  "xmas.window.garland": "窗框花环",
  "wrappedgift": "礼物",
  "wrappingpaper": "包装纸",
  "xmasdoorwreath": "圣诞花圈",
  "xmas.decoration.baubels": "装饰彩铃",
  "xmas.decoration.candycanes": "装饰糖果棒",
  "xmas.decoration.gingerbreadmen": "小人饼干",
  "xmas.decoration.lights": "树灯",
  "xmas.decoration.pinecone": "装饰松子",
  "xmas.decoration.star": "圣诞星",
  "xmas.decoration.tinsel": "装饰丝带",
  "xmas.tree": "圣诞树",
  "autoturret": "自动炮塔",
  "flameturret": "火焰炮塔",
  "gloweyes": "发光眼睛",
  "ammo.rocket.sam": "防空导弹",
  "samsite": "防空炮台",
  "black.berry": "黑浆果",
  "clone.black.berry": "黑浆果茎",
  "seed.black.berry": "黑浆果种子",
  "blue.berry": "蓝浆果",
  "clone.blue.berry": "蓝浆果茎",
  "seed.blue.berry": "蓝浆果种子",
  "green.berry": "绿浆果",
  "clone.green.berry": "绿浆果茎",
  "seed.green.berry": "绿浆果种子",
  "red.berry": "红浆果",
  "clone.red.berry": "红浆果茎",
  "seed.red.berry": "红浆果种子",
  "white.berry": "白浆果",
  "clone.white.berry": "白浆果茎",
  "seed.white.berry": "白浆果种子",
  "yellow.berry": "黄浆果",
  "clone.yellow.berry": "黄浆果茎",
  "seed.yellow.berry": "黄浆果种子",
  "corn": "玉米",
  "clone.corn": "玉米茎",
  "seed.corn": "玉米种子",
  "clone.hemp": "亚麻茎",
  "seed.hemp": "亚麻种子",
  "potato": "土豆",
  "clone.potato": "土豆茎",
  "seed.potato": "土豆种子",
  "pumpkin": "南瓜",
  "clone.pumpkin": "南瓜茎",
  "seed.pumpkin": "南瓜种子",
  "fat.animal": "动物脂肪",
  "battery.small": "小号电池",
  "blood": "输血袋",
  "bone.fragments": "骨头碎片",
  "cctv.camera": "监控摄像机",
  "charcoal": "木炭",
  "cloth": "布",
  "crude.oil": "原油",
  "diesel_barrel": "柴油",
  "can.beans.empty": "空豆罐",
  "can.tuna.empty": "空的金枪鱼罐头",
  "explosives": "炸药",
  "fertilizer": "肥料",
  "gunpowder": "火药",
  "horsedung": "马粪",
  "hq.metal.ore": "高级金属矿石",
  "metal.refined": "高级金属",
  "leather": "皮革",
  "lowgradefuel": "低品质燃油",
  "metal.fragments": "金属碎片",
  "metal.ore": "金属矿石",
  "paper": "纸",
  "plantfiber": "植物纤维",
  "researchpaper": "图纸",
  "water.salt": "盐水",
  "scrap": "废料",
  "stones": "石头",
  "sulfur.ore": "硫磺矿石",
  "sulfur": "硫磺",
  "targeting.computer": "笔记本电脑",
  "water": "水",
  "skull.wolf": "狼头骨",
  "wood": "木头",
  "healingtea.advanced": "上等药茶",
  "healingtea": "普通药茶",
  "healingtea.pure": "纯正药茶",
  "maxhealthtea.advanced": "上等高药茶",
  "maxhealthtea": "普通高药茶",
  "maxhealthtea.pure": "纯正高药茶",
  "oretea.advanced": "上等矿茶",
  "oretea": "普通矿茶",
  "oretea.pure": "纯正矿茶",
  "radiationremovetea.advanced": "上等去辐射茶",
  "radiationremovetea": "普通去辐射茶",
  "radiationremovetea.pure": "纯正去辐射茶",
  "radiationresisttea.advanced": "上等抗辐射茶",
  "radiationresisttea": "抗辐射茶",
  "radiationresisttea.pure": "纯正抗辐射茶",
  "scraptea.advanced": "上等废料茶",
  "scraptea": "普通废料茶",
  "scraptea.pure": "纯正废料茶",
  "woodtea.advanced": "上等木茶",
  "woodtea": "普通木茶",
  "woodtea.pure": "纯正木茶",
  "antiradpills": "抗辐射药",
  "tool.binoculars": "望远镜",
  "explosive.timed": "定时炸弹",
  "tool.camera": "照相机",
  "rf.detonator": "射频发射器",
  "fishingrod.handmade": "手工钓鱼竿",
  "flare": "燃烧棒",
  "flashlight.held": "手电筒",
  "geiger.counter": "盖革计数器",
  "hosetool": "软管工具",
  "jackhammer": "电镐",
  "keycard_blue": "蓝卡",
  "keycard_green": "绿卡",
  "keycard_red": "红卡",
  "largemedkit": "医疗包",
  "map": "地图",
  "syringe.medical": "医疗注射器",
  "rf_pager": "射频寻呼机",
  "building.planner": "建筑图纸",
  "grenade.smoke": "烟雾弹",
  "supply.signal": "信号弹",
  "surveycharge": "勘探装置",
  "wiretool": "接线工具",
  "vehicle.chassis.2mod": "小型底盘",
  "vehicle.chassis.3mod": "中型底盘",
  "vehicle.chassis.4mod": "大型底盘",
  "vehicle.chassis": "通用汽车底盘",
  "vehicle.1mod.cockpit": "驾驶室模块",
  "vehicle.1mod.cockpit.armored": "装甲驾驶室模块",
  "vehicle.1mod.cockpit.with.engine": "驾驶室引擎模块",
  "vehicle.1mod.engine": "引擎模块",
  "vehicle.1mod.flatbed": "平板模块",
  "vehicle.1mod.passengers.armored": "装甲乘客模块",
  "vehicle.1mod.rear.seats": "乘客模块",
  "vehicle.1mod.storage": "存储模块",
  "vehicle.1mod.taxi": "出租车模块",
  "vehicle.2mod.flatbed": "大型平板模块",
  "vehicle.2mod.fuel.tank": "油罐模块",
  "vehicle.2mod.passengers": "大型乘客模块",
  "vehicle.module": "通用车辆模块",
  "boombox": "音响",
  "fun.boomboxportable": "便携式音响",
  "cassette": "卡带 - 长",
  "cassette.medium": "卡带 - 中",
  "cassette.short": "卡带 - 短",
  "fun.casetterecorder": "卡式录音机",
  "discoball": "迪斯科球",
  "discofloor": "迪斯科地板",
  "discofloor.largetiles": "迪斯科地板",
  "connected.speaker": "喇叭",
  "laserlight": "声控激光灯",
  "megaphone": "扩音器",
  "microphonestand": "麦克风支架",
  "mobilephone": "移动电话",
  "soundlight": "声控脉冲灯",
  "telephone": "电话",
  "weapon.mod.8x.scope": "16倍瞄准镜",
  "weapon.mod.flashlight": "战术手电筒",
  "weapon.mod.holosight": "全息瞄准镜",
  "weapon.mod.lasersight": "激光照准器",
  "weapon.mod.muzzleboost": "增压器",
  "weapon.mod.muzzlebrake": "制退器",
  "weapon.mod.simplesight": "自制瞄准镜",
  "weapon.mod.silencer": "消音器",
  "weapon.mod.small.scope": "8倍瞄准镜",
  "rifle.ak": "AK-47突击步枪",
  "bandage": "绷带",
  "grenade.beancan": "豆罐雷",
  "rifle.bolt": "栓动步枪",
  "bone.club": "骨棒",
  "knife.bone": "骨刃",
  "bow.hunting": "猎弓",
  "cakefiveyear": "生日蛋糕",
  "chainsaw": "电锯",
  "salvaged.cleaver": "废料切肉刀",
  "bow.compound": "复合弓",
  "crossbow": "弩",
  "shotgun.double": "双管霰弹枪",
  "pistol.eoka": "土制手枪",
  "grenade.f1": " F1破片手榴弹",
  "flamethrower": "火焰喷射器",
  "multiplegrenadelauncher": "榴弹发射器",
  "knife.butcher": "屠宰刀",
  "pitchfork": "干草叉",
  "sickle": "镰刀",
  "hammer": "木锤",
  "hatchet": "铁斧",
  "knife.combat": "匕首",
  "rifle.l96": "L96狙击步枪",
  "rifle.lr300": "LR-300突击步枪",
  "lmg.m249": "M249",
  "rifle.m39": "M39步枪",
  "pistol.m92": "M92手枪",
  "mace": "狼牙锤",
  "machete": "大砍刀",
  "smg.mp5": "MP5A4",
  "pistol.nailgun": "钉枪",
  "paddle": "桨",
  "pickaxe": "铁镐",
  "shotgun.waterpipe": "单管霰弹枪",
  "pistol.python": "蟒蛇型左轮手枪",
  "pistol.revolver": "左轮手枪",
  "rock": "岩石",
  "rocket.launcher": "火箭发射器",
  "axe.salvaged": "圆斧",
  "hammer.salvaged": "废料锤",
  "icepick.salvaged": "废料十字镐",
  "explosive.satchel": "豆罐炸药包",
  "shotgun.pump": "泵动霰弹枪",
  "pistol.semiauto": "半自动手枪",
  "rifle.semiauto": "半自动步枪",
  "smg.2": "自制冲锋枪",
  "shotgun.spas12": "Spas-12霰弹枪",
  "speargun": "鱼叉枪",
  "stonehatchet": "石斧",
  "stone.pickaxe": "石镐",
  "spear.stone": "石矛",
  "longsword": "长剑",
  "salvaged.sword": "废料剑",
  "smg.thompson": "汤普森冲锋枪",
  "toolgun": "盖瑞模组工具枪",
  "torch": "火把",
  "bucket.water": "铁桶",
  "spear.wooden": "木矛",
  "horse.armor.roadsign": "路标马甲",
  "horse.armor.wood": "木制马甲",
  "horse.saddle": "马鞍",
  "horse.saddlebag": "马鞍包",
  "horse.shoes.advanced": "优质马蹄铁",
  "horse.shoes.basic": "普通马蹄铁"
}