{
  "hat.wolf": "Farkas fejdísz",
  "fogmachine": "Füstgép-3000",
  "strobelight": "Villogó fény",
  "kayak": "Kajak",
  "minihelicopter.repair": "MC javítás",
  "scraptransportheli.repair": "ScrapTransportHeliRepair",
  "workcart": "Work Cart",
  "ammo.grenadelauncher.buckshot": "40mm-es sörétes lőszer",
  "ammo.grenadelauncher.he": "40mm-es robbanó gránát",
  "ammo.grenadelauncher.smoke": "40mm-es Füstgránát",
  "arrow.hv": "Nagy sebességű nyílvessző",
  "arrow.wooden": "Fa Nyílvessző",
  "arrow.bone": "Csont nyílvessző",
  "arrow.fire": "Tüzes nyílvessző",
  "ammo.handmade.shell": "Kézzel készített sörét",
  "ammo.nailgun.nails": "Szögbelövő szögek",
  "ammo.pistol": "Pisztolylövedék",
  "ammo.pistol.fire": "Gyulladós pisztolylövedék",
  "ammo.pistol.hv": "Nagy sebességű pisztolylőszer",
  "ammo.rifle": "5.56 mm-es puskalőszer",
  "ammo.rifle.explosive": "Robbanófejes 5.56 mm-es puskalőszer",
  "ammo.rifle.incendiary": "Gyulladós 5.56 mm-es puskalőszer",
  "ammo.rifle.hv": "Nagy sebességű 5.56 mm-es puskalőszer",
  "ammo.rocket.basic": "Rakéta",
  "ammo.rocket.fire": "Gyújtó rakéta",
  "ammo.rocket.hv": "Nagy Sebességű Rakéta",
  "ammo.rocket.smoke": "Füst Rakéta fejlesztés alatt!!!!",
  "ammo.shotgun": "12-es méretű sörét",
  "ammo.shotgun.fire": "12-es méretű gyújtólövedék",
  "ammo.shotgun.slug": "12-es méretű golyó",
  "door.double.hinged.metal": "Dupla fémlemez ajtó",
  "door.double.hinged.toptier": "Dupla páncélozott ajtó",
  "door.double.hinged.wood": "Dupla fa ajtó",
  "door.hinged.metal": "Fémlemez ajtó",
  "door.hinged.toptier": "Páncélozott ajtó",
  "door.hinged.wood": "Fa ajtó",
  "floor.grill": "Padlórács",
  "floor.ladder.hatch": "Létranyílás",
  "floor.triangle.grill": "Háromszög padlórács",
  "floor.triangle.ladder.hatch": "Háromszög létranyílás",
  "gates.external.high.stone": "Nagy kültéri kőkapu",
  "gates.external.high.wood": "Nagy kültéri fakapu",
  "ladder.wooden.wall": "Falétra",
  "wall.external.high.stone": "Magas kültéri kőfal",
  "wall.external.high": "Magas kültéri fa fal",
  "wall.frame.cell.gate": "Börtöncella kapu",
  "wall.frame.cell": "Börtöncella rács",
  "wall.frame.fence.gate": "Drótkerítés kapu",
  "wall.frame.fence": "Drótkerítés",
  "wall.frame.garagedoor": "Garázsajtó",
  "wall.frame.netting": "Háló",
  "wall.frame.shopfront": "Bolt pult",
  "wall.frame.shopfront.metal": "Fém kirakat",
  "wall.window.bars.metal": "Fém ablakrács",
  "wall.window.bars.toptier": "Megerősített üvegablak",
  "wall.window.bars.wood": "Fa ablakrács",
  "shutter.metal.embrasure.a": "Vízszintes fém lőrés",
  "shutter.metal.embrasure.b": "Függőleges fém lőrés",
  "wall.window.glass.reinforced": "Megerősített üvegablak",
  "shutter.wood.a": "Fa redőnyök\n",
  "watchtower.wood": "Őrtorony",
  "diving.fins": "Búváruszonyok",
  "diving.mask": "Búvármaszk",
  "diving.tank": "Búvárpalack",
  "diving.wetsuit": "Búvárruha",
  "boots.frog": "Békás csizma",
  "barrelcostume": "Egy hordó jelmez",
  "cratecostume": "Láda jelmez",
  "hat.gas.mask": "Gas Mask",
  "burlap.gloves.new": "Vászonkesztyű",
  "burlap.gloves": "Bőrkesztyűk",
  "roadsign.gloves": "Közlekedési tábla kesztyű",
  "tactical.gloves": "Taktikai kesztyűk",
  "ghostsheet": "Szellem jelmez",
  "halloween.mummysuit": "Múmia jelmez",
  "scarecrow.suit": "Madárijesztő jelmez",
  "scarecrowhead": "Madárijesztő kötés",
  "attire.hide.helterneck": "Bőr melltartó",
  "hat.beenie": "Téli sapka",
  "hat.boonie": "Szafari kalap",
  "bucket.helmet": "Vödör sisak",
  "burlap.headwrap": "Vászoncsukja",
  "hat.candle": "Gyertyás sisak",
  "hat.cap": "Baseball sapka",
  "clatter.helmet": "Clatter-sisak",
  "coffeecan.helmet": "Kávéskonzerv-sisak",
  "deer.skull.mask": "Csont sisak",
  "heavy.plate.helmet": "Nehéz lemezsisak",
  "hat.miner": "Bányász sisak",
  "partyhat": "Parti kalap",
  "riot.helmet": "Rohamsisak",
  "wood.armor.helmet": "Fa páncél sisak",
  "hoodie": "Kapucnis pulcsi",
  "bone.armor.suit": "Csont páncél",
  "heavy.plate.jacket": "Nehéz lemezkabát",
  "jacket.snow": "Hókabát",
  "jacket": "Kabát",
  "wood.armor.jacket": "Fa mellvért",
  "mask.balaclava": "Rögtönzött balaklava",
  "mask.bandana": "Gengszter maszk",
  "metal.facemask": "Fém arcpajzs",
  "nightvisiongoggles": "Éjjellátó szemüveg",
  "burlap.trousers": "Vászonnadrág",
  "heavy.plate.pants": "Nehéz lemeznadrág",
  "attire.hide.pants": "Bőrnadrág",
  "roadsign.kilt": "Jelzőtábla-szoknya",
  "pants.shorts": "Rövidnadrág",
  "wood.armor.pants": "Fa páncél nadrág",
  "pants": "Nadrág",
  "attire.hide.poncho": "Bőr poncsó",
  "burlap.shirt": "Vászonpóló",
  "shirt.collared": "Ing",
  "attire.hide.vest": "Bőrmellény",
  "shirt.tanktop": "Trikó",
  "shoes.boots": "Csizmák",
  "burlap.shoes": "Vászoncipő",
  "attire.hide.boots": "Bőrcsizma",
  "attire.hide.skirt": "Bőrszoknya",
  "attire.banditguard": "Bandita őr felszerelés",
  "hazmatsuit": "Vegyvédelmi ruha",
  "hazmatsuit_scientist": "Tudós ruha",
  "hazmatsuit_scientist_peacekeeper": "Tudós ruha",
  "hazmatsuit.spacesuit": "Űrruha ",
  "scientistsuit_heavy": "Tudós sugárvédelmi ruha",
  "jumpsuit.suit": "Jumpsuit",
  "tshirt.long": "Hosszú ujjú póló",
  "tshirt": "Póló",
  "metal.plate.torso": "Fém mellvért",
  "roadsign.jacket": "Jelzőtábla-kabát",
  "bleach": "Fehérítő",
  "ducttape": "Ragasztószalag",
  "carburetor1": "Alacsony minőségű porlasztó",
  "carburetor2": "Közepes minőségű porlasztó",
  "carburetor3": "Kiváló minőségű porlasztó",
  "crankshaft1": "Alacsony minőségű főtengely",
  "crankshaft2": "Közepes minőségű főtengely",
  "crankshaft3": "Kiváló minőségű főtengely",
  "piston1": "Alacsony minőségű dugattyúk",
  "piston2": "Közepes minőségű dugattyúk",
  "piston3": "Kiváló minőségű dugattyúk",
  "sparkplug1": "Alacsony minőségű gyújtógyertyák",
  "sparkplug2": "Közepes minőségű gyújtógyertyák",
  "sparkplug3": "Kiváló minőségű gyújtógyertyák",
  "valve1": "Alacsony minőségű szelepek",
  "valve2": "Medium Quality Valves",
  "valve3": "Kiváló minőségű szelepek",
  "fuse": "Elektromos biztosíték",
  "gears": "Fogaskerekek",
  "glue": "Ragasztó",
  "metalblade": "Fémpenge",
  "metalpipe": "Fémcső",
  "propanetank": "Üres propán tank",
  "roadsigns": "Útjelző táblák",
  "rope": "Kötél",
  "sewingkit": "Varrókészlet",
  "sheetmetal": "Fémlemez",
  "metalspring": "Fémrugó",
  "sticks": "Botok",
  "tarp": "Ponyva",
  "techparts": "Elektronikai hulladék",
  "riflebody": "Puska test",
  "semibody": "Félautomata test",
  "smgbody": "Gépfegyver test",
  "barricade.concrete": "Beton barikád",
  "barricade.wood.cover": "Fa barikád fedél",
  "barricade.metal": "Fémbarikád",
  "barricade.sandbags": "Homokzsák barikád",
  "barricade.stone": "Kő barikád",
  "barricade.wood": "Fa barikád",
  "barricade.woodwire": "Szögesdrótos fa barikád",
  "bbq": "Grill",
  "trap.bear": "Medvecsapda",
  "bed": "Ágy",
  "campfire": "Tábortűz",
  "ceilinglight": "Mennyezeti lámpa",
  "chair": "Szék",
  "composter": "Komposztáló",
  "computerstation": "Számítógép állomás",
  "drone": "Drón",
  "dropbox": "Váltó fiók",
  "elevator": "Lift",
  "fireplace.stone": "Kő kandalló",
  "firework.boomer.blue": "Kék Boomer",
  "firework.boomer.champagne": "Tüzijáték",
  "firework.boomer.green": "Zöld tüzijáték",
  "firework.boomer.orange": "Narancsszínű tüzijáték",
  "firework.boomer.red": "Piros tüzijáték",
  "firework.boomer.violet": "Lila tüzijáték",
  "firework.romancandle.blue": "Kék római gyertya",
  "firework.romancandle.green": "Zöld római gyertya",
  "firework.romancandle.red": "Vörös római gyertya",
  "firework.romancandle.violet": "Lila római gyertya",
  "firework.volcano": "Fehér vulkán tűzijáték",
  "firework.volcano.red": "Vörös vulkán tűzijáték",
  "firework.volcano.violet": "Lila vulkán tűzijáték",
  "spikes.floor": "Tüskés fapadló",
  "fridge": "Hűtőszekrény",
  "furnace.large": "Nagy kemence",
  "furnace": "Kemence",
  "hitchtroughcombo": "Etető tál",
  "habrepair": "Hőlégballon Javítás",
  "jackolantern.angry": "Mérges töklámpás",
  "jackolantern.happy": "Boldog töklámpás",
  "trap.landmine": "Taposóakna",
  "lantern": "Lámpás",
  "box.wooden.large": "Nagy faláda",
  "water.barrel": "Vizeshordó",
  "locker": "Szekrény",
  "mailbox": "Postaláda",
  "mixingtable": "Keverőasztal",
  "modularcarlift": "Moduláris autó emelő",
  "mining.pumpjack": "Olajfúró kút",
  "small.oil.refinery": "Kis olajfinomító",
  "planter.large": "Nagy ültetvényes doboz",
  "planter.small": "Kis ültetvényes doboz",
  "electric.audioalarm": "Hangriasztó",
  "smart.alarm": "Intelligens riasztás",
  "smart.switch": "Okoskapcsoló",
  "storage.monitor": "Tárolómonitor",
  "electric.battery.rechargable.large": "Nagy újratölthető akkumulátor",
  "electric.battery.rechargable.medium": "Közepes újratölthető akkumulátor",
  "electric.battery.rechargable.small": "Kis újratölthető akkumulátor",
  "electric.button": "Gomb",
  "electric.counter": "Számláló",
  "electric.hbhfsensor": "Mozgásérzékelő",
  "electric.laserdetector": "Lézeres érzékelő",
  "electric.pressurepad": "Nyomólap",
  "electric.doorcontroller": "Ajtóvezérlő",
  "electric.heater": "Elektromos Hősugárzó",
  "fluid.combiner": "Folyadék elosztó",
  "fluid.splitter": "Folyadék elosztó",
  "fluid.switch": "Folyadékkapcsoló és Szivattyú",
  "electric.andswitch": "AND logikai kapu",
  "electric.blocker": "Blokkoló",
  "electrical.branch": "Elektromos ág",
  "electrical.combiner": "Forrás kombináló",
  "electrical.memorycell": "Memóriacella",
  "electric.orswitch": "OR logikai kapu",
  "electric.random.switch": "RAND kapcsoló",
  "electric.rf.broadcaster": "RF Adó",
  "electric.rf.receiver": "RF-vevő",
  "electric.xorswitch": "XOR logikai kapu",
  "electric.fuelgenerator.small": "Kis generátor",
  "electric.generator.small": "Teszt generátor",
  "electric.solarpanel.large": "Nagy Napelem",
  "electric.igniter": "Gyújtó",
  "electric.flasherlight": "Villogó fény",
  "electric.simplelight": "Egyszerű lámpa",
  "electric.sirenlight": "Szirénafény",
  "powered.water.purifier": "Árammal ellátott víztisztító.",
  "electric.switch": "Kapcsoló",
  "electric.splitter": "Elosztó",
  "electric.sprinkler": "Locsoló",
  "electric.teslacoil": "Tesla tekercs",
  "electric.timer": "Időzítő",
  "electric.cabletunnel": "Kábelcsatorna",
  "waterpump": "Vízpumpa",
  "mining.quarry": "Bányagép",
  "target.reactive": "Reaktiválni a célt",
  "box.repair.bench": "Javító pad",
  "research.table": "Kutatóasztal",
  "rug.bear": "Medvebőr szőnyeg",
  "rug": "Szőnyeg",
  "searchlight": "Reflektor",
  "secretlabchair": "Titkos Laboratóriumi Szék",
  "shelves": "Összetákolt polcok",
  "sign.hanging.banner.large": "Nagy lógó zászló",
  "sign.hanging": "Kétoldalú lógó tábla",
  "sign.hanging.ornate": "Kétoldalú, díszes lógó tábla",
  "sign.pictureframe.landscape": "Tájkép képkeret",
  "sign.pictureframe.portrait": "Portré képkeret",
  "sign.pictureframe.tall": "Magas képkeret",
  "sign.pictureframe.xl": "XL-es képkeret",
  "sign.pictureframe.xxl": "XXL-es képkeret",
  "sign.pole.banner.large": "Rúdra feltűzött nagy zászló",
  "sign.post.double": "Dupla jelzőtábla",
  "sign.post.single": "Jelzőtábla",
  "sign.post.town": "Egyoldalú hirdetőtábla",
  "sign.post.town.roof": "Kétoldalú hirdetőtábla",
  "sign.wooden.huge": "Hatalmas fatábla",
  "sign.wooden.large": "Nagy fatábla",
  "sign.wooden.medium": "Közepes méretű fa tábla",
  "sign.wooden.small": "Kis fatábla",
  "guntrap": "Sörétes puska csapda",
  "sleepingbag": "Hálózsák",
  "stash.small": "Kicsi zsákmány",
  "sofa": "Kanapé",
  "spinner.wheel": "Rokka",
  "fishtrap.small": "Halcsapda",
  "table": "Asztal",
  "workbench1": "1. Szintű munkaasztal",
  "workbench2": "2. Szintű munkaasztal",
  "workbench3": "3. Szintű munkaasztal",
  "cupboard.tool": "Szerszámos szekrény",
  "tunalight": "Tonhal lámpa",
  "vending.machine": "Árusító automata",
  "water.catcher.large": "Nagy vízgyűjtő",
  "water.catcher.small": "Kis víznyerő",
  "water.purifier": "Víztisztító",
  "generator.wind.scrap": "Szélturbina",
  "box.wooden": "Faláda",
  "apple": "Alma",
  "apple.spoiled": "Romlott alma",
  "black.raspberries": "Szeder",
  "blueberries": "Áfonya",
  "botabag": "Vízhordó táska",
  "cactusflesh": "Kaktuszhús",
  "can.beans": "Babkonzerv",
  "can.tuna": "Tonhalkonzerv",
  "chocholate": "Táblás csoki",
  "fish.cooked": "Sült hal",
  "fish.raw": "Nyers hal",
  "fish.minnows": "Fürge",
  "fish.troutsmall": "Kis pisztráng",
  "granolabar": "Zabszelet",
  "chicken.burned": "Megégett csirkehús",
  "chicken.cooked": "Sült csirke",
  "chicken.raw": "Nyers csirkemell",
  "chicken.spoiled": "Romlott csirkehús",
  "deermeat.burned": "Megégett szarvashús",
  "deermeat.cooked": "Sült szarvashús",
  "deermeat.raw": "Nyers szarvashús",
  "horsemeat.burned": "Megégett lóhús",
  "horsemeat.cooked": "Sült lóhús",
  "horsemeat.raw": "Nyers lóhús",
  "humanmeat.burned": "Megégett emberhús",
  "humanmeat.cooked": "Sült emberhús",
  "humanmeat.raw": "Nyers emberhús",
  "humanmeat.spoiled": "Romlott emberhús",
  "bearmeat.burned": "Égett medvehús",
  "bearmeat.cooked": "Sült medvehús",
  "bearmeat": "Nyers medvehús",
  "wolfmeat.burned": "Megégett farkashús",
  "wolfmeat.cooked": "Sült farkashús",
  "wolfmeat.raw": "Nyers farkashús",
  "wolfmeat.spoiled": "Romlott farkashús",
  "meat.pork.burned": "Megégett sertéshús",
  "meat.pork.cooked": "Sült disznóhús",
  "meat.boar": "Nyers disznóhús",
  "mushroom": "Gomba",
  "jar.pickle": "Savanyúság",
  "smallwaterbottle": "Kis vizes palack",
  "waterjug": "Vizeskanna",
  "fun.bass": "Lapát basszusgitár",
  "fun.cowbell": "Kolomp",
  "drumkit": "Roncstelep dobkészlet",
  "fun.flute": "Pánsíp",
  "fun.guitar": "Akusztikus Gitár",
  "fun.jerrycanguitar": "Benzineskanna gitár",
  "piano": "Talicska zongora",
  "fun.tambourine": "Csörgődob",
  "fun.trumpet": "Vízvezeték-szerelő trombita",
  "fun.tuba": "Tuba",
  "xylophone": "Xylocsont",
  "car.key": "Kocsikulcs",
  "door.key": "Ajtókulcs",
  "lock.key": "Kulcszár",
  "lock.code": "Számzár",
  "blueprintbase": "Tervrajz",
  "chineselantern": "Kínai lámpás",
  "dragondoorknocker": "Sárkány ajtó kopogtató",
  "hat.dragonmask": "Sárkánymaszk",
  "newyeargong": "Újévi Gong",
  "hat.oxmask": "Ökör maszk",
  "hat.ratmask": "Patkány maszk",
  "lunar.firecrackers": "Kanócos tűzijáték",
  "arcade.machine.chippy": "Arcade játék autómata",
  "door.closer": "Ajtóbehúzó",
  "attire.bunnyears": "Nyuszifül",
  "attire.bunny.onesie": "Nyuszijelmez",
  "easterdoorwreath": "Húsvéti ajtó koszorú",
  "easterbasket": "Tojás kosár",
  "rustige_egg_a": "Rustig? Tojás - Piros",
  "rustige_egg_b": "Rustig? Tojás - Kék",
  "rustige_egg_c": "Rustig? Tojás - Lila",
  "rustige_egg_d": "Rustig? Tojás - Elefántcsont",
  "attire.nesthat": "Fészek kalap",
  "easter.bronzeegg": "Bronztojás",
  "easter.goldegg": "Aranytojás",
  "easter.paintedeggs": "Festett tojás",
  "easter.silveregg": "Ezüsttojás",
  "halloween.candy": "Halloweeni édességek",
  "largecandles": "Nagy gyerta készlet",
  "smallcandles": "Kis gyertya készlet",
  "coffin.storage": "Koporsó",
  "cursedcauldron": "Átkozott üst",
  "gravestone": "Sírkő",
  "woodcross": "Fa kereszt",
  "wall.graveyard.fence": "Temető kerítés",
  "halloween.lootbag.large": "Nagy zsákmány táska",
  "halloween.lootbag.medium": "Közepes zsákmány táska",
  "halloween.lootbag.small": "Kis zsákmány táska",
  "pumpkinbasket": "Tök vödör",
  "scarecrow": "Madárijesztő",
  "skullspikes.candles": "Koponya Tüske",
  "skullspikes.pumpkin": "Koponya Tüske",
  "skullspikes": "Koponya Tüske",
  "skulldoorknocker": "Koponyás ajtó kopogtató",
  "skull_fire_pit": "Koponya tűzrakás",
  "spiderweb": "Pókháló",
  "spookyspeaker": "Kísérteties hangszóró",
  "halloween.surgeonsuit": "Sebészeti ruha",
  "skull.trophy.jar": "Koponya Trófea",
  "skull.trophy.jar2": "Koponya Trófea",
  "skull.trophy.table": "Koponya Trófea",
  "skull.trophy": "Koponya Trófea",
  "movembermoustachecard": "Movember bajusz kártya",
  "movembermoustache": "Movember bajusz",
  "note": "Jegyzet",
  "skull.human": "Emberi koponya",
  "abovegroundpool": "A medence fölött",
  "beachchair": "Strand szék",
  "beachparasol": "Tengerparti esernyő",
  "beachtable": "Strand asztal",
  "beachtowel": "Strand törölköző",
  "boogieboard": "Szörfdeszka",
  "innertube": "Belső cső",
  "innertube.horse": "Belső cső",
  "innertube.unicorn": "Belső cső",
  "tool.instant_camera": "Polaroid Kamera",
  "paddlingpool": "Pancsoló medence",
  "photo": "Fénykép",
  "photoframe.landscape": "Táj képkeret",
  "photoframe.large": "Nagy képkeret",
  "photoframe.portrait": "Portré képkeret",
  "sunglasses02black": "Napszemüveg",
  "sunglasses02camo": "Napszemüveg",
  "sunglasses02red": "Napszemüveg",
  "sunglasses03black": "Napszemüveg",
  "sunglasses03chrome": "Napszemüveg",
  "sunglasses03gold": "Napszemüveg",
  "sunglasses": "Napszemüveg",
  "gun.water": "Vízipisztoly",
  "pistol.water": "Vízpisztoly",
  "twitchsunglasses": "Lila napszemüveg",
  "twitch.headset": "Fejhallgató",
  "hobobarrel": "csöves hordó",
  "door.hinged.industrial.a": "Ipari ajtó",
  "candycaneclub": "Cukorkapálca ütő",
  "xmas.lightstring": "Karácsonyi fények",
  "xmas.door.garland": "Ünnepi ajtó girland",
  "candycane": "Cukorka",
  "giantcandycanedecor": "Óriási cukorka dekoráció",
  "wall.ice.wall": "Kis jégfal",
  "wall.external.high.ice": "Magas jégfal",
  "giantlollipops": "Óriás nyalóka dekoráció",
  "sign.neon.125x125": "Kicsi Neon Írás",
  "sign.neon.125x215.animated": "Közepes Animációs Neon Írás",
  "sign.neon.125x215": "Közepes Neon Írás",
  "sign.neon.xl.animated": "Nagy Animált Neon Tábla",
  "sign.neon.xl": "Nagy Neon Tábla",
  "pookie.bear": "Plüssmackó",
  "xmas.lightstring.advanced": "Luxus karácsonyi fények",
  "coal": "Szén :(",
  "xmas.present.large": "Nagy ajándék",
  "xmas.present.medium": "Közepesen nagy ajándék",
  "xmas.present.small": "Kicsi ajándék",
  "sled.xmas": "Szánkó",
  "sled": "Szánkó",
  "snowmachine": "Hóágyú",
  "snowball": "Hógolyó",
  "snowballgun": "Hógolyó Fegyver",
  "snowman": "Hóember",
  "stocking.large": "SZUPER zokni",
  "stocking.small": "Kis zokni",
  "attire.reindeer.headband": "Rénszarvasagancs",
  "santabeard": "Mikulás szakáll",
  "santahat": "Mikulás sapka",
  "xmas.window.garland": "Ünnepi ablak koszorú",
  "wrappedgift": "Csomagolt ajándék",
  "wrappingpaper": "Csomagolópapír",
  "xmasdoorwreath": "Karácsonyi ajtó koszorú",
  "xmas.decoration.baubels": "Dekoratív gömbök",
  "xmas.decoration.candycanes": "Dekoratív műanyag édesség pálca",
  "xmas.decoration.gingerbreadmen": "Dekoratív mézeskalács férfiak",
  "xmas.decoration.lights": "Karácsonyfa izzók",
  "xmas.decoration.pinecone": "Dekoratív fenyőtobozok",
  "xmas.decoration.star": "Karácsonyfa csúcsdísz",
  "xmas.decoration.tinsel": "Dekoratív girlandok",
  "xmas.tree": "Karácsonyfa",
  "autoturret": "Automata géppuska",
  "flameturret": "Automata lángszóró",
  "gloweyes": "Ragyogó szemek",
  "ammo.rocket.sam": "SAM-lőszer",
  "samsite": "Légvédelmi rakéta",
  "black.berry": "Fekete bogyó",
  "clone.black.berry": "Fekete Bogyó klón",
  "seed.black.berry": "Fekete bogyó mag",
  "blue.berry": "Kék bogyó",
  "clone.blue.berry": "Kék Bogyó Klón",
  "seed.blue.berry": "Kék bogyó mag",
  "green.berry": "Zöld bogyó",
  "clone.green.berry": "Zöld Bogyó Klón",
  "seed.green.berry": "Zöld bogyó mag",
  "red.berry": "Piros bogyó",
  "clone.red.berry": "Piros Bogyó Klón",
  "seed.red.berry": "Piros bogyó mag",
  "white.berry": "Fehér bogyó",
  "clone.white.berry": "Fehér Bogyó Klón",
  "seed.white.berry": "Fehér bogyó mag",
  "yellow.berry": "Sárga bogyó",
  "clone.yellow.berry": "Sárga Bogyó Klón",
  "seed.yellow.berry": "Sárga bogyó mag",
  "corn": "Kukorica",
  "clone.corn": "Kukoricaklón",
  "seed.corn": "Kukoricamag",
  "clone.hemp": "Kenderklón",
  "seed.hemp": "Kendermag",
  "potato": "Burgonya",
  "clone.potato": "Burgonya klón",
  "seed.potato": "Vetőburgonya",
  "pumpkin": "Sütőtök",
  "clone.pumpkin": "Sütőtökpalánta-klón",
  "seed.pumpkin": "Tökmag",
  "fat.animal": "Állati Zsír",
  "battery.small": "Akkumulátor - kicsi",
  "blood": "Vér",
  "bone.fragments": "Csontdarabok",
  "cctv.camera": "Biztonsági kamera",
  "charcoal": "Faszén",
  "cloth": "Szövet",
  "crude.oil": "Nyersolaj",
  "diesel_barrel": "Gázolaj",
  "can.beans.empty": "Üres babkonzerv",
  "can.tuna.empty": "Üres tonhalkonzerv",
  "explosives": "Robbanóanyag",
  "fertilizer": "Trágya",
  "gunpowder": "Lőpor",
  "horsedung": "Lótrágya",
  "hq.metal.ore": "Magas minőségű fémérc",
  "metal.refined": "Magas minőségű fém",
  "leather": "Bőr",
  "lowgradefuel": "Alacsony minőségű üzemanyag",
  "metal.fragments": "Fémdarab",
  "metal.ore": "Fémérc",
  "paper": "Papír",
  "plantfiber": "Növényi rost",
  "researchpaper": "Tervlap",
  "water.salt": "Sós Víz",
  "scrap": "Fémhulladék ",
  "stones": "Kövek",
  "sulfur.ore": "Kén érc",
  "sulfur": "Kén",
  "targeting.computer": "Bemérő számítógép",
  "water": "Víz",
  "skull.wolf": "Farkas koponya",
  "wood": "Fa",
  "healingtea.advanced": "Fejlesztett gyógytea",
  "healingtea": "Alap gyógytea",
  "healingtea.pure": "Tiszta gyógyító tea",
  "maxhealthtea.advanced": "haladó telyes élet tea",
  "maxhealthtea": "tiszta telyes élet tea ",
  "maxhealthtea.pure": "telyes élet tea ",
  "oretea.advanced": "Haladó érctea",
  "oretea": "Alapvető érctea",
  "oretea.pure": "Tiszta érctea",
  "radiationremovetea.advanced": "Fejlesztett Rad. Eltávolító Tea",
  "radiationremovetea": "Rad. Eltávolító Tea",
  "radiationremovetea.pure": "Igazi Rad. Eltávolító Tea",
  "radiationresisttea.advanced": "Fejlett Anti-Rad Tea",
  "radiationresisttea": "Anti-Rad Tea",
  "radiationresisttea.pure": "Igazi Anti-Rad Tea",
  "scraptea.advanced": "Haladó Szemét Tea",
  "scraptea": "Alap Szemét Tea",
  "scraptea.pure": "\nMoslék Tea",
  "woodtea.advanced": "Haladó fa tea",
  "woodtea": "Alap fa tea",
  "woodtea.pure": "Tiszta fa tea",
  "antiradpills": "Sugárzás elleni tabletták",
  "tool.binoculars": "Távcső",
  "explosive.timed": "Időzített robbanótöltet",
  "tool.camera": "Fényképezőgép",
  "rf.detonator": "RF adó",
  "fishingrod.handmade": "Kézi horgászpálca",
  "flare": "Jelzőfáklya",
  "flashlight.held": "Zseblámpa",
  "geiger.counter": "Geiger–Müller-számláló",
  "hosetool": "Tömlőszerszám",
  "jackhammer": "Légkalapács",
  "keycard_blue": "Kék kulcskártya",
  "keycard_green": "Zöld kulcskártya",
  "keycard_red": "Piros kulcskártya",
  "largemedkit": "Nagy elsősegélyláda",
  "map": "Papírtérkép",
  "syringe.medical": "Orvosi fecskendő",
  "rf_pager": "RF személyhívó",
  "building.planner": "Építési terv",
  "grenade.smoke": "Füstgránát",
  "supply.signal": "Szállítmány Hívójel",
  "surveycharge": "Talajkutató eszköz",
  "wiretool": "Vezeték",
  "vehicle.chassis.2mod": "Kis alváz",
  "vehicle.chassis.3mod": "Közepes alváz",
  "vehicle.chassis.4mod": "Nagy alváz",
  "vehicle.chassis": "Általános jármű alváz",
  "vehicle.1mod.cockpit": "Cockpit Vehicle Module",
  "vehicle.1mod.cockpit.armored": "Páncélozott pilótafülke járműmodul",
  "vehicle.1mod.cockpit.with.engine": "Pilótafülke motoros járműmodullal",
  "vehicle.1mod.engine": "Motor járműmodul",
  "vehicle.1mod.flatbed": "Platós járműmodul",
  "vehicle.1mod.passengers.armored": "Páncélos utasfülke ",
  "vehicle.1mod.rear.seats": "Rear Seats Vehicle Module",
  "vehicle.1mod.storage": "Tároló járművekre",
  "vehicle.1mod.taxi": "Taxi Vehicle Module",
  "vehicle.2mod.flatbed": "Large Flatbed Vehicle Module",
  "vehicle.2mod.fuel.tank": "Üzemanyagtartály",
  "vehicle.2mod.passengers": "Utastér modul",
  "vehicle.module": "Általános járműmodul",
  "telephone": "Telefon\n",
  "weapon.mod.8x.scope": "16x nagyítású távcső",
  "weapon.mod.flashlight": "Fegyver elemlámpa",
  "weapon.mod.holosight": "Holosight",
  "weapon.mod.lasersight": "Fegyver lézerfény",
  "weapon.mod.muzzleboost": "Visszarúgás növelő",
  "weapon.mod.muzzlebrake": "Visszarúgás csökkentő",
  "weapon.mod.simplesight": "Egyszerű kézzel készített célzóka",
  "weapon.mod.silencer": "Hangtompító",
  "weapon.mod.small.scope": "8x nagyítású távcső",
  "rifle.ak": "AK-47 gépkarabély",
  "bandage": "Kötszer",
  "grenade.beancan": "Konzervgránát",
  "rifle.bolt": "Egylövetű vadászpuska",
  "bone.club": "Csont bunkósbot",
  "knife.bone": "Csontkés",
  "bow.hunting": "Vadászíj",
  "cakefiveyear": "Születésnapi torta",
  "chainsaw": "Láncfűrész",
  "salvaged.cleaver": "Eszkábált fejsze",
  "bow.compound": "Csörlős Íj",
  "crossbow": "Számszeríj",
  "shotgun.double": "Duplacsövű sörétes puska",
  "pistol.eoka": "Összetákolt pisztoly",
  "grenade.f1": "F1 gránát",
  "flamethrower": "Lángszóró",
  "multiplegrenadelauncher": "Több funkciós gránátvető",
  "knife.butcher": "Bárd",
  "pitchfork": "Vasvilla",
  "sickle": "Sarló",
  "hammer": "Kalapács",
  "hatchet": "Balta",
  "knife.combat": "Harci Kés",
  "rifle.l96": "L96 puska",
  "rifle.lr300": "LR-300 gépkarabély",
  "lmg.m249": "M249",
  "rifle.m39": "M39 puska",
  "pistol.m92": "M92 pisztoly",
  "mace": "Buzogány",
  "machete": "Macséta",
  "smg.mp5": "MP5A4",
  "pistol.nailgun": "Szögbelövő",
  "paddle": "Evező",
  "pickaxe": "Csákány",
  "shotgun.waterpipe": "Vízipisztoly",
  "pistol.python": "Python revolver",
  "pistol.revolver": "Revolver",
  "rock": "Kődarab",
  "rocket.launcher": "Rakétavétő",
  "axe.salvaged": "Eszkábált balta",
  "hammer.salvaged": "Eszkábált kalapács",
  "icepick.salvaged": "Eszkábált jégcsákány",
  "explosive.satchel": "Eszkábált robbanótöltet",
  "shotgun.pump": "Sörétes puska",
  "pistol.semiauto": "Félautomata pisztoly",
  "rifle.semiauto": "Félautomata puska",
  "smg.2": "Egyedi gépfegyver",
  "shotgun.spas12": "Spas-12 sörétes puska",
  "stonehatchet": "Kőbalta",
  "stone.pickaxe": "Kőcsákány",
  "spear.stone": "Kőlándzsa",
  "longsword": "Hosszúkard",
  "salvaged.sword": "Eszkábált kard",
  "smg.thompson": "Thompson",
  "toolgun": "Garry's Mod Tool Gun",
  "torch": "Fáklya",
  "bucket.water": "Vizesvödör",
  "spear.wooden": "Falándzsa",
  "horse.armor.roadsign": "Útjelző tábla ló páncél",
  "horse.armor.wood": "Fa ló páncél",
  "horse.saddle": "Ló nyereg",
  "horse.saddlebag": "Nyereg táska",
  "horse.shoes.advanced": "Magas minőségű lócipők",
  "horse.shoes.basic": "Alapvető lócipők"
}