{
  "hat.wolf": "Шапка из волка",
  "fogmachine": "Фоггер-3000",
  "strobelight": "Стробоскопическая лампа",
  "kayak": "Каяк",
  "rhib": "RHIB",
  "rowboat": "Лодка",
  "minihelicopter.repair": "Ремкомплект для коптера",
  "aiming.module.mlrs": "Модуль целеуказания РСЗО",
  "mlrs": "РСЗО",
  "ammo.rocket.mlrs": "Ракета РСЗО",
  "scraptransportheli.repair": "ScrapTransportHeliRepair",
  "snowmobile": "Снегоход",
  "snowmobiletomaha": "Снегоход Tomaha",
  "submarineduo": "Подводная лодка «Дуэт»",
  "submarinesolo": "Подводная лодка «Соло»",
  "locomotive": "Локомотив",
  "wagon": "Вагон",
  "workcart": "Рабочая вагонетка",
  "ammo.grenadelauncher.buckshot": "40-мм картечь",
  "ammo.grenadelauncher.he": "40-мм фугасная граната",
  "ammo.grenadelauncher.smoke": "40-мм дымовая граната",
  "arrow.hv": "Скорострельная Стрела",
  "arrow.wooden": "Деревянная стрела",
  "arrow.bone": "Костяная стрела",
  "arrow.fire": "Огненная стрела",
  "ammo.handmade.shell": "Самодельный патрон",
  "ammo.nailgun.nails": "Гвозди",
  "ammo.pistol": "Пистолетный патрон",
  "ammo.pistol.fire": "Зажигательная пуля для пистолета",
  "ammo.pistol.hv": "Пистолетный патрон (скоростной)",
  "ammo.rifle": "Патроны 5.56-мм",
  "ammo.rifle.explosive": "Патрон 5.56-мм (разрывной)",
  "ammo.rifle.incendiary": "Патрон 5.56-мм (зажигательный)",
  "ammo.rifle.hv": "Патрон 5.56-мм (скоростной)",
  "ammo.rocket.basic": "Ракета",
  "ammo.rocket.fire": "Зажигательная ракета",
  "ammo.rocket.hv": "Скоростная ракета",
  "ammo.rocket.smoke": "Дымовая ракета В РАЗРАБОТКЕ!!!!",
  "ammo.shotgun": "Дробь 12-го калибра",
  "ammo.shotgun.fire": "Зажигательный снаряд 12 калибра",
  "ammo.shotgun.slug": "Пуля 12-го калибра",
  "speargun.spear": "Гарпун",
  "submarine.torpedo.straight": "Торпеда",
  "door.double.hinged.metal": "Двойная металлическая дверь",
  "door.double.hinged.toptier": "Двойная бронированная дверь",
  "door.double.hinged.wood": "Двойная деревянная дверь",
  "door.hinged.metal": "Дверь из листового металла",
  "door.hinged.toptier": "Бронированная дверь",
  "door.hinged.wood": "Деревянная дверь",
  "floor.grill": "Решётчатый настил",
  "floor.ladder.hatch": "Лестничный люк",
  "floor.triangle.grill": "Треугольный решётчатый настил",
  "floor.triangle.ladder.hatch": "Треугольный люк",
  "gates.external.high.stone": "Высокие внешние каменные ворота",
  "gates.external.high.wood": "Высокие внешние деревянные ворота",
  "ladder.wooden.wall": "Деревянная лестница",
  "wall.external.high.stone": "Высокая внешняя каменная стена",
  "wall.external.high": "Высокая внешняя деревянная стена ",
  "wall.frame.cell.gate": "Тюремная дверь",
  "wall.frame.cell": "Тюремная решётка",
  "wall.frame.fence.gate": "Сетчатая дверь",
  "wall.frame.fence": "Сетчатый забор",
  "wall.frame.garagedoor": "Гаражная дверь",
  "wall.frame.netting": "Сетка",
  "wall.frame.shopfront": "Витрина магазина",
  "wall.frame.shopfront.metal": "Металлическая витрина магазина",
  "wall.window.bars.metal": "Металлические оконные решётки",
  "wall.window.bars.toptier": "Укреплённое стеклянное окно",
  "wall.window.bars.wood": "Деревянные решетки",
  "shutter.metal.embrasure.a": "Металлическая горизонтальная бойница",
  "shutter.metal.embrasure.b": "Металлическая вертикальная бойница",
  "wall.window.glass.reinforced": "Усиленное стеклянное окно",
  "shutter.wood.a": "Деревянные ставни",
  "watchtower.wood": "Смотровая вышка",
  "diving.fins": "Ласты для дайвинга",
  "diving.mask": "Подводная маска",
  "diving.tank": "Баллон с воздухом",
  "diving.wetsuit": "Гидрокостюм",
  "boots.frog": "Сапоги-лягушки",
  "barrelcostume": "Костюм бочки",
  "cratecostume": "Ящик-костюм",
  "hat.gas.mask": "Противогаз",
  "burlap.gloves.new": "Перчатки из мешковины",
  "burlap.gloves": "Кожаные перчатки",
  "roadsign.gloves": "Перчатки из дорожных знаков",
  "tactical.gloves": "Тактические перчатки",
  "ghostsheet": "Костюм призрака",
  "halloween.mummysuit": "Костюм мумии",
  "scarecrow.suit": "Костюм чучела",
  "scarecrowhead": "Повязка чучела",
  "metal.facemask.hockey": "Хоккейная маска",
  "attire.hide.helterneck": "Нагрудная повязка",
  "hat.beenie": "Вязаная шапочка",
  "hat.boonie": "Панама",
  "bucket.helmet": "Шлем из ведра",
  "burlap.headwrap": "Повязка из мешковины",
  "hat.candle": "Шляпа со свечой",
  "hat.cap": "Кепка",
  "clatter.helmet": "Шлем Clatter",
  "coffeecan.helmet": "Шлем из кофейной банки",
  "deer.skull.mask": "Костяной шлем",
  "heavy.plate.helmet": "Тяжёлый пуленепробиваемый шлем",
  "hat.miner": "Фуражка шахтёра",
  "partyhat": "Праздничный колпак",
  "riot.helmet": "Шлем бунтаря",
  "wood.armor.helmet": "Деревянный шлем",
  "hoodie": "Толстовка с капюшоном",
  "bone.armor.suit": "Костяная броня",
  "heavy.plate.jacket": "Тяжёлый латный нагрудник",
  "jacket.snow": "Зимняя куртка",
  "jacket": "Куртка",
  "wood.armor.jacket": "Деревянный нагрудник",
  "lumberjack hoodie": "Толстовка дровосека",
  "mask.balaclava": "Балаклава",
  "mask.bandana": "Бандана",
  "metal.facemask": "Железная маска",
  "nightvisiongoggles": "Очки ночного видения",
  "attire.ninja.suit": "Костюм ниндзи",
  "burlap.trousers": "Штаны из мешковины",
  "heavy.plate.pants": "Тяжёлые пуленепробиваемые поножи",
  "attire.hide.pants": "Штаны из шкуры",
  "roadsign.kilt": "Килт из дорожных знаков",
  "pants.shorts": "Шорты",
  "wood.armor.pants": "Деревянные щитки",
  "pants": "Штаны",
  "attire.hide.poncho": "Пончо",
  "burlap.shirt": "Рубашка из мешковины",
  "shirt.collared": "Рубашка",
  "attire.hide.vest": "Жилет из шкуры",
  "shirt.tanktop": "Майка",
  "shoes.boots": "Ботинки",
  "burlap.shoes": "Обувь из мешковины",
  "attire.hide.boots": "Сапоги из шкуры",
  "attire.hide.skirt": "Юбка из шкуры",
  "attire.banditguard": "Одежда бандита-охранника",
  "hazmatsuit.arcticsuit": "Арктический набор",
  "hazmatsuit": "Антирадиационный костюм",
  "hazmatsuit.lumberjack": "Костюм лесоруба",
  "hazmatsuit.nomadsuit": "Костюм кочевника",
  "hazmatsuit_scientist": "Костюм учёного",
  "hazmatsuit_scientist_arctic": "Костюм арктического ученого",
  "hazmatsuit_scientist_peacekeeper": "Костюм учёного",
  "hazmatsuit.spacesuit": "Скафандр",
  "scientistsuit_heavy": "Бронированный костюм",
  "jumpsuit.suit.blue": "Синий комбинезон",
  "jumpsuit.suit": "Комбинезон",
  "tshirt.long": "Водолазка",
  "tshirt": "Футболка",
  "metal.plate.torso": "Металлический нагрудник",
  "roadsign.jacket": "Броня из дорожных знаков",
  "bleach": "Отбеливатель",
  "ducttape": "Скотч",
  "carburetor1": "Карбюратор низкого качества",
  "carburetor2": "Карбюратор среднего качества",
  "carburetor3": "Карбюратор высокого качества",
  "crankshaft1": "Коленчатый вал низкого качества",
  "crankshaft2": "Коленчатый вал среднего качества",
  "crankshaft3": "Коленчатый вал высокого качества",
  "piston1": "Поршни низкого качества",
  "piston2": "Поршни среднего качества",
  "piston3": "Поршни высокого качества",
  "sparkplug1": "Свеча зажигания низкого качества",
  "sparkplug2": "Свеча зажигания среднего качества",
  "sparkplug3": "Свеча зажигания высокого качества",
  "valve1": "Клапаны низкого качества",
  "valve2": "Клапаны среднего качества",
  "valve3": "Клапаны высокого качества",
  "fuse": "Электрический предохранитель",
  "gears": "Шестерни",
  "glue": "Клей",
  "metalblade": "Металлическое лезвие",
  "metalpipe": "Металлическая труба",
  "propanetank": "Пропановый баллон",
  "roadsigns": "Дорожные знаки",
  "rope": "Верёвка",
  "sewingkit": "Набор для шитья",
  "sheetmetal": "Листовой металл",
  "metalspring": "Металлическая пружина",
  "sticks": "Палочки",
  "tarp": "Брезент",
  "techparts": "Старые микросхемы",
  "riflebody": "Корпус винтовки",
  "semibody": "Корпус полуавтомата",
  "smgbody": "Корпус пистолет-пулемёта",
  "barricade.concrete": "Бетонная баррикада",
  "barricade.wood.cover": "Деревянное укрытие",
  "barricade.metal": "Металлическая баррикада",
  "barricade.sandbags": "Мешки с песком",
  "barricade.stone": "Каменная баррикада",
  "barricade.wood": "Деревянная баррикада",
  "barricade.woodwire": "Колючая деревянная баррикада",
  "bbq": "Барбекю",
  "trap.bear": "Капкан",
  "bed": "Кровать",
  "campfire": "Костёр",
  "cardtable": "Карточный стол",
  "ceilinglight": "Потолочный светильник",
  "chair": "Стул",
  "composter": "Компостер",
  "computerstation": "Компьютерная станция",
  "drone": "Дрон",
  "dropbox": "Ящик для хранения",
  "elevator": "Лифт",
  "fireplace.stone": "Камин",
  "firework.boomer.blue": "Синий фейерверк",
  "firework.boomer.champagne": "Фейерверк Брызги шампанского",
  "firework.boomer.green": "Зелёный фейерверк",
  "firework.boomer.orange": "Оранжевый фейерверк",
  "firework.boomer.pattern": "Фейерверк (настраиваемый)",
  "firework.boomer.red": "Красный фейерверк",
  "firework.boomer.violet": "Фиолетовый фейерверк",
  "firework.romancandle.blue": "Римская свеча (синяя)",
  "firework.romancandle.green": "Римская свеча (зелёная)",
  "firework.romancandle.red": "Римская свеча (красная)",
  "firework.romancandle.violet": "Римская свеча (фиолетовая)",
  "firework.volcano": "Фейерверк «Белый вулкан»",
  "firework.volcano.red": "Фейерверк «Красный вулкан»",
  "firework.volcano.violet": "Фейерверк «Фиолетовый вулкан»",
  "spikes.floor": "Деревянные колья",
  "frankensteintable": "Стол Франкенштейна",
  "fridge": "Холодильник",
  "furnace.large": "Большая печь",
  "furnace": "Печь",
  "hitchtroughcombo": "Коновязь и кормушка",
  "habrepair": "Ремонт воздушного шара",
  "jackolantern.angry": "Фонарь из тыквы (Злой)",
  "jackolantern.happy": "Фонарь из тыквы (Улыбающийся)",
  "trap.landmine": "Самодельная мина",
  "lantern": "Светильник",
  "box.wooden.large": "Большой деревянный ящик",
  "water.barrel": "Бочка с водой",
  "locker": "Шкаф для переодевания",
  "mailbox": "Почтовый ящик",
  "mixingtable": "Стол для смешивания",
  "modularcarlift": "Подъёмник для транспорта",
  "mining.pumpjack": "Нефтяная вышка",
  "small.oil.refinery": "Малый НПЗ",
  "planter.large": "Большая плантация",
  "planter.small": "Маленькая плантация",
  "electric.audioalarm": "Звуковая сигнализация",
  "smart.alarm": "Умная Сигнализация",
  "smart.switch": "Умный переключатель",
  "storage.monitor": "Счётчик ресурсов",
  "electric.battery.rechargable.large": "Большой аккумулятор",
  "electric.battery.rechargable.medium": "Средний аккумулятор",
  "electric.battery.rechargable.small": "Маленький аккумулятор",
  "electric.button": "Кнопка",
  "electric.counter": "Счётчик",
  "electric.hbhfsensor": "HBHF-датчик",
  "electric.laserdetector": "Лазерный датчик",
  "electric.pressurepad": "Нажимная плита",
  "electric.doorcontroller": "Контроллер двери",
  "electric.heater": "Электрический обогреватель",
  "fluid.combiner": "Соединитель жидкости",
  "fluid.splitter": "Жидкостный разделитель",
  "fluid.switch": "Циркуляционный насос",
  "electric.andswitch": "Переключатель \"И\"",
  "electric.blocker": "Блокатор",
  "electrical.branch": "Электрический разветвитель",
  "electrical.combiner": "Комбинатор питания",
  "electrical.memorycell": "Ячейка памяти",
  "electric.orswitch": "Переключатель \"ИЛИ\"",
  "electric.random.switch": "RAND-переключатель",
  "electric.rf.broadcaster": "Радиопередатчик",
  "electric.rf.receiver": "Радиоприёмник",
  "electric.xorswitch": "Переключатель \"Исключающее ИЛИ\"",
  "electric.fuelgenerator.small": "Малый генератор",
  "electric.solarpanel.large": "Большая солнечная панель",
  "electric.igniter": "Воспламенитель",
  "electric.flasherlight": "Мигалка",
  "electric.simplelight": "Простая лампа",
  "electric.sirenlight": "Сирена",
  "powered.water.purifier": "Электроочиститель воды",
  "electric.switch": "Переключатель",
  "electric.splitter": "Разветвитель",
  "electric.sprinkler": "Разбрызгиватель ",
  "electric.teslacoil": "Катушка Тесла",
  "electric.timer": "Таймер",
  "electric.cabletunnel": "Гофра для кабеля",
  "waterpump": "Водяной насос",
  "mining.quarry": "Горнорудный карьер",
  "target.reactive": "Тренировочная мишень",
  "box.repair.bench": "Ремонтный верстак",
  "research.table": "Стол для исследований",
  "rug.bear": "Ковёр из медвежьей шкуры",
  "rug": "Ковёр",
  "searchlight": "Поисковый фонарь",
  "secretlabchair": "Игровое кресло SecretLab",
  "shelves": "Самодельные полки",
  "sign.hanging.banner.large": "Большой флаг (Настенный)",
  "sign.hanging": "Двухсторонняя вывеска",
  "sign.hanging.ornate": "Двухсторонняя вывеска с орнаментом",
  "sign.pictureframe.landscape": "Картина в рамке (Маленькая)",
  "sign.pictureframe.portrait": "Рамка (Средняя)",
  "sign.pictureframe.tall": "Рамка (Высокая)",
  "sign.pictureframe.xl": "Картина в рамке (Большая)",
  "sign.pictureframe.xxl": "Картина в рамке (Огромная)",
  "sign.pole.banner.large": "Большой флаг (На флагштоке)",
  "sign.post.double": "Указатель направления (Двойной)",
  "sign.post.single": "Указатель направления",
  "sign.post.town": "Доска объявлений (Односторонняя)",
  "sign.post.town.roof": "Доска объявлений (Двухсторонняя)",
  "sign.wooden.huge": "Огромная деревянная табличка",
  "sign.wooden.large": "Большая деревянная табличка",
  "sign.wooden.medium": "Средняя деревянная табличка",
  "sign.wooden.small": "Маленькая деревянная табличка",
  "guntrap": "Ловушка с дробовиком",
  "sleepingbag": "Спальный мешок",
  "stash.small": "Маленький тайник",
  "sofa": "Диван",
  "sofa.pattern": "Диван (с узором)",
  "spinner.wheel": "Вращающееся колесо",
  "fishtrap.small": "Рыболовная ловушка",
  "table": "Стол",
  "workbench1": "Верстак первого уровня",
  "workbench2": "Верстак второго уровня",
  "workbench3": "Верстак третьего уровня",
  "cupboard.tool": "Шкаф с инструментами",
  "tunalight": "Настенный светильник из консервной банки",
  "vending.machine": "Торговый автомат",
  "water.catcher.large": "Большой водосборник",
  "water.catcher.small": "Маленький водосборник",
  "water.purifier": "Опреснитель воды",
  "generator.wind.scrap": "Ветрогенератор",
  "box.wooden": "Деревянный ящик",
  "apple": "Яблоко",
  "apple.spoiled": "Гнилое Яблоко",
  "black.raspberries": "Ежевика",
  "blueberries": "Черника",
  "botabag": "Бурдюк",
  "grub": "Личинка",
  "worm": "Червь",
  "cactusflesh": "Плоть кактуса",
  "can.beans": "Банка фасоли",
  "can.tuna": "Банка тунца",
  "chocolate": "Плитка шоколада",
  "fish.anchovy": "Анчоус",
  "fish.catfish": "Сом",
  "fish.cooked": "Приготовленная рыба",
  "fish.raw": "Сырая рыба",
  "fish.herring": "Сельдь",
  "fish.minnows": "Пескари",
  "fish.orangeroughy": "Атлантический большеголов",
  "fish.salmon": "Лосось",
  "fish.sardine": "Сардина",
  "fish.smallshark": "Маленькая акула",
  "fish.troutsmall": "Малая форель",
  "fish.yellowperch": "Жёлтый окунь",
  "granolabar": "Батончик мюсли",
  "chicken.burned": "Сгоревшее куриное мясо",
  "chicken.cooked": "Жареное куриное мясо",
  "chicken.raw": "Сырое куриное мясо",
  "chicken.spoiled": "Испорченное куриное мясо",
  "deermeat.burned": "Сгоревшая оленина",
  "deermeat.cooked": "Приготовленная оленина",
  "deermeat.raw": "Сырая оленина",
  "horsemeat.burned": "Сгоревшая конина",
  "horsemeat.cooked": "Приготовленная конина",
  "horsemeat.raw": "Сырая конина",
  "humanmeat.burned": "Сгоревшее человеческое мясо",
  "humanmeat.cooked": "Приготовленное человеческое мясо",
  "humanmeat.raw": "Сырое человеческое мясо",
  "humanmeat.spoiled": "Испорченное человеческое мясо",
  "bearmeat.burned": "Сгоревшая медвежатина",
  "bearmeat.cooked": "Приготовленная медвежатина",
  "bearmeat": "Сырая медвежатина",
  "wolfmeat.burned": "Сгоревшее волчье мясо",
  "wolfmeat.cooked": "Приготовленное волчье мясо",
  "wolfmeat.raw": "Сырое волчье мясо",
  "wolfmeat.spoiled": "Испорченное волчье мясо",
  "meat.pork.burned": "Сгоревшая свинина",
  "meat.pork.cooked": "Жареная свинина",
  "meat.boar": "Сырая свинина",
  "mushroom": "Гриб",
  "jar.pickle": "Соленья",
  "smallwaterbottle": "Маленькая бутылка с водой",
  "waterjug": "Канистра для воды",
  "fun.bass": "Бас-лопата",
  "fun.cowbell": "Колокольчик",
  "drumkit": "Барабанная установка из хлама",
  "fun.flute": "Пан-флейта",
  "fun.guitar": "Акустическая гитара",
  "fun.jerrycanguitar": "Гитара из канистры",
  "piano": "Рояль на тачке",
  "fun.tambourine": "Бубен",
  "fun.trumpet": "Труба сантехника",
  "fun.tuba": "Сузафон",
  "xylophone": "Ксилофон",
  "door.key": "Дверной ключ",
  "lock.key": "Дверной замок",
  "lock.code": "Кодовый замок",
  "blueprintbase": "Чертёж",
  "chineselantern": "Китайский фонарь",
  "dragondoorknocker": "Дверной молоток \"Дракон\"",
  "hat.dragonmask": "Маска дракона",
  "newyeargong": "Новогодний гонг",
  "hat.oxmask": "Маска быка",
  "hat.ratmask": "Маска крысы",
  "skylantern": "Небесный фонарик",
  "skylantern.skylantern.green": "Небесный фонарь - Зелёный",
  "skylantern.skylantern.orange": "Небесный фонарь - Оранжевый",
  "skylantern.skylantern.purple": "Небесный фонарь - Фиолетовый",
  "skylantern.skylantern.red": "Небесный фонарь - Красный",
  "lunar.firecrackers": "Лента фейерверков",
  "hat.tigermask": "Маска тигра",
  "arcade.machine.chippy": "Игровой автомат Chippy",
  "bluedogtags": "Синий солдатский жетон",
  "dogtagneutral": "Солдатский жетон",
  "reddogtags": "Красный солдатский жетон",
  "door.closer": "Дверной доводчик",
  "attire.bunnyears": "Кроличьи ушки",
  "attire.bunny.onesie": "Костюм кролика",
  "hat.bunnyhat": "Шапка кролика",
  "easterdoorwreath": "Пасхальный венок",
  "easterbasket": "Корзина для яиц",
  "attire.egg.suit": "Костюм-яйцо",
  "rustige_egg_a": "Красное яйцо Фаберже",
  "rustige_egg_b": "Синее яйцо Фабержее",
  "rustige_egg_c": "Фиолетовое яйцо Фаберже",
  "rustige_egg_d": "Яйцо Фаберже - Слоновая Кость",
  "rustige_egg_e": "Зелёное яйцо Фаберже",
  "attire.nesthat": "Шляпа-гнездо",
  "easter.bronzeegg": "Бронзовое яйцо",
  "easter.goldegg": "Золотое яйцо",
  "easter.paintedeggs": "Окрашенное яйцо",
  "easter.silveregg": "Серебряное яйцо",
  "halloween.candy": "Хэллоуинские сладости",
  "largecandles": "Большой набор свечей",
  "smallcandles": "Набор малых свеч",
  "carvable.pumpkin": "Резная тыква",
  "coffin.storage": "Гроб",
  "cursedcauldron": "Проклятый котелок",
  "gravestone": "Надгробие",
  "woodcross": "Деревянный крест",
  "frankensteins.monster.01.head": "Лёгкая голова Франкенштейна",
  "frankensteins.monster.01.legs": "Лёгкие ноги Франкенштейна",
  "frankensteins.monster.01.torso": "Лёгкое туловище Франкенштейна",
  "frankensteins.monster.02.head": "Сбалансированная голова Франкенштейна",
  "frankensteins.monster.02.legs": "Сбалансированные ноги Франкенштейна",
  "frankensteins.monster.02.torso": "Сбалансированное туловище Франкенштейна",
  "frankensteins.monster.03.head": "Тяжёлая голова Франкенштейна",
  "frankensteins.monster.03.legs": "Тяжёлые ноги Франкенштейна ",
  "frankensteins.monster.03.torso": "Тяжёлые ноги Франкенштейна",
  "wall.graveyard.fence": "Кладбищенский забор",
  "halloween.lootbag.large": "Большой мешок с добычей",
  "halloween.lootbag.medium": "Средний мешок с добычей",
  "halloween.lootbag.small": "Маленький мешок с добычей",
  "pumpkinbasket": "Тыквенное ведро",
  "scarecrow": "Пугало",
  "skullspikes.candles": "Черепа на копьях",
  "skullspikes.pumpkin": "Черепа на копьях",
  "skullspikes": "Черепа на копьях",
  "skulldoorknocker": "Дверной молоток «Череп»",
  "skull_fire_pit": "Костёр из черепов",
  "spiderweb": "Паутина",
  "spookyspeaker": "Жуткий громкоговоритель",
  "halloween.surgeonsuit": "Костюм хирурга",
  "skull.trophy.jar": "Трофей с черепом",
  "skull.trophy.jar2": "Трофей с черепом",
  "skull.trophy.table": "Трофей с черепом",
  "skull.trophy": "Трофей с черепом",
  "movembermoustachecard": "Картонные Movember усы",
  "movembermoustache": "Movember-усы",
  "note": "Заметка",
  "factorydoor": "Промышленная дверь",
  "industrial.wall.light.green": "Промышленная лампа (зелёная)",
  "industrial.wall.light": "Промышленная лампа",
  "industrial.wall.light.red": "Промышленная лампа (красная)",
  "skull.human": "Череп человека",
  "abovegroundpool": "Каркасный бассейн",
  "beachchair": "Лежак",
  "beachparasol": "Пляжный зонтик",
  "beachtable": "Пляжный столик",
  "beachtowel": "Пляжное полотенце",
  "boogieboard": "Доска",
  "innertube": "Спасательный круг",
  "innertube.horse": "Спасательный круг",
  "innertube.unicorn": "Спасательный круг",
  "tool.instant_camera": "Полароид",
  "paddlingpool": "Надувной бассейн",
  "photo": "Фотография",
  "photoframe.landscape": "Горизонтальная фоторамка",
  "photoframe.large": "Огромная фоторамка",
  "photoframe.portrait": "Портретная фоторамка",
  "sunglasses02black": "Солнцезащитные очки",
  "sunglasses02camo": "Солнцезащитные очки",
  "sunglasses02red": "Солнцезащитные очки",
  "sunglasses03black": "Солнцезащитные очки",
  "sunglasses03chrome": "Солнцезащитные очки",
  "sunglasses03gold": "Солнцезащитные очки",
  "sunglasses": "Солнцезащитные очки",
  "gun.water": "Водяное ружьё",
  "pistol.water": "Водяной пистолет",
  "trophy": "Трофей Twitch Rivals",
  "twitchsunglasses": "Фиолетовые солнцезащитные очки",
  "twitch.headset": "Наушники",
  "hobobarrel": "Бочка-костёр",
  "door.hinged.industrial.a": "Промышленная дверь",
  "xmas.advent": "Рождественский Календарь",
  "candycaneclub": "Леденец-дубинка",
  "xmas.lightstring": "Рождественская гирлянда",
  "xmas.door.garland": "Праздничная дверная гирлянда",
  "xmas.double.door.garland": "Двойная дверная гирлянда",
  "candycane": "Карамельная палочка",
  "giantcandycanedecor": "Огромный декоративный леденец",
  "wall.ice.wall": "Короткая ледяная стена",
  "wall.external.high.ice": "Высокая ледяная стена",
  "giantlollipops": "Гигантские декоративные леденцы на палочке",
  "sign.neon.125x125": "Неоновая табличка (маленькая)",
  "sign.neon.125x215.animated": "Средняя анимированная табличка",
  "sign.neon.125x215": "Неоновая табличка (средняя)",
  "sign.neon.xl.animated": "Большая анимированная неоновая табличка",
  "sign.neon.xl": "Неоновая табличка (большая)",
  "pookie.bear": "Медведь Пуки",
  "xmas.lightstring.advanced": "Роскошная Рождественская гирлянда",
  "coal": "Уголь :(",
  "xmas.present.large": "Большой подарок",
  "xmas.present.medium": "Средний подарок",
  "xmas.present.small": "Маленький подарок",
  "sled.xmas": "Санки",
  "sled": "Санки",
  "snowmachine": "Генератор снега",
  "snowball": "Снежок",
  "snowballgun": "Снежкомёт",
  "snowman": "Снеговик",
  "stocking.large": "Большой носок",
  "stocking.small": "Маленький носок",
  "gingerbreadsuit": "Пряничный костюм",
  "attire.reindeer.headband": "Оленьи рога",
  "santabeard": "Борода Санты",
  "santahat": "Шапка Санты",
  "attire.snowman.helmet": "Шлем снеговика",
  "xmas.window.garland": "Праздничная оконная гирлянда",
  "wrappedgift": "Завернутый подарок",
  "wrappingpaper": "Обёрточная бумага",
  "xmasdoorwreath": "Рождественский венок",
  "xmas.decoration.baubels": "Декоративные ёлочные игрушки",
  "xmas.decoration.candycanes": "Декоративная карамельная трость",
  "xmas.decoration.gingerbreadmen": "Декоративный пряничный человечек",
  "xmas.decoration.lights": "Ёлочная гирлянда",
  "xmas.decoration.pinecone": "Декоративные шишки",
  "xmas.decoration.star": "Ёлочная звезда",
  "xmas.decoration.tinsel": "Декоративная мишура",
  "xmas.tree": "Рождественская ёлка",
  "captainslog": "Журнал капитана",
  "fishing.tackle": "Рыболовная снасть",
  "bottle.vodka": "Бутылка водки",
  "autoturret": "Автоматическая турель",
  "flameturret": "Огнемётная турель",
  "gloweyes": "Светящиеся глаза",
  "ammo.rocket.sam": "Зенитная управляемая ракета",
  "samsite": "Зенитная турель",
  "black.berry": "Чёрный ягод",
  "clone.black.berry": "Клон чёрной ягоды",
  "seed.black.berry": "Семена чёрной ягоды",
  "blue.berry": "Синий ягод",
  "clone.blue.berry": "Клон синей ягоды",
  "seed.blue.berry": "Семена голубой ягоды",
  "green.berry": "Зелёные ягоды",
  "clone.green.berry": "Клон зелёной ягоды",
  "seed.green.berry": "Семена зелёной ягоды",
  "red.berry": "Красные ягоды",
  "clone.red.berry": "Клон красной ягоды",
  "seed.red.berry": "Семена красной ягоды",
  "white.berry": "Белые ягоды",
  "clone.white.berry": "Клон белой ягоды",
  "seed.white.berry": "Семена белой ягоды",
  "yellow.berry": "Жёлтые ягоды",
  "clone.yellow.berry": "Клон жёлтой ягоды",
  "seed.yellow.berry": "Семена жёлтой ягоды",
  "corn": "Кукуруза",
  "clone.corn": "Клон кукурузы",
  "seed.corn": "Семена кукурузы",
  "clone.hemp": "Клон конопли",
  "seed.hemp": "Семена конопли",
  "potato": "Картофель",
  "clone.potato": "Клон картофеля ",
  "seed.potato": "Семя картофеля",
  "pumpkin": "Тыква",
  "clone.pumpkin": "Клон тыквы",
  "seed.pumpkin": "Семена тыквы",
  "fat.animal": "Животный жир",
  "battery.small": "Аккумулятор - маленький",
  "blood": "Кровь",
  "bone.fragments": "Обломки костей",
  "cctv.camera": "Камера видеонаблюдения",
  "charcoal": "Уголь",
  "cloth": "Ткань",
  "crude.oil": "Сырая нефть",
  "diesel_barrel": "Дизельное топливо",
  "can.beans.empty": "Пустая банка из-под фасоли",
  "can.tuna.empty": "Пустая банка из-под тунца",
  "explosives": "Взрывчатое вещество",
  "fertilizer": "Удобрение",
  "gunpowder": "Порох",
  "horsedung": "Конский навоз",
  "hq.metal.ore": "Высококачественная железная руда",
  "metal.refined": "Металл высокого качества",
  "leather": "Кожа",
  "lowgradefuel": "Топливо низкого качества",
  "metal.fragments": "Фрагменты металла",
  "metal.ore": "Железная руда",
  "paper": "Бумага",
  "plantfiber": "Растительные Волокна",
  "researchpaper": "Бумага для исследования",
  "water.salt": "Солёная вода",
  "scrap": "Металлолом",
  "stones": "Камни",
  "sulfur.ore": "Серная руда",
  "sulfur": "Сера",
  "targeting.computer": "Компьютер наведения",
  "water": "Вода",
  "skull.wolf": "Череп волка",
  "wood": "Дерево",
  "healingtea.advanced": "Продвинутый целебный чай",
  "healingtea": "Простой целебный чай",
  "healingtea.pure": "Чистый целебный чай",
  "maxhealthtea.advanced": "Продвинутый чай на макс. здоровье",
  "maxhealthtea": "Простой чай на макс. здоровье",
  "maxhealthtea.pure": "Чистый чай на макс. здоровье",
  "oretea.advanced": "Продвинутый рудный чай",
  "oretea": "Простой рудный чай",
  "oretea.pure": "Чистый рудный чай",
  "radiationremovetea.advanced": "Продвинутый чай от радиации",
  "radiationremovetea": "Убирающий Радиацию Чай",
  "radiationremovetea.pure": "Чистый чай от радиации",
  "radiationresisttea.advanced": "Продвинутый антирадиационный чай",
  "radiationresisttea": "Антирадиационный чай",
  "radiationresisttea.pure": "Чистый антирадиационный чай",
  "scraptea.advanced": "Продвинутый чай на металлолом",
  "scraptea": "Простой чай на металлолом",
  "scraptea.pure": "Чистый чай на металлолом",
  "woodtea.advanced": "Продвинутый древесный чай",
  "woodtea": "Простой чай на дерево",
  "woodtea.pure": "Чистый древесный чай",
  "antiradpills": "Противорадиационные таблетки",
  "tool.binoculars": "Бинокль",
  "explosive.timed": "Взрывчатка с таймером",
  "tool.camera": "Фотоаппарат",
  "rf.detonator": "Дистанционный пульт",
  "fishingrod.handmade": "Самодельная удочка",
  "flare": "Сигнальная шашка",
  "flashlight.held": "Фонарик",
  "geiger.counter": "Счётчик Гейгера",
  "hosetool": "Шланг",
  "jackhammer": "Отбойный молоток",
  "keycard_blue": "Синяя карта доступа",
  "keycard_green": "Зелёная карта доступа",
  "keycard_red": "Красная карта доступа",
  "largemedkit": "Большая аптечка",
  "concretehatchet": "Бетонный топор",
  "concretepickaxe": "Бетонная кирка",
  "lumberjack.hatchet": "Топор-прототип",
  "lumberjack.pickaxe": "Кирка-прототип",
  "map": "Бумажная карта",
  "syringe.medical": "Медицинский шприц",
  "rf_pager": "Пейджер",
  "building.planner": "План постройки",
  "grenade.smoke": "Дымовая граната",
  "spraycan": "Баллончик",
  "spraycandecal": "Рисунок для баллончика",
  "supply.signal": "Сигнальная граната",
  "surveycharge": "Геологический заряд",
  "wiretool": "Провод",
  "vehicle.chassis.2mod": "Маленькое шасси",
  "vehicle.chassis.3mod": "Среднее шасси",
  "vehicle.chassis.4mod": "Большое шасси",
  "vehicle.chassis": "Базовое шасси",
  "vehicle.1mod.cockpit": "Модуль кабины транспорта",
  "vehicle.1mod.cockpit.armored": "Бронированный модуль",
  "vehicle.1mod.cockpit.with.engine": "Кабина с двигателем",
  "vehicle.1mod.engine": "Модуль двигателя транспорта",
  "vehicle.1mod.flatbed": "Модуль двигателя автомобиля",
  "vehicle.1mod.passengers.armored": "Бронированный пассажирский модуль",
  "vehicle.1mod.rear.seats": "Модуль задних сидений",
  "vehicle.1mod.storage": "Пассажирский модуль",
  "vehicle.1mod.taxi": "Модуль такси",
  "vehicle.2mod.camper": "Модуль автофургона",
  "vehicle.2mod.flatbed": "Модуль для Большого Грузовика",
  "vehicle.2mod.fuel.tank": "Топливный бак",
  "vehicle.2mod.passengers": "Пассажирский модуль",
  "vehicle.module": "Базовый модуль транспорта",
  "boombox": "Музыкальный центр",
  "fun.boomboxportable": "Кассетный магнитофон",
  "cassette": "Кассета - Длинная",
  "cassette.medium": "Кассета - Средняя",
  "cassette.short": "Кассета - Короткая",
  "fun.casetterecorder": "Кассетный диктофон",
  "discoball": "Диско-шар",
  "discofloor": "Диско-танцпол",
  "discofloor.largetiles": "Диско-танцпол",
  "connected.speaker": "Уличный громкоговоритель",
  "laserlight": "Лазерный проектор",
  "megaphone": "Мегафон",
  "microphonestand": "Микрофонная стойка",
  "mobilephone": "Мобильный телефон",
  "soundlight": "Музыкальная лампа",
  "telephone": "Телефон",
  "weapon.mod.8x.scope": "Прицел 16х",
  "weapon.mod.burstmodule": "Модуль очередной стрельбы",
  "weapon.mod.extendedmags": "Расширенный магазин",
  "weapon.mod.flashlight": "Оружейный фонарик",
  "weapon.mod.holosight": "Голографический прицел",
  "weapon.mod.lasersight": "Лазерный прицел",
  "weapon.mod.muzzleboost": "Дульный ускоритель",
  "weapon.mod.muzzlebrake": "Дульный тормоз",
  "weapon.mod.simplesight": "Простой самодельный прицел",
  "weapon.mod.silencer": "Глушитель",
  "weapon.mod.small.scope": "Прицел 8х",
  "rifle.ak": "Штурмовая винтовка",
  "rifle.ak.ice": "Штурмовая винтовка - ЛЁД",
  "bandage": "Бинт",
  "grenade.beancan": "Бобовая граната",
  "rifle.bolt": "Винтовка",
  "bone.club": "Костяная дубина",
  "knife.bone": "Костяной нож",
  "bow.hunting": "Охотничий лук",
  "cakefiveyear": "Праздничный торт",
  "chainsaw": "Бензопила",
  "salvaged.cleaver": "Самодельный тесак",
  "bow.compound": "Композитный лук",
  "crossbow": "Арбалет",
  "shotgun.double": "Двуствольный дробовик",
  "pistol.eoka": "Самодельный пистолет",
  "grenade.f1": "Граната F1",
  "flamethrower": "Огнемёт",
  "grenade.flashbang": "Светошумовая Граната",
  "pistol.prototype17": "Прототип-17",
  "multiplegrenadelauncher": "Многозарядный гранатомёт",
  "mace.baseballbat": "Бейсбольная бита",
  "knife.butcher": "Нож мясника",
  "pitchfork": "Вилы",
  "sickle": "Серп",
  "torch.torch.skull": "Факел оленя-сектанта",
  "skull": "Череп",
  "hammer": "Киянка",
  "hatchet": "Топор",
  "hmlmg": "Самодельный Ручной Пулемёт",
  "knife.combat": "Боевой нож",
  "rifle.l96": "Винтовка L96",
  "rifle.lr300": "Штурмовая винтовка LR-300",
  "lmg.m249": "Пулемёт М249",
  "rifle.m39": "Винтовка M39",
  "pistol.m92": "М92 Беретта",
  "mace": "Булава",
  "machete": "Мачете",
  "grenade.molotov": "Коктейль Молотова",
  "smg.mp5": "MP5A4",
  "pistol.nailgun": "Гвоздомёт",
  "paddle": "Весло",
  "pickaxe": "Кирка",
  "shotgun.waterpipe": "Самодельный дробовик",
  "pistol.python": "Револьвер Питон",
  "pistol.revolver": "Револьвер",
  "rock": "Камень",
  "rocket.launcher": "Ракетница",
  "axe.salvaged": "Самодельный топор",
  "hammer.salvaged": "Самодельный молот",
  "icepick.salvaged": "Самодельный ледоруб",
  "explosive.satchel": "Связка бобовых гранат",
  "shotgun.pump": "Помповый дробовик",
  "pistol.semiauto": "Полуавтоматический пистолет",
  "rifle.semiauto": "Полуавтоматическая винтовка",
  "smg.2": "Самодельный пистолет-пулемет",
  "shotgun.spas12": "Дробовик Spas-12",
  "speargun": "Подводное ружьё",
  "stonehatchet": "Каменный топор",
  "stone.pickaxe": "Каменная кирка",
  "spear.stone": "Каменное копье",
  "longsword": "Длинный меч",
  "salvaged.sword": "Самодельный меч",
  "smg.thompson": "Пистолет-пулемет Томпсона",
  "toolgun": "Инструмент из Garry's Mod",
  "torch": "Факел",
  "bucket.water": "Ведро воды",
  "spear.wooden": "Деревянное копье",
  "horse.armor.roadsign": "Конная броня из дорожных знаков",
  "horse.armor.wood": "Конная броня из дерева",
  "horse.saddle": "Седло для лошади",
  "horse.saddlebag": "Седельная сумка",
  "horse.shoes.advanced": "Подковы высокого качества",
  "horse.shoes.basic": "Обычные подковы"
}