{
  "hat.wolf": "Wolf Hoofbedekking",
  "fogmachine": "Fogger-3000",
  "strobelight": "Strobe lig ",
  "kayak": "Kajak ",
  "minihelicopter.repair": "Hab herstel",
  "scraptransportheli.repair": "Knipsel vervoer helikopter herstel",
  "submarineduo": "Duo Submarine",
  "submarinesolo": "Solo Submarine",
  "workcart": "Work Cart",
  "ammo.grenadelauncher.buckshot": "40mm haelgeweer rondtes",
  "ammo.grenadelauncher.he": "40mm HE Handgrenaat",
  "ammo.grenadelauncher.smoke": "40mm Rook Handgranaat",
  "arrow.hv": "Hoë Snelheid vuurpyl",
  "arrow.wooden": "Hout pyl",
  "arrow.bone": "Beenpyl",
  "arrow.fire": "Vuurpyl",
  "ammo.handmade.shell": "Handgemaakte Koeël",
  "ammo.nailgun.nails": "Spyker Nagels",
  "ammo.pistol": "Pistool Koeël",
  "ammo.pistol.fire": "Brandstigtende Pistool Koeël",
  "ammo.pistol.hv": "HS pistoolammunisie",
  "ammo.rifle": "5.56 Geweerammunisie",
  "ammo.rifle.explosive": "Plofbare 5.56 Roer Ammunisie",
  "ammo.rifle.incendiary": "Brandstigtende 5.56 Roer Ammunisie",
  "ammo.rifle.hv": "HS 5.56 Geweerammunisie",
  "ammo.rocket.basic": "Vuurpyl",
  "ammo.rocket.fire": "Brandstigtende Vuurpyl",
  "ammo.rocket.hv": "Hoë-snelheid vuurpyl",
  "ammo.rocket.smoke": "Rook vuurpyl WIP!!!!",
  "ammo.shotgun": "12 Boor-dikte Bokskoot Koeël",
  "ammo.shotgun.fire": "12 Gauge Incendiary Shell",
  "ammo.shotgun.slug": "12 Boor-dikte Koeël",
  "speargun.spear": "Speargun Spear",
  "submarine.torpedo.straight": "Torpedo",
  "door.double.hinged.metal": "Plaat Dubbel Deur",
  "door.double.hinged.toptier": "Gepantserde Dubbel Deur",
  "door.double.hinged.wood": "Hout Dubbel Deur",
  "door.hinged.metal": "Plaat Metaal Deur",
  "door.hinged.toptier": "Gepantserde Deur",
  "door.hinged.wood": "Hout Deur",
  "floor.grill": "'N vloer rooster",
  "floor.ladder.hatch": "Leer Skuif",
  "floor.triangle.grill": "Vloer driehoek rooster",
  "floor.triangle.ladder.hatch": "Driehoek Ladder Hatch ",
  "gates.external.high.stone": "Hoë Eksterne Klip Hek",
  "gates.external.high.wood": "Hoë Eksterne Hout Hek",
  "ladder.wooden.wall": "Houtleer",
  "wall.external.high.stone": "Hoë Eksterne Steen Muur",
  "wall.external.high": "Hoë Eksterne Hout Muur",
  "wall.frame.cell.gate": "Tronksel Hek",
  "wall.frame.cell": "Tronksel Muur",
  "wall.frame.fence.gate": "Draad heining hek",
  "wall.frame.fence": "Draad heining",
  "wall.frame.garagedoor": "Motorhuisdeur ",
  "wall.frame.netting": "Netting",
  "wall.frame.shopfront": "Winkelfront",
  "wall.frame.shopfront.metal": "Metaalwinkelfront ",
  "wall.window.bars.metal": "Metaalvensterstawe ",
  "wall.window.bars.toptier": "Reinforced Glass Window",
  "wall.window.bars.wood": "Hout Venster Drinkplekke",
  "shutter.metal.embrasure.a": "Horisontale metaal vuurgleuf",
  "shutter.metal.embrasure.b": "Vertikale metaal vuurgleuf",
  "wall.window.glass.reinforced": "Strengthened Glass Window",
  "shutter.wood.a": "Hout Blinders",
  "watchtower.wood": "Watch Tower",
  "diving.fins": "Duikvinne",
  "diving.mask": "Duikmasker",
  "diving.tank": "Duik tenk",
  "diving.wetsuit": "exciting",
  "boots.frog": "Kikker Stewels",
  "barrelcostume": "'N Barrel Kostuum",
  "cratecostume": "Krat kostuum",
  "hat.gas.mask": "Gas Mask",
  "burlap.gloves.new": "Jute handskoene",
  "burlap.gloves": "Leer handskoene ",
  "roadsign.gloves": "Roadsign-handskoene ",
  "tactical.gloves": "Taktiese handskoene ",
  "ghostsheet": "Spookkostuum",
  "halloween.mummysuit": "Mammie pak ",
  "scarecrow.suit": "Vogelverschrikkerpak ",
  "scarecrowhead": "Scarecrow Wrap ",
  "attire.hide.helterneck": "Leer Halterneck",
  "hat.beenie": "Beanie Hoed",
  "hat.boonie": "Boonie Hoed",
  "bucket.helmet": "Emmer helm",
  "burlap.headwrap": "Goiing kopdoek",
  "hat.candle": "Kershoed",
  "hat.cap": "Baseball Cap",
  "clatter.helmet": "Clatter Helm",
  "coffeecan.helmet": "Koffie Blik Helm",
  "deer.skull.mask": "Been helm",
  "heavy.plate.helmet": "Swaar plaathelm ",
  "hat.miner": "Myners Hoed",
  "partyhat": "Partytjie hoed ",
  "riot.helmet": "Oproerhelmet",
  "wood.armor.helmet": "Wood Armor Helmet",
  "hoodie": "Kappie",
  "bone.armor.suit": "Been Beskerming",
  "heavy.plate.jacket": "Swaar plaathelm  ",
  "jacket.snow": "Sneeu Kamo-Baadjie ",
  "jacket": "Baadjie",
  "wood.armor.jacket": "Hout-borsplaat",
  "lumberjack hoodie": "Lumberjack Hoodie",
  "mask.balaclava": "Geïmproviseerde Balaclava",
  "mask.bandana": "Bandana Masker",
  "metal.facemask": "Metaal masker",
  "nightvisiongoggles": "Nagvisie-bril ",
  "attire.ninja.suit": "Ninja pak",
  "burlap.trousers": "Goiingbroek",
  "heavy.plate.pants": "Swaar plaathelm",
  "attire.hide.pants": "Leerbroek",
  "roadsign.kilt": "Padteken-plooi",
  "pants.shorts": "Kortbroek",
  "wood.armor.pants": "Hout-gepantserde Broek",
  "pants": "Broek",
  "attire.hide.poncho": "Leer Poncho",
  "burlap.shirt": "Jute hemp",
  "shirt.collared": "Hemp",
  "attire.hide.vest": "Leer Frokkie",
  "shirt.tanktop": "Tank Top ",
  "shoes.boots": "Stewels",
  "burlap.shoes": "Jute skoene",
  "attire.hide.boots": "Leer Stewels",
  "attire.hide.skirt": "Leer romp",
  "attire.banditguard": "Bandiet-wag Pak",
  "hazmatsuit": "Hazmat pak",
  "hazmatsuit_scientist": "Wetenskaplike pak",
  "hazmatsuit_scientist_peacekeeper": "Wetenskaplike pak",
  "hazmatsuit.spacesuit": "Ruimtepak ",
  "scientistsuit_heavy": "Swaar wetenskaplike pak ",
  "jumpsuit.suit.blue": "Blue Jumpsuit",
  "jumpsuit.suit": "Jumpsuit",
  "tshirt.long": "T-hemp met lang moue ",
  "tshirt": "T-hemp",
  "metal.plate.torso": "Metaal Borsplaat",
  "roadsign.jacket": "Padteken Baadjie",
  "bleach": "Bleikmiddel",
  "ducttape": "Kleefband",
  "carburetor1": "Vergasser van lae gehalte",
  "carburetor2": "Vergasser van medium kwaliteit",
  "carburetor3": "Vergasser van hoë gehalte",
  "crankshaft1": "Lae Gehalte Krukas",
  "crankshaft2": "Gemiddelde Gehalte Krukas",
  "crankshaft3": "Hoë Gehalte Krukas",
  "piston1": "Suikers van lae gehalte ",
  "piston2": "Suikers van lae gehalte",
  "piston3": "Suikers van lae gehalte",
  "sparkplug1": "Vonkproppe van lae gehalte ",
  "sparkplug2": "Vonkproppe van medium gehalte ",
  "sparkplug3": "Vonkproppe van hoë gehalte ",
  "valve1": "Low Quality Valves",
  "valve2": "Medium Quality Valves",
  "valve3": "High Quality Valves",
  "fuse": "Elektriese lont",
  "gears": "Ratte",
  "glue": "Gom",
  "metalblade": "Metaal lem",
  "metalpipe": "Metaal pyp",
  "propanetank": "Leë Propaan Tenk",
  "roadsigns": "Padtekens",
  "rope": "Tou",
  "sewingkit": "Naaldwerk stel",
  "sheetmetal": "Plaatmetaal",
  "metalspring": "Metaal veer",
  "sticks": "Stokkies",
  "tarp": "Seil",
  "techparts": "Tegniese Vullis",
  "riflebody": "Geweer Liggaam",
  "semibody": "Half Outomatiese Huising",
  "smgbody": "SMG liggaam ",
  "barricade.concrete": "Beton Versperring",
  "barricade.wood.cover": "Нoutversperring",
  "barricade.metal": "Metaalversperring",
  "barricade.sandbags": "Sandsakversperring",
  "barricade.stone": "Steenversperring",
  "barricade.wood": "Нoutversperring",
  "barricade.woodwire": "Doringdraad houtversperring",
  "bbq": "Braaier",
  "trap.bear": "Klemval",
  "bed": "Bed",
  "campfire": "Kamp vuur",
  "cardtable": "Kaarttafel",
  "ceilinglight": "Dak lig",
  "chair": "Chair",
  "composter": "Komposdrom",
  "computerstation": "Rekenaarstasie",
  "drone": "Dreun ",
  "dropbox": "Drop Box",
  "elevator": "Hysbak",
  "fireplace.stone": "Klipkaggel",
  "firework.boomer.blue": "Blue Boomer",
  "firework.boomer.champagne": "Champagne Boomer",
  "firework.boomer.green": "Groen Boomer",
  "firework.boomer.orange": "Oranje Boomer",
  "firework.boomer.red": "Rooi Boomer",
  "firework.boomer.violet": "Violet Boomer",
  "firework.romancandle.blue": "Blou Romeinse kers",
  "firework.romancandle.green": "Groen Romeinse kers",
  "firework.romancandle.red": "Rooi Romeinse kers",
  "firework.romancandle.violet": "Violet Romeinse kers",
  "firework.volcano": "Wit vulkaan vuurwerk",
  "firework.volcano.red": "Rooi vulkaan vuurwerk",
  "firework.volcano.violet": "Violet vulkaan vuurwerk",
  "spikes.floor": "Grond houtpenne",
  "fridge": "Yskas",
  "furnace.large": "Groot Oond",
  "furnace": "Smeltoond",
  "hitchtroughcombo": "Hitch & Trough ",
  "habrepair": "Hab herstel ",
  "jackolantern.angry": "\"Jack O Lantern\" Kwaadaardig",
  "jackolantern.happy": "Jack O Lantern Gelukkig",
  "trap.landmine": "Landmyn",
  "lantern": "Lantern",
  "box.wooden.large": "Groot hour boks",
  "water.barrel": "Water vat",
  "locker": "Kluis",
  "mailbox": "Posbus ",
  "mixingtable": "Mengtafel ",
  "modularcarlift": "Modulêre motorhysbak ",
  "mining.pumpjack": "Pomp Domkrag",
  "small.oil.refinery": "Klein Olie Verfynery",
  "planter.large": "Groot potplanthouer boks",
  "planter.small": "Klein potplanthouer boks",
  "electric.audioalarm": "Klankalarm",
  "smart.alarm": "Slim alarm ",
  "smart.switch": "Slim skakelaar ",
  "storage.monitor": "Bergingsmonitor ",
  "electric.battery.rechargable.large": "Groot herlaaibare battery",
  "electric.battery.rechargable.medium": "Medium herlaaibare battery",
  "electric.battery.rechargable.small": "Klein herlaaibare battery",
  "electric.button": "Knoppie",
  "electric.counter": "Tellers",
  "electric.hbhfsensor": "HBHF-sensor ",
  "electric.laserdetector": "Laserdetektor ",
  "electric.pressurepad": "Drukblok ",
  "electric.doorcontroller": "Deurbeheerder",
  "electric.heater": "Elektriese Verwarmer",
  "fluid.combiner": "Vloeistof Combiner",
  "fluid.splitter": "Vloeistofverdeler ",
  "fluid.switch": "Vloeistofskakelaar en pomp ",
  "electric.andswitch": "Automatiese Wissel",
  "electric.blocker": "Blokker",
  "electrical.branch": "Elektriese tak",
  "electrical.combiner": "Wortel Combiner",
  "electrical.memorycell": "Geheue sel",
  "electric.orswitch": "OF Skakel ",
  "electric.random.switch": "RAND-skakelaar ",
  "electric.rf.broadcaster": "RF-uitsaaier",
  "electric.rf.receiver": "RF-ontvanger",
  "electric.xorswitch": "XOR Switch",
  "electric.fuelgenerator.small": "Klein Kragopwekker",
  "electric.generator.small": "Toetsopwekker ",
  "electric.solarpanel.large": "Groot sonpaneel ",
  "electric.igniter": "Aansteeker",
  "electric.flasherlight": "Flitslig",
  "electric.simplelight": "Eenvoudige lig ",
  "electric.sirenlight": "Sirene lig",
  "powered.water.purifier": "Aangedrewe watersuiweraar ",
  "electric.switch": "Skakel oor ",
  "electric.splitter": "Splitter ",
  "electric.sprinkler": "sprinkel",
  "electric.teslacoil": "Tesla Coil",
  "electric.timer": "Tydopnemer ",
  "electric.cabletunnel": "Kabel Tonnel",
  "waterpump": "Water Pump",
  "mining.quarry": "Mynbougroef",
  "target.reactive": "Reaktiewe teiken ",
  "box.repair.bench": "Нerstelbank",
  "research.table": "Navorsingstafel",
  "rug.bear": "Rugbeervel ",
  "rug": "Mat",
  "searchlight": "Soek Lig",
  "secretlabchair": "Geheime laboratoriumstoel ",
  "shelves": "Herwinde Rakke",
  "sign.hanging.banner.large": "Groot hangende banier",
  "sign.hanging": "Twee sydige hangende teken",
  "sign.hanging.ornate": "Twee sydige ornamentele hangende bord",
  "sign.pictureframe.landscape": "Landskap fotoraam",
  "sign.pictureframe.portrait": "Portret fotoraam",
  "sign.pictureframe.tall": "Lang Fotoraam",
  "sign.pictureframe.xl": "XL Fotoraam",
  "sign.pictureframe.xxl": "XXL Fotoraam",
  "sign.pole.banner.large": "Groot banier op die paal",
  "sign.post.double": "Dubble die katze",
  "sign.post.single": "Enkelteken",
  "sign.post.town": "Eensydige Dorpteken",
  "sign.post.town.roof": "Tweesydige Dorpteken",
  "sign.wooden.huge": "Massiewe Houtteken",
  "sign.wooden.large": "Groot hout Teken",
  "sign.wooden.medium": "Medium houtbord ",
  "sign.wooden.small": "Klein houtbord",
  "guntrap": "Haelgeweerstap",
  "sleepingbag": "Slaapsak",
  "stash.small": "Klein Pakkie",
  "sofa": "Bank ",
  "spinner.wheel": "Spinwiel ",
  "fishtrap.small": "Oorlewingsvislokval",
  "table": "Tafel",
  "workbench1": "Workbench Level 1",
  "workbench2": "Workbench Level 2",
  "workbench3": "Workbench Level 3",
  "cupboard.tool": "Gereedskapkas",
  "tunalight": "Tuna Blik Lamp",
  "vending.machine": "Outomaat ",
  "water.catcher.large": "Groot Water Vanger",
  "water.catcher.small": "Klein Water Vanger",
  "water.purifier": "Water Suiweraar",
  "generator.wind.scrap": "Wind Turbine",
  "box.wooden": "Hout stoor kis",
  "apple": "Appel",
  "apple.spoiled": "Vrot Appel",
  "black.raspberries": "Moerbeie",
  "blueberries": "Bloubessies",
  "botabag": "Water Sak",
  "grub": "Grub",
  "worm": "Worm",
  "cactusflesh": "Kaktus vlees",
  "can.beans": "Blik boontjies",
  "can.tuna": "Blikkie tuna",
  "chocholate": "Sjokolate staf",
  "fish.anchovy": "Anchovy",
  "fish.catfish": "Catfish",
  "fish.cooked": "Gaar Vis",
  "fish.raw": "Rou Vis",
  "fish.herring": "Herring",
  "fish.minnows": "Ruisvoorn",
  "fish.orangeroughy": "Oranje Roughy",
  "fish.salmon": "Salmon",
  "fish.sardine": "Sardine",
  "fish.smallshark": "Small Shark",
  "fish.troutsmall": "Klein forel ",
  "fish.yellowperch": "Yellow Perch",
  "granolabar": "Gedroogde Bar",
  "chicken.burned": "Verbrande Hoender",
  "chicken.cooked": "Gaar Hoender",
  "chicken.raw": "Rou hoenderborsie",
  "chicken.spoiled": "Vrot Hoender",
  "deermeat.burned": "Verbrande takbokvleis",
  "deermeat.cooked": "Gekookte hertvleis",
  "deermeat.raw": "Rou hertvleis",
  "horsemeat.burned": "Gebrande Mensvleis ",
  "horsemeat.cooked": "Gebraaide wolfsvleis ",
  "horsemeat.raw": "Rou perdevleis",
  "humanmeat.burned": "Gebrande Mensvleis",
  "humanmeat.cooked": "Gaar Mensvleis",
  "humanmeat.raw": "Rou Mensvleis",
  "humanmeat.spoiled": "Bedorwe Mensvleis",
  "bearmeat.burned": "Verbrande Beer Vleis",
  "bearmeat.cooked": "Gaar Beer Vleis",
  "bearmeat": "Rou Beervleis",
  "wolfmeat.burned": "Burnt Wolf Meat",
  "wolfmeat.cooked": "Gebraaide wolfsvleis",
  "wolfmeat.raw": "Rou wolfsvleis",
  "wolfmeat.spoiled": "Verrotte wolfsvleis",
  "meat.pork.burned": "Verbrande Vark Vleis",
  "meat.pork.cooked": "Gaar Vark Vleis",
  "meat.boar": "Rou Vark",
  "mushroom": "Sampioen",
  "jar.pickle": "Pickles",
  "smallwaterbottle": "Klein waterbottel",
  "waterjug": "Water Beker",
  "fun.bass": "Skop Bass",
  "fun.cowbell": "Harzer",
  "drumkit": "Junkyard Drum Kit",
  "fun.flute": "Pan fluit",
  "fun.guitar": "Akoestiese Kitaar",
  "fun.jerrycanguitar": "Jerry Can Kitaar",
  "piano": "Kruiwa klavier",
  "fun.tambourine": "Canbourine",
  "fun.trumpet": "Loodgieter se basuin",
  "fun.tuba": "sousa phone",
  "xylophone": "Xylobone",
  "car.key": "Motorsleutel",
  "door.key": "Sleutel",
  "lock.key": "Sleutel slot ",
  "lock.code": "Kodeslot",
  "blueprintbase": "Bouplan",
  "chineselantern": "Chinese Lantern",
  "dragondoorknocker": "Draakklopster",
  "hat.dragonmask": "Draakmasker",
  "newyeargong": "Nuwejaar Gong ",
  "hat.oxmask": "Osmasker ",
  "hat.ratmask": "Rotmasker",
  "lunar.firecrackers": "Vuurknaller-snaar",
  "arcade.machine.chippy": "Chippy Arcade Game",
  "door.closer": "Deur nader",
  "attire.bunnyears": "Haas Ore",
  "attire.bunny.onesie": "Bunny Onesie",
  "hat.bunnyhat": "Hasiehoed",
  "easterdoorwreath": "Paasfees deur Krans",
  "easterbasket": "Eiermandjie",
  "rustige_egg_a": "Rustig? Eier - Rooi ",
  "rustige_egg_b": "Rustig? Eier - Blou ",
  "rustige_egg_c": "Rustig? Eier - Pers ",
  "rustige_egg_d": "Rustig? Eier - Ivoor ",
  "rustige_egg_e": "Rustig? Eier - Groen",
  "attire.nesthat": "Nest Hat",
  "easter.bronzeegg": "Brons eier",
  "easter.goldegg": "Goue eier",
  "easter.paintedeggs": "Geverfde eier",
  "easter.silveregg": "Silwer eier",
  "halloween.candy": "Halloween-vlermuis ",
  "largecandles": "Groot kersstel",
  "smallcandles": "Klein kersstel ",
  "coffin.storage": "Doodskis",
  "cursedcauldron": "Vervloekte Ketel",
  "gravestone": "Grafsteen",
  "woodcross": "Wooden Cross",
  "wall.graveyard.fence": "Begraafplaasheining ",
  "halloween.lootbag.large": "Groot hour boks ",
  "halloween.lootbag.medium": "Medium buitesak ",
  "halloween.lootbag.small": "Klein buitesak ",
  "pumpkinbasket": "Pampoenemmer ",
  "scarecrow": "voëlverskrikker ",
  "skullspikes.candles": "Skedel Spikes",
  "skullspikes.pumpkin": "Skedel Spikes",
  "skullspikes": "Skedel Spikes",
  "skulldoorknocker": "Skedel Door Knocker ",
  "skull_fire_pit": "Skedelvuurput ",
  "spiderweb": "Spinnekop ",
  "spookyspeaker": "Spooky Speaker ",
  "halloween.surgeonsuit": "Chirurg skrop ",
  "skull.trophy.jar": "Skedeltrofee ",
  "skull.trophy.jar2": "Skedeltrofee ",
  "skull.trophy.table": "Skedeltrofee ",
  "skull.trophy": "Skedeltrofee ",
  "movembermoustachecard": "Movember Snor",
  "movembermoustache": "Movember Snor ",
  "note": "Nota",
  "skull.human": "Mensskedel",
  "abovegroundpool": "Bo-grond swembad",
  "beachchair": "Strandstoel",
  "beachparasol": "Strandsambreel",
  "beachtable": "Strandtafel",
  "beachtowel": "Strandhanddoek",
  "boogieboard": "Swemplank",
  "innertube": "Binneband ",
  "innertube.horse": "Binneband ",
  "innertube.unicorn": "Binneband ",
  "tool.instant_camera": "Onmiddellike kamera ",
  "paddlingpool": "Roeiswembad ",
  "photo": "Foto ",
  "photoframe.landscape": "Landskap fotoraam ",
  "photoframe.large": "Landskap fotoraam",
  "photoframe.portrait": "Portret fotoraam ",
  "sunglasses02black": "Sonbrille ",
  "sunglasses02camo": "Sonbrille ",
  "sunglasses02red": "Sonbrille ",
  "sunglasses03black": "Sonbrille ",
  "sunglasses03chrome": "Sonbrille ",
  "sunglasses03gold": "Sonbrille ",
  "sunglasses": "Sonbrille ",
  "gun.water": "Water Geweer",
  "pistol.water": "Waterpistool ",
  "twitchsunglasses": "Purple Sunglasses",
  "twitch.headset": "Headset",
  "hobobarrel": "Hobo Barrel ",
  "door.hinged.industrial.a": "Industriële deur",
  "candycaneclub": "Snoepgoed klub",
  "xmas.lightstring": "Kersfees ligte ",
  "xmas.door.garland": "Festive Doorway Garland",
  "candycane": "Lekker Staaf",
  "giantcandycanedecor": "Reuse Lekkergoedversiering ",
  "wall.ice.wall": "Kort ysmuur ",
  "wall.external.high.ice": "Hoë ysmuur ",
  "giantlollipops": "Reuse Lollipop Decor ",
  "sign.neon.125x125": "Klein neonbordjie ",
  "sign.neon.125x215.animated": "Medium geanimeerde neonbord ",
  "sign.neon.125x215": "Medium neonbord ",
  "sign.neon.xl.animated": "Groot geanimeerde neonbord ",
  "sign.neon.xl": "Groot neonbord ",
  "pookie.bear": "Pookie Beer",
  "xmas.lightstring.advanced": "Deluxe Christmas Lights",
  "coal": "Steenkool :(",
  "xmas.present.large": "Groot geskenk",
  "xmas.present.medium": "Medium Geskenk",
  "xmas.present.small": "Small Present",
  "sled.xmas": "Slee ",
  "sled": "Slee ",
  "snowmachine": "Sneeimasjien ",
  "snowball": "Sneeubal ",
  "snowballgun": "Sneeubal geweer ",
  "snowman": "Sneeuman",
  "stocking.large": "SUPER Stocking",
  "stocking.small": "Small Stocking",
  "attire.reindeer.headband": "Rendier Antlers",
  "santabeard": "Santa baard ",
  "santahat": "Vader Kersfees hoed",
  "xmas.window.garland": "Festive Window Garland",
  "wrappedgift": "Wrapped Gift",
  "wrappingpaper": "Wrapping Paper",
  "xmasdoorwreath": "Christmas Door Wreath",
  "xmas.decoration.baubels": "Decorative Baubels",
  "xmas.decoration.candycanes": "Decorative Plastic Candy Canes",
  "xmas.decoration.gingerbreadmen": "Decorative Gingerbread Men",
  "xmas.decoration.lights": "Tree Lights",
  "xmas.decoration.pinecone": "Decorative Pinecones",
  "xmas.decoration.star": "Star Tree Topper",
  "xmas.decoration.tinsel": "Decorative Tinsel",
  "xmas.tree": "Christmas Tree",
  "captainslog": "Captain's Log",
  "fishing.tackle": "Fishing Tackle",
  "bottle.vodka": "Vodka Bottle",
  "autoturret": "Automatiese Geweer",
  "flameturret": "Vlam Rewolwer",
  "gloweyes": "Gloeiende oë",
  "ammo.rocket.sam": "SAM Ammo",
  "samsite": "SAM werf ",
  "black.berry": "Swartbessie",
  "clone.black.berry": "Swartbessie kloon",
  "seed.black.berry": "Black Berry Saad ",
  "blue.berry": "Bloubessie",
  "clone.blue.berry": "Blue Berry Clone",
  "seed.blue.berry": "Bloubessie-saad ",
  "green.berry": "Groen Bessie",
  "clone.green.berry": "Groenbessie kloon",
  "seed.green.berry": "Groen bessiesaad ",
  "red.berry": "Rooi Bessie ",
  "clone.red.berry": "Rooibessie Steggie",
  "seed.red.berry": "Rooi bessiesaad ",
  "white.berry": "Wit bessie ",
  "clone.white.berry": "Witbessie Steggie",
  "seed.white.berry": "Witbessiesaad ",
  "yellow.berry": "Geelbessie ",
  "clone.yellow.berry": "Geelbessie Steggie",
  "seed.yellow.berry": "Geelbessiesaad ",
  "corn": "Mielies",
  "clone.corn": "Koring Kloon",
  "seed.corn": "Mielie saad",
  "clone.hemp": "Hennep Kloon",
  "seed.hemp": "Hennep Saad",
  "potato": "Aartappel ",
  "clone.potato": "Aartappelkloon",
  "seed.potato": "Aartappelsaad ",
  "pumpkin": "Pampoen",
  "clone.pumpkin": "Pampoenplant kloon",
  "seed.pumpkin": "Pampoensaad",
  "fat.animal": "Dierevet",
  "battery.small": "Battery - Klein",
  "blood": "Bloed",
  "bone.fragments": "Beenfragmente",
  "cctv.camera": "CCTV kamera",
  "charcoal": "Houtskool",
  "cloth": "Lap",
  "crude.oil": "Ru-olie",
  "diesel_barrel": "Diesel",
  "can.beans.empty": "Leë boontjieblikkie",
  "can.tuna.empty": "Leë Blikkie Tuna",
  "explosives": "Plofstof",
  "fertilizer": "Kompos",
  "gunpowder": "Kruit",
  "horsedung": "Perdemis ",
  "hq.metal.ore": "Hoë Gehalte Metaal Erts",
  "metal.refined": "Hoë Gehalte Metaal",
  "leather": "Leer",
  "lowgradefuel": "Lae Graad Brandstof",
  "metal.fragments": "Stukkies Metaal",
  "metal.ore": "Yster-erts",
  "paper": "Papier",
  "plantfiber": "Plantvesel ",
  "researchpaper": "Navorsings papier",
  "water.salt": "Soutwater",
  "scrap": "Knipsels",
  "stones": "Klippe",
  "sulfur.ore": "Swael Erts",
  "sulfur": "Swael",
  "targeting.computer": "Teiken Rekenaar ",
  "water": "Water",
  "skull.wolf": "Wolfskedel",
  "wood": "Hout",
  "healingtea.advanced": "Gevorderde genesingstee ",
  "healingtea": "Basiese genesingstee ",
  "healingtea.pure": "Basiese genesingstee  ",
  "maxhealthtea.advanced": "Gevorderde Max Health Tea ",
  "maxhealthtea": "Suiwer Max Health Tea",
  "maxhealthtea.pure": "Suiwer Max Health Tea ",
  "oretea.advanced": "Gevorderde ertsee ",
  "oretea": "Basiese ertstee ",
  "oretea.pure": "Suiwer ertstee ",
  "radiationremovetea.advanced": "Gevorderde rad. Verwydering tee ",
  "radiationremovetea": "Rad. Verwydering tee ",
  "radiationremovetea.pure": "Suiwer Rad. Verwydering tee ",
  "radiationresisttea.advanced": "Adv. Anti-Rad tee ",
  "radiationresisttea": "Anti-Rad tee ",
  "radiationresisttea.pure": "Suiwer anti-rad tee ",
  "scraptea.advanced": "Gevorderde skroottee ",
  "scraptea": "Basiese skroottee ",
  "scraptea.pure": "Suiwer skroottee ",
  "woodtea.advanced": "Advanced Wood Tea",
  "woodtea": "Basic Wood Tea",
  "woodtea.pure": "Pure Wood Tea",
  "antiradpills": "Anti-Radiasie Pille",
  "tool.binoculars": "Verkyker ",
  "explosive.timed": "Tydsberekende Plofstofpakkie",
  "tool.camera": "Kamera",
  "rf.detonator": "RF-sender ",
  "fishingrod.handmade": "Handgemaakte visstok",
  "flare": "'n Ligstok",
  "flashlight.held": "Flitslig",
  "geiger.counter": "Geiger-toonbank ",
  "hosetool": "Slanggereedskap ",
  "jackhammer": "Jackhammer ",
  "keycard_blue": "Blou sleutelkaart ",
  "keycard_green": "Groen sleutelkaart ",
  "keycard_red": "Rooi sleutelkaart ",
  "largemedkit": "'N Groot medkit",
  "map": "Papierkaart",
  "syringe.medical": "Mediese Inspuiting",
  "rf_pager": "RF Persoon ",
  "building.planner": "Bouplan",
  "grenade.smoke": "40mm Rook Handgranaat ",
  "supply.signal": "Voorraadsein",
  "surveycharge": "Opnameheffing ",
  "wiretool": "Wire Tool",
  "vehicle.chassis.2mod": "Klein onderstel ",
  "vehicle.chassis.3mod": "Medium onderstel ",
  "vehicle.chassis.4mod": "Groot onderstel ",
  "vehicle.chassis": "Generiese voertuigonderstel ",
  "vehicle.1mod.cockpit": "Cockpit Vehicle Module",
  "vehicle.1mod.cockpit.armored": "Armored Cockpit Vehicle Module",
  "vehicle.1mod.cockpit.with.engine": "Cockpit With Engine Vehicle Module",
  "vehicle.1mod.engine": "Engine Vehicle Module",
  "vehicle.1mod.flatbed": "Flatbed Vehicle Module",
  "vehicle.1mod.passengers.armored": "Armored Passenger Vehicle Module",
  "vehicle.1mod.rear.seats": "Rear Seats Vehicle Module",
  "vehicle.1mod.storage": "Storage Vehicle Module",
  "vehicle.1mod.taxi": "Taxi Vehicle Module",
  "vehicle.2mod.camper": "Camper Vehicle Module",
  "vehicle.2mod.flatbed": "Groot platvoertuigmodule ",
  "vehicle.2mod.fuel.tank": "Brandstoftenkvoertuigmodule ",
  "vehicle.2mod.passengers": "Passasiersvoertuigmodule ",
  "vehicle.module": "Generiese voertuigmodule ",
  "boombox": "Boom Box",
  "fun.boomboxportable": "Draagbare Radio speeler",
  "cassette": "Lang - Speel kasset",
  "cassette.medium": "Middelmatige - Speel kasset",
  "cassette.short": "Kort - Speel kasset",
  "fun.casetterecorder": "Cassette Recorder",
  "discoball": "Disco Ball",
  "discofloor": "Disco vloer",
  "discofloor.largetiles": "Disco vloer",
  "connected.speaker": "wdfw",
  "laserlight": "Laser Light",
  "megaphone": "Megaphone",
  "microphonestand": "Mikrofoonstaander",
  "mobilephone": "Mobile Phone",
  "soundlight": "Sound Light",
  "telephone": "Telefoon",
  "weapon.mod.8x.scope": "16x Zoom Scope",
  "weapon.mod.flashlight": "Weapon flashlight",
  "weapon.mod.holosight": "Holosight",
  "weapon.mod.lasersight": "Weapon Lasersight",
  "weapon.mod.muzzleboost": "Muzzle Boost",
  "weapon.mod.muzzlebrake": "Muzzle Brake",
  "weapon.mod.simplesight": "Simple Handmade Sight",
  "weapon.mod.silencer": "Knaldemper",
  "weapon.mod.small.scope": "8x Zoom Scope",
  "rifle.ak": "Aanvalsgeweer",
  "bandage": "Verband",
  "grenade.beancan": "Boonblikkie Handgranaat",
  "rifle.bolt": "Slotaksie geweer",
  "bone.club": "Beenknuppel",
  "knife.bone": "Beenmes",
  "bow.hunting": "Jag boog",
  "cakefiveyear": "Verjaardagkoek",
  "chainsaw": "Kettingsaag",
  "salvaged.cleaver": "Herwinde Hakmes",
  "bow.compound": "Saamgestelde Boog",
  "crossbow": "Kruisboog",
  "shotgun.double": "Double Loop haelgeweer",
  "pistol.eoka": "Eoka Pistool",
  "grenade.f1": "F1-Granaat",
  "flamethrower": "Vlam blaser",
  "multiplegrenadelauncher": "Verskeie granaatwerper ",
  "knife.butcher": "Slagmes ",
  "pitchfork": "Hooivurk ",
  "sickle": "Sekel ",
  "hammer": "Нamer",
  "hatchet": "Byl",
  "knife.combat": "Bestrydingsmes ",
  "rifle.l96": "L96 geweer ",
  "rifle.lr300": "LR-300 aanvalsgeweer",
  "lmg.m249": "M249",
  "rifle.m39": "M39 Geweer ",
  "pistol.m92": "M92 pistool",
  "mace": "Kierie",
  "machete": "Panga",
  "smg.mp5": "MP5A4",
  "pistol.nailgun": "Naelgeweer ",
  "paddle": "Roei ",
  "pickaxe": "Pickaxe ",
  "shotgun.waterpipe": "Waterpyp-haelgeweer",
  "pistol.python": "Luislang Rewolwer",
  "pistol.revolver": "Rewolwer",
  "rock": "Klip",
  "rocket.launcher": "Vuurpyllanseerder",
  "axe.salvaged": "Herwinde Byl",
  "hammer.salvaged": "Herwinde Hamer",
  "icepick.salvaged": "Herwinde Yspik",
  "explosive.satchel": "Plofbare tas",
  "shotgun.pump": "Pompaksie-haelgeweer",
  "pistol.semiauto": "Semi-outomatiese Pistool",
  "rifle.semiauto": "Semi-outomatiese geweer",
  "smg.2": "Aanmekaargeflansde SMG",
  "shotgun.spas12": "Spas-12 haelgeweer",
  "speargun": "Speargun",
  "stonehatchet": "Klip Gemaakte Byl",
  "stone.pickaxe": "Klip Pik",
  "spear.stone": "Klip Spies",
  "longsword": "Lang Swaard",
  "salvaged.sword": "Herwinde swaard",
  "smg.thompson": "Thompson",
  "toolgun": "Garry's Mod Tool Gun ",
  "torch": "Fakkel",
  "bucket.water": "Water Emmer",
  "spear.wooden": "Houtspies",
  "horse.armor.roadsign": "Roadsign Horse Armor ",
  "horse.armor.wood": "Roadsign Horse Armor",
  "horse.saddle": "Perdsaal ",
  "horse.saddlebag": "Saal sak",
  "horse.shoes.advanced": "Hoë kwaliteit Beeld Gestoor ",
  "horse.shoes.basic": "Basiese perdeskoene"
}