{
  "hat.wolf": "Wolf Hoofbedekking",
  "fogmachine": "Fogger-3000",
  "strobelight": "Strobe Light",
  "kayak": "Kayak",
  "minihelicopter.repair": "MC repair",
  "scraptransportheli.repair": "Knipsel vervoer helikopter herstel",
  "ammo.grenadelauncher.buckshot": "40mm haelgeweer rondtes",
  "ammo.grenadelauncher.he": "40mm HE Handgrenaat",
  "ammo.grenadelauncher.smoke": "40mm Rook Handgranaat",
  "arrow.hv": "Hoë Snelheid vuurpyl",
  "arrow.wooden": "Hout pyl",
  "arrow.bone": "Beenpyl",
  "arrow.fire": "Vuurpyl",
  "ammo.handmade.shell": "Handgemaakte Koeël",
  "ammo.nailgun.nails": "Spyker Nagels",
  "ammo.pistol": "Pistool Koeël",
  "ammo.pistol.fire": "Brandstigtende Pistool Koeël",
  "ammo.pistol.hv": "HS pistoolammunisie",
  "ammo.rifle": "5.56 Geweerammunisie",
  "ammo.rifle.explosive": "Plofbare 5.56 Roer Ammunisie",
  "ammo.rifle.incendiary": "Brandstigtende 5.56 Roer Ammunisie",
  "ammo.rifle.hv": "HS 5.56 Geweerammunisie",
  "ammo.rocket.basic": "Vuurpyl",
  "ammo.rocket.fire": "Brandstigtende Vuurpyl",
  "ammo.rocket.hv": "Hoë-snelheid vuurpyl",
  "ammo.rocket.smoke": "Rook vuurpyl WIP!!!!",
  "ammo.shotgun": "12 Boor-dikte Bokskoot Koeël",
  "ammo.shotgun.fire": "12 Gauge Incendiary Shell",
  "ammo.shotgun.slug": "12 Boor-dikte Koeël",
  "door.double.hinged.metal": "Plaat Dubbel Deur",
  "door.double.hinged.toptier": "Gepantserde Dubbel Deur",
  "door.double.hinged.wood": "Hout Dubbel Deur",
  "door.hinged.metal": "Plaat Metaal Deur",
  "door.hinged.toptier": "Gepantserde Deur",
  "door.hinged.wood": "Hout Deur",
  "floor.grill": "'N vloer rooster",
  "floor.ladder.hatch": "Leer Skuif",
  "floor.triangle.grill": "Floor triangle grill",
  "floor.triangle.ladder.hatch": "Triangle Ladder Hatch",
  "gates.external.high.stone": "Hoë Eksterne Klip Hek",
  "gates.external.high.wood": "Hoë Eksterne Hout Hek",
  "ladder.wooden.wall": "Houtleer",
  "wall.external.high.stone": "Hoë Eksterne Steen Muur",
  "wall.external.high": "Hoë Eksterne Hout Muur",
  "wall.frame.cell.gate": "Tronksel Hek",
  "wall.frame.cell": "Tronksel Muur",
  "wall.frame.fence.gate": "Draad heining hek",
  "wall.frame.fence": "Draad heining",
  "wall.frame.garagedoor": "Garage Door",
  "wall.frame.netting": "Netting",
  "wall.frame.shopfront": "Winkelfront",
  "wall.frame.shopfront.metal": "Metal Shop Front",
  "wall.window.bars.metal": "Metal Window Bars",
  "wall.window.bars.toptier": "Reinforced Window Bars",
  "wall.window.bars.wood": "Hout Venster Drinkplekke",
  "shutter.metal.embrasure.a": "Horisontale metaal vuurgleuf",
  "shutter.metal.embrasure.b": "Vertikale metaal vuurgleuf",
  "wall.window.glass.reinforced": "Reinforced Glass Window",
  "shutter.wood.a": "Hout Blinders",
  "watchtower.wood": "Watch Tower",
  "diving.fins": "Duikvinne",
  "diving.mask": "Duikmasker",
  "diving.tank": "Duik tenk",
  "diving.wetsuit": "exciting",
  "boots.frog": "Kikker Stewels",
  "barrelcostume": "'N Barrel Kostuum",
  "cratecostume": "Krat kostuum",
  "burlap.gloves.new": "Jute handskoene",
  "burlap.gloves": "Leather Gloves",
  "roadsign.gloves": "Roadsign Gloves",
  "tactical.gloves": "Tactical Gloves",
  "ghostsheet": "Ghost Costume",
  "halloween.mummysuit": "Mummy Suit",
  "scarecrow.suit": "Scarecrow Suit",
  "scarecrowhead": "Scarecrow Wrap",
  "attire.hide.helterneck": "Leer Halterneck",
  "hat.beenie": "Beanie Hoed",
  "hat.boonie": "Boonie Hoed",
  "bucket.helmet": "Emmer helm",
  "burlap.headwrap": "Goiing kopdoek",
  "hat.candle": "Kershoed",
  "hat.cap": "Baseball Cap",
  "clatter.helmet": "Clatter Helm",
  "coffeecan.helmet": "Koffie Blik Helm",
  "deer.skull.mask": "Been helm",
  "heavy.plate.helmet": "Heavy Plate Helmet",
  "hat.miner": "Myners Hoed",
  "partyhat": "Party Hat",
  "riot.helmet": "Oproerhelmet",
  "wood.armor.helmet": "Wood Armor Helmet",
  "hoodie": "Kappie",
  "bone.armor.suit": "Been Beskerming",
  "heavy.plate.jacket": "Heavy Plate Jacket",
  "jacket.snow": "Snow Jacket",
  "jacket": "Baadjie",
  "wood.armor.jacket": "Hout-borsplaat",
  "mask.balaclava": "Geïmproviseerde Balaclava",
  "mask.bandana": "Bandana Masker",
  "metal.facemask": "Metaal masker",
  "nightvisiongoggles": "Night Vision Goggles",
  "burlap.trousers": "Goiingbroek",
  "heavy.plate.pants": "Heavy Plate Pants",
  "attire.hide.pants": "Leerbroek",
  "roadsign.kilt": "Padteken-plooi",
  "pants.shorts": "Kortbroek",
  "wood.armor.pants": "Hout-gepantserde Broek",
  "pants": "Broek",
  "attire.hide.poncho": "Leer Poncho",
  "burlap.shirt": "Jute hemp",
  "shirt.collared": "Hemp",
  "attire.hide.vest": "Leer Frokkie",
  "shirt.tanktop": "Tank Top",
  "shoes.boots": "Stewels",
  "burlap.shoes": "Jute skoene",
  "attire.hide.boots": "Leer Stewels",
  "attire.hide.skirt": "Leer romp",
  "attire.banditguard": "Bandiet-wag Pak",
  "hazmatsuit": "Hazmat pak",
  "hazmatsuit_scientist": "Scientist Suit",
  "hazmatsuit_scientist_peacekeeper": "Scientist Suit",
  "hazmatsuit.spacesuit": "Space Suit",
  "scientistsuit_heavy": "Heavy Scientist Suit",
  "tshirt.long": "Longsleeve T-Shirt",
  "tshirt": "T-hemp",
  "metal.plate.torso": "Metaal Borsplaat",
  "roadsign.jacket": "Padteken Baadjie",
  "bleach": "Bleikmiddel",
  "ducttape": "Kleefband",
  "carburetor1": "Vergasser van lae gehalte",
  "carburetor2": "Vergasser van medium kwaliteit",
  "carburetor3": "Vergasser van hoë gehalte",
  "crankshaft1": "Lae Gehalte Krukas",
  "crankshaft2": "Gemiddelde Gehalte Krukas",
  "crankshaft3": "Hoë Gehalte Krukas",
  "piston1": "Low Quality Pistons",
  "piston2": "Medium Quality Pistons",
  "piston3": "High Quality Pistons",
  "sparkplug1": "Low Quality Spark Plugs",
  "sparkplug2": "Medium Quality Spark Plugs",
  "sparkplug3": "High Quality Spark Plugs",
  "valve1": "Low Quality Valves",
  "valve2": "Medium Quality Valves",
  "valve3": "High Quality Valves",
  "fuse": "Elektriese lont",
  "gears": "Ratte",
  "glue": "Gom",
  "metalblade": "Metaal lem",
  "metalpipe": "Metaal pyp",
  "propanetank": "Leë Propaan Tenk",
  "roadsigns": "Padtekens",
  "rope": "Tou",
  "sewingkit": "Naaldwerk stel",
  "sheetmetal": "Plaatmetaal",
  "metalspring": "Metaal veer",
  "sticks": "Stokkies",
  "tarp": "Seil",
  "techparts": "Tegniese Vullis",
  "riflebody": "Geweer Liggaam",
  "semibody": "Half Outomatiese Huising",
  "smgbody": "SMG Body",
  "barricade.concrete": "Beton Versperring",
  "barricade.wood.cover": "Нoutversperring",
  "barricade.metal": "Metaalversperring",
  "barricade.sandbags": "Sandsakversperring",
  "barricade.stone": "Steenversperring",
  "barricade.wood": "Нoutversperring",
  "barricade.woodwire": "Doringdraad houtversperring",
  "bbq": "Braaier",
  "trap.bear": "Klemval",
  "bed": "Bed",
  "campfire": "Kamp vuur",
  "ceilinglight": "Dak lig",
  "chair": "Chair",
  "composter": "Komposdrom",
  "computerstation": "Rekenaarstasie",
  "dropbox": "Drop Box",
  "elevator": "Hysbak",
  "fireplace.stone": "Klipkaggel",
  "firework.boomer.blue": "Blue Boomer",
  "firework.boomer.champagne": "Champagne Boomer",
  "firework.boomer.green": "Groen Boomer",
  "firework.boomer.orange": "Oranje Boomer",
  "firework.boomer.red": "Rooi Boomer",
  "firework.boomer.violet": "Violet Boomer",
  "firework.romancandle.blue": "Blou Romeinse kers",
  "firework.romancandle.green": "Groen Romeinse kers",
  "firework.romancandle.red": "Rooi Romeinse kers",
  "firework.romancandle.violet": "Violet Romeinse kers",
  "firework.volcano": "Wit vulkaan vuurwerk",
  "firework.volcano.red": "Rooi vulkaan vuurwerk",
  "firework.volcano.violet": "Violet vulkaan vuurwerk",
  "spikes.floor": "Grond houtpenne",
  "fridge": "Yskas",
  "furnace.large": "Groot Oond",
  "furnace": "Smeltoond",
  "hitchtroughcombo": "Hitch & Trough",
  "habrepair": "Hab Repair",
  "jackolantern.angry": "\"Jack O Lantern\" Kwaadaardig",
  "jackolantern.happy": "Jack O Lantern Gelukkig",
  "trap.landmine": "Landmyn",
  "lantern": "Lantern",
  "box.wooden.large": "Groot hour boks",
  "water.barrel": "Water vat",
  "locker": "Kluis",
  "mailbox": "Mail Box",
  "mixingtable": "Mixing Table",
  "modularcarlift": "Modular Car Lift",
  "mining.pumpjack": "Pomp Domkrag",
  "small.oil.refinery": "Klein Olie Verfynery",
  "planter.large": "Groot potplanthouer boks",
  "planter.small": "Klein potplanthouer boks",
  "electric.audioalarm": "Klankalarm",
  "smart.alarm": "Smart Alarm",
  "smart.switch": "Smart Switch",
  "storage.monitor": "Storage Monitor",
  "electric.battery.rechargable.large": "Groot herlaaibare battery",
  "electric.battery.rechargable.medium": "Medium herlaaibare battery",
  "electric.battery.rechargable.small": "Klein herlaaibare battery",
  "electric.button": "Knoppie",
  "electric.counter": "Tellers",
  "electric.hbhfsensor": "HBHF Sensor",
  "electric.laserdetector": "Laser Detector",
  "electric.pressurepad": "Pressure Pad",
  "electric.doorcontroller": "Deurbeheerder",
  "electric.heater": "Elektriese Verwarmer",
  "fluid.combiner": "Fluid Combiner",
  "fluid.splitter": "Fluid Splitter",
  "fluid.switch": "Fluid Switch & Pump",
  "electric.andswitch": "Automatiese Wissel",
  "electric.blocker": "Blokker",
  "electrical.branch": "Elektriese tak",
  "electrical.combiner": "Wortel Combiner",
  "electrical.memorycell": "Geheue sel",
  "electric.orswitch": "OR Switch",
  "electric.random.switch": "RAND Switch",
  "electric.rf.broadcaster": "RF-uitsaaier",
  "electric.rf.receiver": "RF-ontvanger",
  "electric.xorswitch": "XOR Switch",
  "electric.fuelgenerator.small": "Klein Kragopwekker",
  "electric.generator.small": "Test Generator",
  "electric.solarpanel.large": "Large Solar Panel",
  "electric.igniter": "Aansteeker",
  "electric.flasherlight": "Flitslig",
  "electric.simplelight": "Simple Light",
  "electric.sirenlight": "Sirene lig",
  "powered.water.purifier": "Powered Water Purifier",
  "electric.switch": "Switch",
  "electric.splitter": "Splitter",
  "electric.sprinkler": "sprinkel",
  "electric.teslacoil": "Tesla Coil",
  "electric.timer": "Timer",
  "electric.cabletunnel": "Kabel Tonnel",
  "waterpump": "Water Pump",
  "mining.quarry": "Mynbougroef",
  "target.reactive": "Reactive Target",
  "box.repair.bench": "Нerstelbank",
  "research.table": "Navorsingstafel",
  "rug.bear": "Rug Bear Skin",
  "rug": "Mat",
  "searchlight": "Soek Lig",
  "secretlabchair": "Secret Lab Chair",
  "shelves": "Herwinde Rakke",
  "sign.hanging.banner.large": "Groot hangende banier",
  "sign.hanging": "Twee sydige hangende teken",
  "sign.hanging.ornate": "Twee sydige ornamentele hangende bord",
  "sign.pictureframe.landscape": "Landskap fotoraam",
  "sign.pictureframe.portrait": "Portret fotoraam",
  "sign.pictureframe.tall": "Lang Fotoraam",
  "sign.pictureframe.xl": "XL Fotoraam",
  "sign.pictureframe.xxl": "XXL Fotoraam",
  "sign.pole.banner.large": "Groot banier op die paal",
  "sign.post.double": "Dubble die katze",
  "sign.post.single": "Enkelteken",
  "sign.post.town": "Eensydige Dorpteken",
  "sign.post.town.roof": "Tweesydige Dorpteken",
  "sign.wooden.huge": "Massiewe Houtteken",
  "sign.wooden.large": "Groot hout Teken",
  "sign.wooden.medium": "Medium Wooden Sign",
  "sign.wooden.small": "Klein houtbord",
  "guntrap": "Haelgeweerstap",
  "sleepingbag": "Slaapsak",
  "stash.small": "Klein Pakkie",
  "spinner.wheel": "Spinning wheel",
  "fishtrap.small": "Oorlewingsvislokval",
  "table": "Tafel",
  "workbench1": "Work Bench Level 1",
  "workbench2": "Work Bench Level 2",
  "workbench3": "Work Bench Level 3",
  "cupboard.tool": "Gereedskapkas",
  "tunalight": "Tuna Blik Lamp",
  "vending.machine": "Vending Machine",
  "water.catcher.large": "Groot Water Vanger",
  "water.catcher.small": "Klein Water Vanger",
  "water.purifier": "Water Suiweraar",
  "generator.wind.scrap": "Wind Turbine",
  "box.wooden": "Hout stoor kis",
  "apple": "Appel",
  "apple.spoiled": "Vrot Appel",
  "black.raspberries": "Moerbeie",
  "blueberries": "Bloubessies",
  "botabag": "Water Sak",
  "cactusflesh": "Kaktus vlees",
  "can.beans": "Blik boontjies",
  "can.tuna": "Blikkie tuna",
  "chocholate": "Sjokolate staf",
  "fish.cooked": "Gaar Vis",
  "fish.raw": "Rou Vis",
  "fish.minnows": "Ruisvoorn",
  "fish.troutsmall": "Small Trout",
  "granolabar": "Gedroogde Bar",
  "chicken.burned": "Verbrande Hoender",
  "chicken.cooked": "Gaar Hoender",
  "chicken.raw": "Rou hoenderborsie",
  "chicken.spoiled": "Vrot Hoender",
  "deermeat.burned": "Verbrande takbokvleis",
  "deermeat.cooked": "Gekookte hertvleis",
  "deermeat.raw": "Rou hertvleis",
  "horsemeat.burned": "Burnt Horse Meat",
  "horsemeat.cooked": "Cooked Horse Meat",
  "horsemeat.raw": "Raw Horse Meat",
  "humanmeat.burned": "Gebrande Mensvleis",
  "humanmeat.cooked": "Gaar Mensvleis",
  "humanmeat.raw": "Rou Mensvleis",
  "humanmeat.spoiled": "Bedorwe Mensvleis",
  "bearmeat.burned": "Verbrande Beer Vleis",
  "bearmeat.cooked": "Gaar Beer Vleis",
  "bearmeat": "Rou Beervleis",
  "wolfmeat.burned": "Burnt Wolf Meat",
  "wolfmeat.cooked": "Gebraaide wolfsvleis",
  "wolfmeat.raw": "Rou wolfsvleis",
  "wolfmeat.spoiled": "Verrotte wolfsvleis",
  "meat.pork.burned": "Verbrande Vark Vleis",
  "meat.pork.cooked": "Gaar Vark Vleis",
  "meat.boar": "Rou Vark",
  "mushroom": "Sampioen",
  "jar.pickle": "Pickles",
  "smallwaterbottle": "Klein waterbottel",
  "waterjug": "Water Beker",
  "fun.bass": "Skop Bass",
  "fun.cowbell": "Harzer",
  "drumkit": "Junkyard Drum Kit",
  "fun.flute": "Pan fluit",
  "fun.guitar": "Akoestiese Kitaar",
  "fun.jerrycanguitar": "Jerry Can Kitaar",
  "piano": "Kruiwa klavier",
  "fun.tambourine": "Canbourine",
  "fun.trumpet": "Loodgieter se basuin",
  "fun.tuba": "sousa phone",
  "xylophone": "Xylobone",
  "car.key": "Motorsleutel",
  "door.key": "Sleutel",
  "lock.key": "Key Lock",
  "lock.code": "Kodeslot",
  "blueprintbase": "Bouplan",
  "chineselantern": "Chinese Lantern",
  "dragondoorknocker": "Draakklopster",
  "hat.dragonmask": "Draakmasker",
  "newyeargong": "New Year Gong",
  "hat.ratmask": "Rat Mask",
  "lunar.firecrackers": "Vuurknaller-snaar",
  "arcade.machine.chippy": "Chippy Arcade Game",
  "door.closer": "Deur nader",
  "attire.bunnyears": "Haas Ore",
  "attire.bunny.onesie": "Bunny Onesie",
  "easterdoorwreath": "Paasfees deur Krans",
  "easterbasket": "Eiermandjie",
  "rustige_egg_a": "Rustig? Egg - Red",
  "rustige_egg_b": "Rustig? Egg - Blue",
  "rustige_egg_c": "Rustig? Egg - Purple",
  "rustige_egg_d": "Rustig? Egg - Ivory",
  "attire.nesthat": "Nest Hat",
  "easter.bronzeegg": "Brons eier",
  "easter.goldegg": "Goue eier",
  "easter.paintedeggs": "Geverfde eier",
  "easter.silveregg": "Silwer eier",
  "halloween.candy": "Halloween Candy",
  "largecandles": "Large Candle Set",
  "smallcandles": "Small Candle Set",
  "coffin.storage": "Doodskis",
  "cursedcauldron": "Vervloekte Ketel",
  "gravestone": "Gravestone",
  "woodcross": "Wooden Cross",
  "wall.graveyard.fence": "Graveyard Fence",
  "halloween.lootbag.large": "Large Loot Bag",
  "halloween.lootbag.medium": "Medium Loot Bag",
  "halloween.lootbag.small": "Small Loot Bag",
  "pumpkinbasket": "Pumpkin Bucket",
  "scarecrow": "Scarecrow",
  "skullspikes.candles": "Skull Spikes",
  "skullspikes.pumpkin": "Skull Spikes",
  "skullspikes": "Skull Spikes",
  "skulldoorknocker": "Skull Door Knocker",
  "skull_fire_pit": "Skull Fire Pit",
  "spiderweb": "Spider Webs",
  "spookyspeaker": "Spooky Speaker",
  "halloween.surgeonsuit": "Surgeon Scrubs",
  "skull.trophy.jar": "Skull Trophy",
  "skull.trophy.jar2": "Skull Trophy",
  "skull.trophy.table": "Skull Trophy",
  "skull.trophy": "Skull Trophy",
  "note": "Nota",
  "skull.human": "Mensskedel",
  "abovegroundpool": "Bo-grond swembad",
  "beachchair": "Strandstoel",
  "beachparasol": "Strandsambreel",
  "beachtable": "Strandtafel",
  "beachtowel": "Strandhanddoek",
  "boogieboard": "Swemplank",
  "innertube": "Inner Tube",
  "innertube.horse": "Inner Tube",
  "innertube.unicorn": "Inner Tube",
  "tool.instant_camera": "Instant Camera",
  "paddlingpool": "Paddling Pool",
  "photo": "Photograph",
  "photoframe.landscape": "Landscape Photo Frame",
  "photoframe.large": "Large Photo Frame",
  "photoframe.portrait": "Portrait Photo Frame",
  "sunglasses02black": "Sunglasses",
  "sunglasses02camo": "Sunglasses",
  "sunglasses02red": "Sunglasses",
  "sunglasses03black": "Sunglasses",
  "sunglasses03chrome": "Sunglasses",
  "sunglasses03gold": "Sunglasses",
  "sunglasses": "Sunglasses",
  "gun.water": "Water Gun",
  "pistol.water": "Water Pistol",
  "candycaneclub": "Snoepgoed klub",
  "xmas.lightstring": "Christmas Lights",
  "xmas.door.garland": "Festive Doorway Garland",
  "candycane": "Lekker Staaf",
  "giantcandycanedecor": "Giant Candy Decor",
  "giantlollipops": "Giant Lollipop Decor",
  "pookie.bear": "Pookie Beer",
  "xmas.lightstring.advanced": "Deluxe Christmas Lights",
  "coal": "Steenkool :(",
  "xmas.present.large": "Groot geskenk",
  "xmas.present.medium": "Medium Geskenk",
  "xmas.present.small": "Small Present",
  "snowmachine": "Snow Machine",
  "snowball": "Snowball",
  "snowman": "Sneeuman",
  "stocking.large": "SUPER Stocking",
  "stocking.small": "Small Stocking",
  "attire.reindeer.headband": "Rendier Antlers",
  "santabeard": "Santa Beard",
  "santahat": "Vader Kersfees hoed",
  "xmas.window.garland": "Festive Window Garland",
  "wrappedgift": "Wrapped Gift",
  "wrappingpaper": "Wrapping Paper",
  "xmasdoorwreath": "Christmas Door Wreath",
  "xmas.decoration.baubels": "Decorative Baubels",
  "xmas.decoration.candycanes": "Decorative Plastic Candy Canes",
  "xmas.decoration.gingerbreadmen": "Decorative Gingerbread Men",
  "xmas.decoration.lights": "Tree Lights",
  "xmas.decoration.pinecone": "Decorative Pinecones",
  "xmas.decoration.star": "Star Tree Topper",
  "xmas.decoration.tinsel": "Decorative Tinsel",
  "xmas.tree": "Christmas Tree",
  "autoturret": "Automatiese Geweer",
  "flameturret": "Vlam Rewolwer",
  "gloweyes": "Glowing Eyes",
  "ammo.rocket.sam": "SAM Ammo",
  "samsite": "SAM Site",
  "black.berry": "Swartbessie",
  "clone.black.berry": "Swartbessie kloon",
  "seed.black.berry": "Black Berry Seed",
  "blue.berry": "Bloubessie",
  "clone.blue.berry": "Blue Berry Clone",
  "seed.blue.berry": "Blue Berry Seed",
  "green.berry": "Green Berry",
  "clone.green.berry": "Groenbessie kloon",
  "seed.green.berry": "Green Berry Seed",
  "red.berry": "Red Berry",
  "clone.red.berry": "Rooibessie Steggie",
  "seed.red.berry": "Red Berry Seed",
  "white.berry": "White Berry",
  "clone.white.berry": "Witbessie Steggie",
  "seed.white.berry": "White Berry Seed",
  "yellow.berry": "Yellow Berry",
  "clone.yellow.berry": "Geelbessie Steggie",
  "seed.yellow.berry": "Yellow Berry Seed",
  "corn": "Mielies",
  "clone.corn": "Koring Kloon",
  "seed.corn": "Mielie saad",
  "clone.hemp": "Hennep Kloon",
  "seed.hemp": "Hennep Saad",
  "potato": "Potato",
  "clone.potato": "Aartappelkloon",
  "seed.potato": "Potato Seed",
  "pumpkin": "Pampoen",
  "clone.pumpkin": "Pampoenplant kloon",
  "seed.pumpkin": "Pampoensaad",
  "fat.animal": "Dierevet",
  "battery.small": "Battery - Klein",
  "blood": "Bloed",
  "bone.fragments": "Beenfragmente",
  "cctv.camera": "CCTV kamera",
  "charcoal": "Houtskool",
  "cloth": "Lap",
  "crude.oil": "Ru-olie",
  "diesel_barrel": "Diesel",
  "can.beans.empty": "Leë boontjieblikkie",
  "can.tuna.empty": "Leë Blikkie Tuna",
  "explosives": "Plofstof",
  "fertilizer": "Kompos",
  "gunpowder": "Kruit",
  "horsedung": "Horse Dung",
  "hq.metal.ore": "Hoë Gehalte Metaal Erts",
  "metal.refined": "Hoë Gehalte Metaal",
  "leather": "Leer",
  "lowgradefuel": "Lae Graad Brandstof",
  "metal.fragments": "Stukkies Metaal",
  "metal.ore": "Yster-erts",
  "paper": "Papier",
  "plantfiber": "Plant Fiber",
  "researchpaper": "Navorsings papier",
  "water.salt": "Soutwater",
  "scrap": "Knipsels",
  "stones": "Klippe",
  "sulfur.ore": "Swael Erts",
  "sulfur": "Swael",
  "targeting.computer": "Targeting Computer",
  "water": "Water",
  "skull.wolf": "Wolfskedel",
  "wood": "Hout",
  "healingtea.advanced": "Advanced Healing Tea",
  "healingtea": "Basic Healing Tea",
  "healingtea.pure": "Pure Healing Tea",
  "maxhealthtea.advanced": "Advanced Max Health Tea",
  "maxhealthtea": "Basic Max Health Tea",
  "maxhealthtea.pure": "Pure Max Health Tea",
  "oretea.advanced": "Advanced Ore Tea",
  "oretea": "Basic Ore Tea",
  "oretea.pure": "Pure Ore Tea",
  "radiationremovetea.advanced": "Advanced Rad. Removal Tea",
  "radiationremovetea": "Rad. Removal Tea",
  "radiationremovetea.pure": "Pure Rad. Removal Tea",
  "radiationresisttea.advanced": "Adv. Anti-Rad Tea",
  "radiationresisttea": "Anti-Rad Tea",
  "radiationresisttea.pure": "Pure Anti-Rad Tea",
  "scraptea.advanced": "Advanced Scrap Tea",
  "scraptea": "Basic Scrap Tea",
  "scraptea.pure": "Pure Scrap Tea",
  "woodtea.advanced": "Advanced Wood Tea",
  "woodtea": "Basic Wood Tea",
  "woodtea.pure": "Pure Wood Tea",
  "antiradpills": "Anti-Radiasie Pille",
  "tool.binoculars": "Binoculars",
  "explosive.timed": "Tydsberekende Plofstofpakkie",
  "tool.camera": "Kamera",
  "rf.detonator": "RF Transmitter",
  "fishingrod.handmade": "Handgemaakte visstok",
  "flare": "'n Ligstok",
  "flashlight.held": "Flitslig",
  "geiger.counter": "Geiger Counter",
  "hosetool": "Hose Tool",
  "jackhammer": "Jackhammer",
  "keycard_blue": "Blue Keycard",
  "keycard_green": "Green Keycard",
  "keycard_red": "Red Keycard",
  "largemedkit": "'N Groot medkit",
  "map": "Papierkaart",
  "syringe.medical": "Mediese Inspuiting",
  "rf_pager": "RF Pager",
  "building.planner": "Bouplan",
  "grenade.smoke": "Smoke Grenade",
  "supply.signal": "Voorraadsein",
  "surveycharge": "Survey Charge",
  "wiretool": "Wire Tool",
  "vehicle.chassis.2mod": "Small Chassis",
  "vehicle.chassis.3mod": "Medium Chassis",
  "vehicle.chassis.4mod": "Large Chassis",
  "vehicle.chassis": "Generic vehicle chassis",
  "vehicle.1mod.cockpit": "Cockpit Vehicle Module",
  "vehicle.1mod.cockpit.armored": "Armored Cockpit Vehicle Module",
  "vehicle.1mod.cockpit.with.engine": "Cockpit With Engine Vehicle Module",
  "vehicle.1mod.engine": "Engine Vehicle Module",
  "vehicle.1mod.flatbed": "Flatbed Vehicle Module",
  "vehicle.1mod.passengers.armored": "Armored Passenger Vehicle Module",
  "vehicle.1mod.rear.seats": "Rear Seats Vehicle Module",
  "vehicle.1mod.storage": "Storage Vehicle Module",
  "vehicle.2mod.flatbed": "Large Flatbed Vehicle Module",
  "vehicle.2mod.fuel.tank": "Fuel Tank Vehicle Module",
  "vehicle.2mod.passengers": "Passenger Vehicle Module",
  "vehicle.module": "Generic vehicle module",
  "weapon.mod.8x.scope": "16x Zoom Scope",
  "weapon.mod.flashlight": "Weapon flashlight",
  "weapon.mod.holosight": "Holosight",
  "weapon.mod.lasersight": "Weapon Lasersight",
  "weapon.mod.muzzleboost": "Muzzle Boost",
  "weapon.mod.muzzlebrake": "Muzzle Brake",
  "weapon.mod.simplesight": "Simple Handmade Sight",
  "weapon.mod.silencer": "Knaldemper",
  "weapon.mod.small.scope": "8x Zoom Scope",
  "rifle.ak": "Aanvalsgeweer",
  "bandage": "Verband",
  "grenade.beancan": "Boonblikkie Handgranaat",
  "rifle.bolt": "Slotaksie geweer",
  "bone.club": "Beenknuppel",
  "knife.bone": "Beenmes",
  "bow.hunting": "Jag boog",
  "cakefiveyear": "Verjaardagkoek",
  "chainsaw": "Kettingsaag",
  "salvaged.cleaver": "Herwinde Hakmes",
  "bow.compound": "Saamgestelde Boog",
  "crossbow": "Kruisboog",
  "shotgun.double": "Double Loop haelgeweer",
  "pistol.eoka": "Eoka Pistool",
  "grenade.f1": "F1-Granaat",
  "flamethrower": "Vlam blaser",
  "multiplegrenadelauncher": "Multiple Grenade Launcher",
  "knife.butcher": "Butcher Knife",
  "pitchfork": "Pitchfork",
  "sickle": "Sickle",
  "hammer": "Нamer",
  "hatchet": "Byl",
  "knife.combat": "Combat Knife",
  "rifle.l96": "L96 Rifle",
  "rifle.lr300": "LR-300 aanvalsgeweer",
  "lmg.m249": "M249",
  "rifle.m39": "M39 Rifle",
  "pistol.m92": "M92 pistool",
  "mace": "Kierie",
  "machete": "Panga",
  "smg.mp5": "MP5A4",
  "pistol.nailgun": "Nailgun",
  "paddle": "Paddle",
  "pickaxe": "Pickaxe",
  "shotgun.waterpipe": "Waterpyp-haelgeweer",
  "pistol.python": "Luislang Rewolwer",
  "pistol.revolver": "Rewolwer",
  "rock": "Klip",
  "rocket.launcher": "Vuurpyllanseerder",
  "axe.salvaged": "Herwinde Byl",
  "hammer.salvaged": "Herwinde Hamer",
  "icepick.salvaged": "Herwinde Yspik",
  "explosive.satchel": "Plofbare tas",
  "shotgun.pump": "Pompaksie-haelgeweer",
  "pistol.semiauto": "Semi-outomatiese Pistool",
  "rifle.semiauto": "Semi-outomatiese geweer",
  "smg.2": "Aanmekaargeflansde SMG",
  "shotgun.spas12": "Spas-12 haelgeweer",
  "stonehatchet": "Klip Gemaakte Byl",
  "stone.pickaxe": "Klip Pik",
  "spear.stone": "Klip Spies",
  "longsword": "Lang Swaard",
  "salvaged.sword": "Herwinde swaard",
  "smg.thompson": "Thompson",
  "toolgun": "Garry's Mod Tool Gun",
  "torch": "Fakkel",
  "bucket.water": "Water Emmer",
  "spear.wooden": "Houtspies",
  "horse.armor.roadsign": "Roadsign Horse Armor",
  "horse.armor.wood": "Wooden Horse Armor",
  "horse.saddlebag": "Saddle bag",
  "horse.shoes.advanced": "High Quality Horse Shoes",
  "horse.shoes.basic": "Basic Horse Shoes"
}